/* SPDX-License-Identifier: GPL-2.0 */
/*
 * Copyright (c) 2019 MediaTek Inc.
 */
/*****************************************************************************
 *
 * Filename:
 * ---------
 *	 warholovx9500wide_Sensor_setting.h
 *
 * Project:
 * --------
 * Description:
 * ------------
 *	 CMOS sensor header file
 *
 ****************************************************************************/
#ifndef _WARHOLOVX9500WIDE_SENSOR_SETTING_H
#define _WARHOLOVX9500WIDE_SENSOR_SETTING_H

#include "kd_camera_typedef.h"

// NOTE:
// for 2 exp setting,  VCID of LE/SE should be 0x00 and 0x02
// which align 3 exp setting LE/NE/SE 0x00,  0x01,  0x02
// to seamless switch,  VC ID of SE should remain the same
// SONY sensor: VCID of 2nd frame at 0x3070; VCID of 3rd frame at 0x3080
// must be two different value


//XiaoMi_O12U_OVX9500_setting_0324_V1.7_for_XIAOMI
// mipi rate : 3264 Msps/Trio
static u16 warholovx9500wide_init_setting[] = {
	0x0103, 0x01,
	0x0309, 0x02,
	0x0316, 0x3c,
	0x0321, 0x03,
	0x032f, 0xa0,
	0x0341, 0x03,
	0x034f, 0xa0,
	0x100b, 0x4f,
	0x100e, 0x54,
	0x1013, 0x36,
	0x101b, 0x4f,
	0x101e, 0xa4,
	0x1033, 0x4b,
	0x1037, 0xa2,
	0x103f, 0x4b,
	0x1043, 0x82,
	0x104b, 0x00,
	0x1082, 0x5b,
	0x1086, 0x5c,
	0x108a, 0x5d,
	0x108e, 0xab,
	0x1092, 0xac,
	0x1096, 0xad,
	0x10a2, 0x3d,
	0x10a6, 0x3f,
	0x10aa, 0x42,
	0x10b3, 0x02,
	0x10bf, 0x06,
	0x10d2, 0x56,
	0x10d3, 0x10,
	0x10d6, 0xa6,
	0x10d7, 0x10,
	0x1191, 0x64,
	0x1193, 0x65,
	0x11f5, 0x1e,
	0x11f6, 0x00,
	0x11f7, 0x21,
	0x1201, 0x1e,
	0x1202, 0x00,
	0x1203, 0x21,
	0x1205, 0xf1,
	0x1207, 0xfd,
	0x120d, 0x1e,
	0x120e, 0x00,
	0x120f, 0x21,
	0x1219, 0x1e,
	0x121a, 0x00,
	0x121b, 0x21,
	0x121d, 0xf1,
	0x121f, 0xfd,
	0x123d, 0x1e,
	0x123f, 0x21,
	0x124d, 0x1e,
	0x124f, 0x21,
	0x1253, 0xfd,
	0x125d, 0x1e,
	0x125f, 0x21,
	0x126d, 0x1e,
	0x126f, 0x21,
	0x1273, 0xfd,
	0x12a7, 0x39,
	0x12b3, 0xfd,
	0x12b7, 0x39,
	0x12c7, 0x39,
	0x12d3, 0xfd,
	0x12d7, 0x39,
	0x12ef, 0x71,
	0x1305, 0x03,
	0x1307, 0x6f,
	0x1309, 0x73,
	0x130b, 0xb3,
	0x131f, 0x5e,
	0x1323, 0xae,
	0x1327, 0xea,
	0x132b, 0x26,
	0x132f, 0x62,
	0x1337, 0x5c,
	0x133b, 0xac,
	0x133f, 0xe8,
	0x1343, 0x24,
	0x1347, 0x60,
	0x134f, 0x5c,
	0x1353, 0xac,
	0x1357, 0xe8,
	0x135b, 0x24,
	0x135f, 0x60,
	0x1367, 0x5d,
	0x136b, 0xad,
	0x136f, 0xe9,
	0x1373, 0x25,
	0x1377, 0x61,
	0x137f, 0x5d,
	0x1383, 0xad,
	0x1387, 0xe9,
	0x138b, 0x25,
	0x138f, 0x61,
	0x1397, 0x5e,
	0x139b, 0xae,
	0x139f, 0xea,
	0x13a3, 0x26,
	0x13a7, 0x62,
	0x13af, 0x5e,
	0x13b3, 0xae,
	0x13b7, 0xea,
	0x13bb, 0x26,
	0x13bf, 0x62,
	0x13df, 0x5c,
	0x13e3, 0xac,
	0x13e7, 0xe8,
	0x13eb, 0x24,
	0x13ef, 0x60,
	0x13f7, 0x5d,
	0x13fb, 0xad,
	0x13ff, 0xe9,
	0x1403, 0x25,
	0x1407, 0x61,
	0x140f, 0x5d,
	0x1413, 0xad,
	0x1417, 0xe9,
	0x141b, 0x25,
	0x141f, 0x61,
	0x1427, 0x5e,
	0x142b, 0xae,
	0x142f, 0xea,
	0x1433, 0x26,
	0x1437, 0x62,
	0x143f, 0x5e,
	0x1443, 0xae,
	0x1447, 0xea,
	0x144b, 0x26,
	0x144f, 0x62,
	0x146f, 0x17,
	0x147a, 0x00,
	0x147b, 0x00,
	0x1551, 0x33,
	0x1561, 0x83,
	0x156d, 0x33,
	0x157d, 0x83,
	0x158b, 0x33,
	0x1597, 0x35,
	0x15d3, 0x17,
	0x15df, 0x37,
	0x15e3, 0x87,
	0x15ef, 0x37,
	0x15f3, 0x87,
	0x165f, 0x35,
	0x1663, 0x85,
	0x166f, 0x35,
	0x1673, 0x85,
	0x16ad, 0x37,
	0x16bd, 0x37,
	0x16cd, 0x35,
	0x16dd, 0x35,
	0x172d, 0x37,
	0x173d, 0x37,
	0x174d, 0x35,
	0x175d, 0x35,
	0x17ad, 0x87,
	0x17b9, 0x87,
	0x17c5, 0x85,
	0x17d1, 0x85,
	0x180d, 0x87,
	0x1819, 0x87,
	0x1825, 0x85,
	0x1831, 0x85,
	0x186f, 0x55,
	0x187b, 0xa5,
	0x1887, 0x55,
	0x1893, 0xa5,
	0x18db, 0x2b,
	0x18df, 0x7b,
	0x18eb, 0x61,
	0x18ef, 0xb1,
	0x18f3, 0xe8,
	0x18f7, 0x24,
	0x18fb, 0x60,
	0x1903, 0x5c,
	0x1907, 0xac,
	0x190b, 0xe8,
	0x190f, 0x24,
	0x1913, 0x60,
	0x191b, 0x5d,
	0x191f, 0xad,
	0x1923, 0xe9,
	0x1927, 0x25,
	0x192b, 0x61,
	0x1933, 0x5d,
	0x1937, 0xad,
	0x193b, 0xe9,
	0x193f, 0x25,
	0x1943, 0x61,
	0x194b, 0x5e,
	0x194f, 0xae,
	0x1953, 0xea,
	0x1957, 0x26,
	0x195b, 0x62,
	0x1963, 0x5e,
	0x1967, 0xae,
	0x196b, 0xea,
	0x196f, 0x26,
	0x1973, 0x62,
	0x197b, 0x61,
	0x197f, 0xb1,
	0x1993, 0x5c,
	0x1997, 0xac,
	0x199b, 0xe8,
	0x199f, 0x24,
	0x19a3, 0x60,
	0x19ab, 0x5d,
	0x19af, 0xad,
	0x19b3, 0xe9,
	0x19b7, 0x25,
	0x19bb, 0x61,
	0x19c3, 0x5d,
	0x19c7, 0xad,
	0x19cb, 0xe9,
	0x19cf, 0x25,
	0x19d3, 0x61,
	0x19db, 0x5e,
	0x19df, 0xae,
	0x19e3, 0xea,
	0x19e7, 0x26,
	0x19eb, 0x62,
	0x19f3, 0x5e,
	0x19f7, 0xae,
	0x19fb, 0xea,
	0x19ff, 0x26,
	0x1a03, 0x62,
	0x1a0b, 0x63,
	0x1a0f, 0xb3,
	0x1a13, 0xef,
	0x1a17, 0x2b,
	0x1a1b, 0x67,
	0x1a22, 0x00,
	0x1a23, 0x00,
	0x1a2d, 0x37,
	0x1a31, 0x87,
	0x1a3d, 0x35,
	0x1a41, 0x85,
	0x1b15, 0x37,
	0x1b25, 0x37,
	0x1b35, 0x35,
	0x1b55, 0x37,
	0x1b65, 0x37,
	0x1b75, 0x35,
	0x1b95, 0x87,
	0x1ba1, 0x87,
	0x1bad, 0x85,
	0x1bc5, 0x87,
	0x1bdd, 0x85,
	0x1bf5, 0x01,
	0x1bf7, 0x0b,
	0x1bf9, 0x1f,
	0x1bfb, 0x65,
	0x1bfd, 0x6f,
	0x1bfe, 0x00,
	0x1bff, 0xb3,
	0x1c00, 0x00,
	0x1c5f, 0x17,
	0x1c69, 0x53,
	0x1c6b, 0x55,
	0x1c6d, 0xa3,
	0x1c6f, 0xa5,
	0x1c81, 0x53,
	0x1c83, 0x55,
	0x1c85, 0xa3,
	0x1c87, 0xa5,
	0x1ca7, 0x17,
	0x1cb3, 0x35,
	0x1cbf, 0x35,
	0x1ccb, 0x35,
	0x1cd7, 0x35,
	0x1ce3, 0x35,
	0x1cef, 0x35,
	0x1cfb, 0x35,
	0x1d07, 0x35,
	0x1d13, 0x35,
	0x1d3b, 0x85,
	0x1d4b, 0x85,
	0x1d5b, 0x85,
	0x1d6b, 0x85,
	0x1d7b, 0x85,
	0x1d8b, 0x85,
	0x1d9b, 0x85,
	0x1dab, 0x85,
	0x1dbb, 0x85,
	0x1dc7, 0x3b,
	0x1dd3, 0x3b,
	0x1ddf, 0x3e,
	0x1deb, 0x41,
	0x1df7, 0x41,
	0x1e03, 0x43,
	0x1e0f, 0x46,
	0x1e1b, 0x48,
	0x1e27, 0x3b,
	0x1e33, 0x3b,
	0x1e3f, 0x8b,
	0x1e4b, 0x8b,
	0x1e57, 0x8b,
	0x1e63, 0x8e,
	0x1e6f, 0x91,
	0x1e7b, 0x91,
	0x1e87, 0x93,
	0x1e93, 0x96,
	0x1e9f, 0x98,
	0x1eab, 0x9c,
	0x1eb7, 0x41,
	0x1ebb, 0x91,
	0x1ec7, 0x55,
	0x1ecb, 0xa0,
	0x1ed7, 0x39,
	0x1ee3, 0x39,
	0x1eef, 0x39,
	0x1efb, 0x39,
	0x1f07, 0x39,
	0x1f13, 0x39,
	0x1f1f, 0x39,
	0x1f2b, 0x39,
	0x1f37, 0x39,
	0x1f43, 0x39,
	0x1f4f, 0x39,
	0x1f5b, 0x39,
	0x1f67, 0x55,
	0x1f73, 0x3d,
	0x1f77, 0x8d,
	0x1f83, 0x43,
	0x1f87, 0x8d,
	0x1f93, 0x45,
	0x1f97, 0x8d,
	0x1fa3, 0x4b,
	0x1fa7, 0x8d,
	0x1fb3, 0x3d,
	0x1fb7, 0x8d,
	0x1fc3, 0x3d,
	0x1fc7, 0x8d,
	0x1fd3, 0x3d,
	0x1fd7, 0x8d,
	0x1fe3, 0x3d,
	0x1fe7, 0x93,
	0x1ff3, 0x3d,
	0x1ff7, 0x95,
	0x2003, 0x3d,
	0x2007, 0x9b,
	0x2013, 0x3d,
	0x2017, 0x9e,
	0x2023, 0x3d,
	0x2027, 0x9e,
	0x2033, 0x3d,
	0x2037, 0x8d,
	0x2043, 0x43,
	0x2047, 0x8d,
	0x2053, 0x45,
	0x2057, 0x8d,
	0x2063, 0x4b,
	0x2067, 0x8d,
	0x2073, 0x3d,
	0x2077, 0x8d,
	0x2083, 0x3d,
	0x2087, 0x8d,
	0x2093, 0x3d,
	0x2097, 0x8d,
	0x20a3, 0x3d,
	0x20a7, 0x93,
	0x20b3, 0x3d,
	0x20b7, 0x95,
	0x20c3, 0x3d,
	0x20c7, 0x9b,
	0x20d3, 0x3d,
	0x20d7, 0x9e,
	0x20e3, 0x3d,
	0x20e7, 0x9e,
	0x20f1, 0x52,
	0x20f3, 0x54,
	0x20fd, 0x53,
	0x20ff, 0x55,
	0x2101, 0xa3,
	0x2103, 0xa5,
	0x2116, 0x00,
	0x2117, 0x00,
	0x2121, 0x57,
	0x2123, 0x61,
	0x2125, 0xa7,
	0x2127, 0xb1,
	0x212b, 0xe8,
	0x212f, 0x24,
	0x2133, 0x60,
	0x2139, 0x57,
	0x213b, 0x5c,
	0x213d, 0xa7,
	0x213f, 0xac,
	0x2143, 0xe8,
	0x2147, 0x24,
	0x214b, 0x60,
	0x2151, 0x57,
	0x2153, 0x5d,
	0x2155, 0xa7,
	0x2157, 0xad,
	0x215b, 0xe9,
	0x215f, 0x25,
	0x2163, 0x61,
	0x2169, 0x57,
	0x216b, 0x5d,
	0x216d, 0xa7,
	0x216f, 0xad,
	0x2173, 0xe9,
	0x2177, 0x25,
	0x217b, 0x61,
	0x2181, 0x57,
	0x2183, 0x5e,
	0x2185, 0xa7,
	0x2187, 0xae,
	0x218b, 0xea,
	0x218f, 0x26,
	0x2193, 0x62,
	0x2199, 0x57,
	0x219b, 0x5e,
	0x219d, 0xa7,
	0x219f, 0xae,
	0x21a3, 0xea,
	0x21a7, 0x26,
	0x21ab, 0x62,
	0x21b1, 0x57,
	0x21b3, 0x61,
	0x21b5, 0xa7,
	0x21b7, 0xb1,
	0x21c9, 0x57,
	0x21cb, 0x5c,
	0x21cd, 0xa7,
	0x21cf, 0xac,
	0x21d3, 0xe8,
	0x21d7, 0x24,
	0x21db, 0x60,
	0x21e1, 0x57,
	0x21e3, 0x5d,
	0x21e5, 0xa7,
	0x21e7, 0xad,
	0x21eb, 0xe9,
	0x21ef, 0x25,
	0x21f3, 0x61,
	0x21f9, 0x57,
	0x21fb, 0x5d,
	0x21fd, 0xa7,
	0x21ff, 0xad,
	0x2203, 0xe9,
	0x2207, 0x25,
	0x220b, 0x61,
	0x2211, 0x57,
	0x2213, 0x5e,
	0x2215, 0xa7,
	0x2217, 0xae,
	0x221b, 0xea,
	0x221f, 0x26,
	0x2223, 0x62,
	0x2229, 0x57,
	0x222b, 0x5e,
	0x222d, 0xa7,
	0x222f, 0xae,
	0x2233, 0xea,
	0x2237, 0x26,
	0x223b, 0x62,
	0x22d1, 0x31,
	0x22d3, 0x5b,
	0x22d5, 0x81,
	0x22d6, 0x01,
	0x22d7, 0x73,
	0x22e1, 0x0b,
	0x22e3, 0x47,
	0x22e5, 0x6d,
	0x22e7, 0x97,
	0x22e9, 0xbd,
	0x22eb, 0xd3,
	0x22ed, 0xf9,
	0x22ee, 0x01,
	0x22ef, 0x0f,
	0x22f0, 0x01,
	0x22f1, 0x35,
	0x22f2, 0x01,
	0x22f3, 0x4b,
	0x22f9, 0x1d,
	0x22fa, 0x01,
	0x22fb, 0x5f,
	0x2309, 0x31,
	0x230b, 0x5b,
	0x230d, 0x81,
	0x230f, 0xab,
	0x2311, 0xdd,
	0x2313, 0xe7,
	0x2314, 0x01,
	0x2315, 0x19,
	0x2316, 0x01,
	0x2317, 0x23,
	0x2318, 0x01,
	0x2319, 0x55,
	0x231a, 0x01,
	0x231b, 0x69,
	0x2321, 0x56,
	0x2323, 0x5b,
	0x2325, 0xa6,
	0x2326, 0x01,
	0x2327, 0x37,
	0x2328, 0x01,
	0x2329, 0x49,
	0x232a, 0x01,
	0x232b, 0x5f,
	0x2341, 0x56,
	0x2343, 0x6d,
	0x2345, 0xa6,
	0x2346, 0x01,
	0x2347, 0x5f,
	0x2351, 0x56,
	0x2353, 0x5b,
	0x2355, 0xa6,
	0x2356, 0x01,
	0x2357, 0x73,
	0x2361, 0x56,
	0x2362, 0x01,
	0x2363, 0x73,
	0x23aa, 0x00,
	0x23ab, 0x5c,
	0x23ad, 0x63,
	0x23af, 0xac,
	0x23b1, 0xb3,
	0x23b2, 0x01,
	0x23b3, 0x73,
	0x23b9, 0x60,
	0x23bb, 0x63,
	0x23bd, 0xb0,
	0x23bf, 0xb3,
	0x23c0, 0x00,
	0x23c1, 0xec,
	0x23c2, 0x00,
	0x23c3, 0xef,
	0x23c5, 0x28,
	0x23c7, 0x2b,
	0x23c8, 0x01,
	0x23c9, 0x64,
	0x23ca, 0x01,
	0x23cb, 0x67,
	0x2409, 0x01,
	0x240b, 0x0b,
	0x240c, 0x01,
	0x240d, 0x69,
	0x2415, 0x01,
	0x2417, 0x0b,
	0x2418, 0x01,
	0x2419, 0x69,
	0x2421, 0x01,
	0x2423, 0x0b,
	0x2424, 0x01,
	0x2425, 0x69,
	0x2469, 0x01,
	0x246b, 0x0b,
	0x246c, 0x01,
	0x246d, 0x69,
	0x2475, 0x01,
	0x2477, 0x0b,
	0x2478, 0x01,
	0x2479, 0x69,
	0x2481, 0x01,
	0x2483, 0x0b,
	0x2484, 0x01,
	0x2485, 0x69,
	0x248d, 0x01,
	0x248f, 0x0b,
	0x24d5, 0x01,
	0x24d7, 0x67,
	0x24e1, 0x01,
	0x24e3, 0x42,
	0x24ed, 0x39,
	0x24f8, 0x00,
	0x24f9, 0x40,
	0x24fa, 0x00,
	0x24fb, 0x67,
	0x24fc, 0x01,
	0x24fd, 0x39,
	0x24fe, 0x01,
	0x24ff, 0x6b,
	0x2513, 0x92,
	0x251f, 0x2d,
	0x2529, 0x90,
	0x252b, 0x2d,
	0x2545, 0xb5,
	0x2547, 0xbf,
	0x2549, 0xf1,
	0x254b, 0xfb,
	0x254d, 0x00,
	0x254f, 0x00,
	0x2585, 0x01,
	0x2587, 0x75,
	0x2588, 0x01,
	0x2589, 0x29,
	0x25a5, 0xb5,
	0x25a7, 0xbf,
	0x25a9, 0xf1,
	0x25ab, 0xfb,
	0x25ad, 0x00,
	0x25af, 0x00,
	0x25e5, 0x01,
	0x25e7, 0x75,
	0x25e8, 0x01,
	0x25e9, 0x29,
	0x25f4, 0x00,
	0x25f5, 0x1f,
	0x25f6, 0x00,
	0x25f7, 0x24,
	0x2600, 0x00,
	0x2601, 0x1f,
	0x2602, 0x00,
	0x2603, 0x24,
	0x2605, 0xfb,
	0x2606, 0x01,
	0x260c, 0x00,
	0x260d, 0x1f,
	0x260e, 0x00,
	0x260f, 0x24,
	0x2618, 0x00,
	0x2619, 0x1f,
	0x261a, 0x00,
	0x261b, 0x24,
	0x261d, 0xfb,
	0x261e, 0x01,
	0x2625, 0x1f,
	0x2627, 0x24,
	0x2635, 0x1f,
	0x2637, 0x24,
	0x2645, 0x1f,
	0x2647, 0x24,
	0x2655, 0x1f,
	0x2657, 0x24,
	0x26b3, 0x92,
	0x26bd, 0x01,
	0x26bf, 0x67,
	0x26c9, 0x01,
	0x26cb, 0x42,
	0x26d7, 0x2d,
	0x26e1, 0x90,
	0x26e3, 0x2d,
	0x26ed, 0x39,
	0x26f8, 0x00,
	0x26f9, 0x40,
	0x26fa, 0x00,
	0x26fb, 0x67,
	0x26fc, 0x01,
	0x26fd, 0x39,
	0x26fe, 0x01,
	0x26ff, 0x6b,
	0x2707, 0x8c,
	0x271f, 0x3c,
	0x2737, 0x8c,
	0x274f, 0x3c,
	0x2765, 0x29,
	0x2767, 0x75,
	0x2788, 0x01,
	0x2789, 0x69,
	0x278a, 0x01,
	0x278b, 0x73,
	0x2794, 0x01,
	0x2795, 0x69,
	0x2796, 0x01,
	0x2797, 0x73,
	0x27bb, 0x5c,
	0x27bf, 0xac,
	0x27c3, 0xe8,
	0x27c7, 0x24,
	0x27cb, 0x60,
	0x27d3, 0x5c,
	0x27d7, 0xac,
	0x27db, 0xe8,
	0x27df, 0x24,
	0x27e3, 0x60,
	0x27eb, 0x5d,
	0x27ef, 0xad,
	0x27f3, 0xe9,
	0x27f7, 0x25,
	0x27fb, 0x61,
	0x2803, 0x5d,
	0x2807, 0xad,
	0x280b, 0xe9,
	0x280f, 0x25,
	0x2813, 0x61,
	0x281b, 0x5e,
	0x281f, 0xae,
	0x2823, 0xea,
	0x2827, 0x26,
	0x282b, 0x62,
	0x2833, 0x5e,
	0x2837, 0xae,
	0x283b, 0xea,
	0x283f, 0x26,
	0x2843, 0x62,
	0x2863, 0x5c,
	0x2867, 0xac,
	0x286b, 0xe8,
	0x286f, 0x24,
	0x2873, 0x60,
	0x287b, 0x5d,
	0x287f, 0xad,
	0x2883, 0xe9,
	0x2887, 0x25,
	0x288b, 0x61,
	0x2893, 0x5d,
	0x2897, 0xad,
	0x289b, 0xe9,
	0x289f, 0x25,
	0x28a3, 0x61,
	0x28ab, 0x5e,
	0x28af, 0xae,
	0x28b3, 0xea,
	0x28b7, 0x26,
	0x28bb, 0x62,
	0x28c3, 0x5e,
	0x28c7, 0xae,
	0x28cb, 0xea,
	0x28cf, 0x26,
	0x28d3, 0x62,
	0x28db, 0x5b,
	0x28e7, 0x1f,
	0x28f5, 0x6d,
	0x28f7, 0x6f,
	0x28ff, 0x5e,
	0x2903, 0xae,
	0x2907, 0xea,
	0x290b, 0x26,
	0x290f, 0x62,
	0x295f, 0x70,
	0x296b, 0x1f,
	0x2975, 0xa3,
	0x2981, 0x53,
	0x2982, 0x01,
	0x2983, 0x5f,
	0x2984, 0x00,
	0x2985, 0x00,
	0x2986, 0x00,
	0x2987, 0x00,
	0x3012, 0x31,
	0x301c, 0x01,
	0x301d, 0x02,
	0x3026, 0x9a,
	0x3400, 0x4c,
	0x340b, 0x66,
	0x3420, 0x70,
	0x3421, 0x70,
	0x3422, 0x03,
	0x3426, 0x55,
	0x3427, 0x55,
	0x342a, 0x02,
	0x3431, 0x09,
	0x343d, 0x00,
	0x3447, 0xaa,
	0x344b, 0x82,
	0x3456, 0x08,
	0x3457, 0x08,
	0x3502, 0x12,
	0x3504, 0x4c,
	0x3508, 0x0f,
	0x3509, 0x80,
	0x351a, 0x69,
	0x351b, 0xc0,
	0x3542, 0x09,
	0x3544, 0x4c,
	0x3548, 0x0f,
	0x3549, 0x80,
	0x355a, 0x69,
	0x355b, 0xc0,
	0x3582, 0x04,
	0x3584, 0x4c,
	0x3588, 0x0f,
	0x3589, 0x80,
	0x358d, 0x00,
	0x358e, 0xb4,
	0x359a, 0x69,
	0x359b, 0xc0,
	0x3611, 0x10,
	0x361b, 0x88,
	0x361f, 0x8e,
	0x3625, 0xf8,
	0x362b, 0x00,
	0x362c, 0x08,
	0x3630, 0x01,
	0x3633, 0x05,
	0x3634, 0x88,
	0x3635, 0x01,
	0x3636, 0x40,
	0x3639, 0xa0,
	0x363b, 0xa0,
	0x3761, 0x08,
	0x3766, 0x14,
	0x3767, 0x00,
	0x3768, 0x10,
	0x376a, 0x01,
	0x3777, 0x00,
	0x378e, 0xb2,
	0x37a1, 0x0c,
	0x37a2, 0x00,
	0x37a6, 0x0c,
	0x37a7, 0x14,
	0x37a8, 0x10,
	0x37ac, 0x04,
	0x37b8, 0x08,
	0x37b9, 0x08,
	0x37ba, 0x18,
	0x37bb, 0x18,
	0x37c1, 0x00,
	0x37fb, 0x0b,
	0x382b, 0x20,
	0x382e, 0x49,
	0x38f3, 0x00,
	0x3d84, 0x80,
	0x3d85, 0x8b,
	0x3d8c, 0x01,
	0x3d8d, 0x14,
	0x3daa, 0x01,
	0x3dab, 0xf8,
	0x3dac, 0x0d,
	0x3dad, 0xaf,
	0x3dae, 0x0d,
	0x3daf, 0xaf,
	0x3db3, 0x01,
	0x3db4, 0xf8,
	0x3db5, 0x0d,
	0x3db6, 0xb0,
	0x3f1f, 0x20,
	0x4001, 0xf7,
	0x4002, 0xfb,
	0x4009, 0x02,
	0x4017, 0x00,
	0x40f8, 0x03,
	0x40fa, 0x01,
	0x40fc, 0x01,
	0x40fe, 0x01,
	0x4569, 0x11,
	0x4644, 0x40,
	0x4645, 0x73,
	0x4704, 0x40,
	0x4705, 0x73,
	0x47d0, 0x10,
	0x47d4, 0x10,
	0x47d8, 0x10,
	0x47dc, 0x10,
	0x4802, 0x02,
	0x481b, 0x13,
	0x4825, 0x34,
	0x4826, 0x44,
	0x4837, 0x04,
	0x4840, 0x11,
	0x4853, 0x04,
	0x4860, 0x01,
	0x4861, 0xef,
	0x4862, 0x3a,
	0x4883, 0x23,
	0x4884, 0x08,
	0x4885, 0x10,
	0x4886, 0x03,
	0x4888, 0x00,
	0x49f8, 0x03,
	0x49fa, 0x01,
	0x49fc, 0x01,
	0x49fe, 0x01,
	0x4d00, 0x04,
	0x4d01, 0xc0,
	0x4d02, 0xb8,
	0x4d03, 0x09,
	0x4d04, 0x13,
	0x4d05, 0x46,
	0x4d0d, 0x01,
	0x5004, 0x01,
	0x5015, 0x75,
	0x5064, 0x16,
	0x5065, 0x9c,
	0x5074, 0x62,
	0x5164, 0x0c,
	0x5165, 0x0c,
	0x5166, 0x0c,
	0x5167, 0x0c,
	0x5168, 0x0c,
	0x5169, 0x0c,
	0x516a, 0x0c,
	0x516b, 0x0c,
	0x51a8, 0x0c,
	0x51a9, 0x0c,
	0x51aa, 0x0c,
	0x51ab, 0x0c,
	0x5220, 0x14,
	0x5221, 0x14,
	0x5264, 0x00,
	0x5265, 0x50,
	0x5266, 0x00,
	0x5267, 0x50,
	0x5268, 0x00,
	0x5269, 0x50,
	0x526a, 0x00,
	0x526b, 0x50,
	0x526c, 0x00,
	0x526d, 0x50,
	0x526e, 0x00,
	0x526f, 0x50,
	0x5270, 0x00,
	0x5271, 0x50,
	0x5272, 0x00,
	0x5273, 0x50,
	0x5274, 0x00,
	0x5275, 0x50,
	0x5276, 0x00,
	0x5277, 0x50,
	0x5278, 0x00,
	0x5279, 0x50,
	0x527a, 0x00,
	0x527b, 0x50,
	0x527c, 0x00,
	0x527d, 0x50,
	0x527e, 0x00,
	0x527f, 0x50,
	0x5280, 0x00,
	0x5281, 0x50,
	0x5282, 0x00,
	0x5283, 0x50,
	0x5284, 0x00,
	0x5285, 0x50,
	0x5286, 0x00,
	0x5287, 0x50,
	0x5288, 0x00,
	0x5289, 0x50,
	0x528a, 0x00,
	0x528b, 0x50,
	0x528c, 0x00,
	0x528d, 0x50,
	0x528e, 0x00,
	0x528f, 0x50,
	0x5290, 0x00,
	0x5291, 0x50,
	0x5292, 0x00,
	0x5293, 0x50,
	0x5294, 0x00,
	0x5295, 0x50,
	0x5296, 0x00,
	0x5297, 0x50,
	0x5298, 0x00,
	0x5299, 0x50,
	0x529a, 0x00,
	0x529b, 0x50,
	0x529c, 0x00,
	0x529d, 0x50,
	0x529e, 0x00,
	0x529f, 0x50,
	0x52c0, 0x02,
	0x52c1, 0x00,
	0x52c2, 0x00,
	0x52c3, 0x00,
	0x52c4, 0x00,
	0x52c5, 0x01,
	0x52c6, 0x00,
	0x52c7, 0x00,
	0x52c8, 0x00,
	0x52c9, 0x00,
	0x52ca, 0x00,
	0x52cb, 0x00,
	0x52cc, 0x00,
	0x52cd, 0x00,
	0x52ce, 0x00,
	0x52cf, 0x00,
	0x52d0, 0x00,
	0x52d1, 0x00,
	0x52d2, 0x00,
	0x52d3, 0x00,
	0x52d4, 0x00,
	0x52d5, 0x00,
	0x52d6, 0x00,
	0x52d7, 0x00,
	0x52d8, 0x00,
	0x52d9, 0x00,
	0x52da, 0x00,
	0x52db, 0x00,
	0x52dc, 0x00,
	0x52dd, 0x00,
	0x52de, 0x00,
	0x52df, 0x00,
	0x52e1, 0xfa,
	0x536f, 0x21,
	0x53be, 0x00,
	0x5464, 0x0c,
	0x5465, 0x0c,
	0x5466, 0x0c,
	0x5467, 0x0c,
	0x5468, 0x0c,
	0x5469, 0x0c,
	0x546a, 0x0c,
	0x546b, 0x0c,
	0x54a8, 0x0c,
	0x54a9, 0x0c,
	0x54aa, 0x0c,
	0x54ab, 0x0c,
	0x5521, 0x14,
	0x5564, 0x00,
	0x5565, 0x50,
	0x5566, 0x00,
	0x5567, 0x50,
	0x5568, 0x00,
	0x5569, 0x50,
	0x556a, 0x00,
	0x556b, 0x50,
	0x556c, 0x00,
	0x556d, 0x50,
	0x556e, 0x00,
	0x556f, 0x50,
	0x5570, 0x00,
	0x5571, 0x50,
	0x5572, 0x00,
	0x5573, 0x50,
	0x5574, 0x00,
	0x5575, 0x50,
	0x5576, 0x00,
	0x5577, 0x50,
	0x5578, 0x00,
	0x5579, 0x50,
	0x557a, 0x00,
	0x557b, 0x50,
	0x557c, 0x00,
	0x557d, 0x50,
	0x557e, 0x00,
	0x557f, 0x50,
	0x5580, 0x00,
	0x5581, 0x50,
	0x5582, 0x00,
	0x5583, 0x50,
	0x5584, 0x00,
	0x5585, 0x50,
	0x5586, 0x00,
	0x5587, 0x50,
	0x5588, 0x00,
	0x5589, 0x50,
	0x558a, 0x00,
	0x558b, 0x50,
	0x558c, 0x00,
	0x558d, 0x50,
	0x558e, 0x00,
	0x558f, 0x50,
	0x5590, 0x00,
	0x5591, 0x50,
	0x5592, 0x00,
	0x5593, 0x50,
	0x5594, 0x00,
	0x5595, 0x50,
	0x5596, 0x00,
	0x5597, 0x50,
	0x5598, 0x00,
	0x5599, 0x50,
	0x559a, 0x00,
	0x559b, 0x50,
	0x559c, 0x00,
	0x559d, 0x50,
	0x559e, 0x00,
	0x559f, 0x50,
	0x55c0, 0x02,
	0x55c1, 0x00,
	0x55c2, 0x00,
	0x55c3, 0x00,
	0x55c4, 0x00,
	0x55c5, 0x01,
	0x55c6, 0x00,
	0x55c7, 0x00,
	0x55c8, 0x00,
	0x55c9, 0x00,
	0x55ca, 0x00,
	0x55cb, 0x00,
	0x55cc, 0x00,
	0x55cd, 0x00,
	0x55ce, 0x00,
	0x55cf, 0x00,
	0x55d0, 0x00,
	0x55d1, 0x00,
	0x55d2, 0x00,
	0x55d3, 0x00,
	0x55d4, 0x00,
	0x55d5, 0x00,
	0x55d6, 0x00,
	0x55d7, 0x00,
	0x55d8, 0x00,
	0x55d9, 0x00,
	0x55da, 0x00,
	0x55db, 0x00,
	0x55dc, 0x00,
	0x55dd, 0x00,
	0x55de, 0x00,
	0x55df, 0x00,
	0x55e1, 0xfa,
	0x566f, 0x21,
	0x56be, 0x00,
	0x5764, 0x0c,
	0x5765, 0x0c,
	0x5766, 0x0c,
	0x5767, 0x0c,
	0x5768, 0x0c,
	0x5769, 0x0c,
	0x576a, 0x0c,
	0x576b, 0x0c,
	0x57a8, 0x0c,
	0x57a9, 0x0c,
	0x57aa, 0x0c,
	0x57ab, 0x0c,
	0x5821, 0x14,
	0x5864, 0x00,
	0x5865, 0x50,
	0x5866, 0x00,
	0x5867, 0x50,
	0x5868, 0x00,
	0x5869, 0x50,
	0x586a, 0x00,
	0x586b, 0x50,
	0x586c, 0x00,
	0x586d, 0x50,
	0x586e, 0x00,
	0x586f, 0x50,
	0x5870, 0x00,
	0x5871, 0x50,
	0x5872, 0x00,
	0x5873, 0x50,
	0x5874, 0x00,
	0x5875, 0x50,
	0x5876, 0x00,
	0x5877, 0x50,
	0x5878, 0x00,
	0x5879, 0x50,
	0x587a, 0x00,
	0x587b, 0x50,
	0x587c, 0x00,
	0x587d, 0x50,
	0x587e, 0x00,
	0x587f, 0x50,
	0x5880, 0x00,
	0x5881, 0x50,
	0x5882, 0x00,
	0x5883, 0x50,
	0x5884, 0x00,
	0x5885, 0x50,
	0x5886, 0x00,
	0x5887, 0x50,
	0x5888, 0x00,
	0x5889, 0x50,
	0x588a, 0x00,
	0x588b, 0x50,
	0x588c, 0x00,
	0x588d, 0x50,
	0x588e, 0x00,
	0x588f, 0x50,
	0x5890, 0x00,
	0x5891, 0x50,
	0x5892, 0x00,
	0x5893, 0x50,
	0x5894, 0x00,
	0x5895, 0x50,
	0x5896, 0x00,
	0x5897, 0x50,
	0x5898, 0x00,
	0x5899, 0x50,
	0x589a, 0x00,
	0x589b, 0x50,
	0x589c, 0x00,
	0x589d, 0x50,
	0x589e, 0x00,
	0x589f, 0x50,
	0x58c0, 0x02,
	0x58c1, 0x00,
	0x58c2, 0x00,
	0x58c3, 0x00,
	0x58c4, 0x00,
	0x58c5, 0x01,
	0x58c6, 0x00,
	0x58c7, 0x00,
	0x58c8, 0x00,
	0x58c9, 0x00,
	0x58ca, 0x00,
	0x58cb, 0x00,
	0x58cc, 0x00,
	0x58cd, 0x00,
	0x58ce, 0x00,
	0x58cf, 0x00,
	0x58d0, 0x00,
	0x58d1, 0x00,
	0x58d2, 0x00,
	0x58d3, 0x00,
	0x58d4, 0x00,
	0x58d5, 0x00,
	0x58d6, 0x00,
	0x58d7, 0x00,
	0x58d8, 0x00,
	0x58d9, 0x00,
	0x58da, 0x00,
	0x58db, 0x00,
	0x58dc, 0x00,
	0x58dd, 0x00,
	0x58de, 0x00,
	0x58df, 0x00,
	0x58e1, 0xfa,
	0x596f, 0x21,
	0x59be, 0x00,
	0x5a13, 0xfe,
	0x5a14, 0xfe,
	0x5a15, 0xfe,
	0x5a16, 0xff,
	0x5a17, 0xff,
	0x5a18, 0xff,
	0x5a3b, 0x16,
	0x5a41, 0x00,
	0x5c6b, 0x42,
	0x5ca2, 0x1f,
	0x5db3, 0xfe,
	0x5db4, 0xfe,
	0x5db5, 0xfe,
	0x5db6, 0xff,
	0x5db7, 0xff,
	0x5db8, 0xff,
	0x5ddb, 0x16,
	0x5de1, 0x00,
	0x600b, 0x42,
	0x6042, 0x1f,
	0x6362, 0x0b,
	0x6363, 0xb7,
	0x63e0, 0x03,
	0x63e1, 0x94,
	0x63fa, 0x00,
	0x63fb, 0x00,
	0x63fc, 0x00,
	0xc80a, 0x0e,
	0xc80b, 0x0e,
	0xc80f, 0xff,
	0xc82e, 0x1d,
	0xc835, 0x22,
	0xc836, 0x22,
	0xc837, 0x82,
	0xc838, 0xef,
	0xc839, 0x11,
	0xc83a, 0x11,
	0xc83b, 0x71,
	0xc83c, 0xff,
	0xc83d, 0x3f,
	0xc876, 0x14,
	0xc877, 0x14,
	0xc878, 0x14,
	0xc890, 0x03,
	0xc893, 0x03,
	0xc897, 0x1b,
	0xc89e, 0x0f,
	0xc89f, 0xff,
	0xc8a0, 0x0f,
	0xc8a1, 0x3f,
	0xc8a2, 0x3f,
	0xc901, 0x20,
	0xc905, 0x14,
	0xc90f, 0x01,
	0xc911, 0x7c,
	0xc932, 0x16,
	0xc934, 0x1d,
	0xc935, 0x1d,
	0xc936, 0x22,
	0xc937, 0x22,
	0xc938, 0x82,
	0xc939, 0x0f,
	0xc93a, 0x11,
	0xc93b, 0x11,
	0xc93c, 0x71,
	0xc93d, 0x0e,
	0xc93e, 0xff,
	0xc93f, 0x3f,
	0xc978, 0x14,
	0xc979, 0x14,
	0xc97a, 0x14,
	0xc993, 0x03,
	0xc996, 0x03,
	0xc9a0, 0x0f,
	0xc9a1, 0xff,
	0xc9a2, 0x0f,
	0xc9a5, 0x3f,
	0xc9a6, 0x3f,
	0xc9c6, 0x0c,
	0xc9ff, 0x00,
	0xca00, 0x00,
	0xca01, 0x00,
	0xca02, 0x00,
	0xca04, 0x20,
	0xca0d, 0x14,
	0xca11, 0x01,
	0xca12, 0x7c,
	0xca1a, 0x06,
	0xca1d, 0x20,
	0xd00b, 0x32,
	0xd00e, 0x54,
	0xd00f, 0x6c,
	0xd033, 0x36,
	0xd037, 0x96,
	0xd04b, 0x00,
	0xd072, 0x38,
	0xd073, 0x08,
	0xd076, 0x3b,
	0xd077, 0x03,
	0xd082, 0x5b,
	0xd086, 0x5c,
	0xd08a, 0x5d,
	0xd08e, 0xab,
	0xd092, 0xac,
	0xd096, 0xad,
	0xd0a2, 0x3d,
	0xd0a3, 0x01,
	0xd0a6, 0x3f,
	0xd0aa, 0x42,
	0xd0ae, 0x45,
	0xd0b2, 0x47,
	0xd0b6, 0x4b,
	0xd0b7, 0x02,
	0xd0ba, 0x4e,
	0xd0c2, 0x56,
	0xd1f5, 0x1e,
	0xd1f6, 0x00,
	0xd1f7, 0x21,
	0xd201, 0x1e,
	0xd202, 0x00,
	0xd203, 0x21,
	0xd205, 0xf1,
	0xd207, 0xfd,
	0xd20d, 0x1e,
	0xd20e, 0x00,
	0xd20f, 0x21,
	0xd219, 0x1e,
	0xd21a, 0x00,
	0xd21b, 0x21,
	0xd21d, 0xf1,
	0xd21f, 0xfd,
	0xd23d, 0x1e,
	0xd23f, 0x21,
	0xd24d, 0x1e,
	0xd24f, 0x21,
	0xd253, 0xfd,
	0xd25d, 0x1e,
	0xd25f, 0x21,
	0xd26d, 0x1e,
	0xd26f, 0x21,
	0xd273, 0xfd,
	0xd2a7, 0x39,
	0xd2b3, 0xfd,
	0xd2b7, 0x39,
	0xd2c7, 0x39,
	0xd2d3, 0xfd,
	0xd2d7, 0x39,
	0xd305, 0x03,
	0xd307, 0x63,
	0xd31f, 0x5e,
	0xd323, 0xae,
	0xd327, 0xea,
	0xd32b, 0x26,
	0xd32f, 0x62,
	0xd337, 0x5c,
	0xd33b, 0xac,
	0xd33f, 0xe8,
	0xd343, 0x24,
	0xd347, 0x60,
	0xd34f, 0x5c,
	0xd353, 0xac,
	0xd357, 0xe8,
	0xd35b, 0x24,
	0xd35f, 0x60,
	0xd367, 0x5d,
	0xd36b, 0xad,
	0xd36f, 0xe9,
	0xd373, 0x25,
	0xd377, 0x61,
	0xd37f, 0x5d,
	0xd383, 0xad,
	0xd387, 0xe9,
	0xd38b, 0x25,
	0xd38f, 0x61,
	0xd397, 0x5e,
	0xd39b, 0xae,
	0xd39f, 0xea,
	0xd3a3, 0x26,
	0xd3a7, 0x62,
	0xd3af, 0x5e,
	0xd3b3, 0xae,
	0xd3b7, 0xea,
	0xd3bb, 0x26,
	0xd3bf, 0x62,
	0xd3df, 0x5c,
	0xd3e3, 0xac,
	0xd3e7, 0xe8,
	0xd3eb, 0x24,
	0xd3ef, 0x60,
	0xd3f7, 0x5d,
	0xd3fb, 0xad,
	0xd3ff, 0xe9,
	0xd403, 0x25,
	0xd407, 0x61,
	0xd40f, 0x5d,
	0xd413, 0xad,
	0xd417, 0xe9,
	0xd41b, 0x25,
	0xd41f, 0x61,
	0xd427, 0x5e,
	0xd42b, 0xae,
	0xd42f, 0xea,
	0xd433, 0x26,
	0xd437, 0x62,
	0xd43f, 0x5e,
	0xd443, 0xae,
	0xd447, 0xea,
	0xd44b, 0x26,
	0xd44f, 0x62,
	0xd46f, 0x17,
	0xd47a, 0x00,
	0xd47b, 0x00,
	0xd551, 0x33,
	0xd552, 0x01,
	0xd553, 0x69,
	0xd561, 0x00,
	0xd562, 0x00,
	0xd563, 0x00,
	0xd57d, 0x33,
	0xd58b, 0x33,
	0xd597, 0x35,
	0xd5a1, 0x00,
	0xd5ad, 0x01,
	0xd5d3, 0x17,
	0xd5df, 0x37,
	0xd5ef, 0x37,
	0xd65f, 0x35,
	0xd66f, 0x35,
	0xd6ad, 0x37,
	0xd6ae, 0x01,
	0xd6af, 0x69,
	0xd6bd, 0x37,
	0xd6be, 0x01,
	0xd6bf, 0x69,
	0xd6cd, 0x35,
	0xd6ce, 0x01,
	0xd6cf, 0x69,
	0xd6dd, 0x35,
	0xd6de, 0x01,
	0xd6df, 0x69,
	0xd6ed, 0x01,
	0xd6ee, 0x01,
	0xd6ef, 0x69,
	0xd6fd, 0x01,
	0xd6fe, 0x01,
	0xd6ff, 0x69,
	0xd70d, 0x01,
	0xd70e, 0x01,
	0xd70f, 0x69,
	0xd71d, 0x01,
	0xd71e, 0x01,
	0xd71f, 0x69,
	0xd7ad, 0x00,
	0xd7ae, 0x00,
	0xd7af, 0x00,
	0xd7b9, 0x00,
	0xd7ba, 0x00,
	0xd7bb, 0x00,
	0xd7c5, 0x00,
	0xd7c6, 0x00,
	0xd7c7, 0x00,
	0xd7d1, 0x00,
	0xd7d2, 0x00,
	0xd7d3, 0x00,
	0xd7dd, 0x00,
	0xd7de, 0x00,
	0xd7df, 0x00,
	0xd7e9, 0x00,
	0xd7ea, 0x00,
	0xd7eb, 0x00,
	0xd7f5, 0x00,
	0xd7f6, 0x00,
	0xd7f7, 0x00,
	0xd801, 0x00,
	0xd802, 0x00,
	0xd803, 0x00,
	0xd80d, 0x37,
	0xd819, 0x37,
	0xd825, 0x35,
	0xd831, 0x35,
	0xd86d, 0x3d,
	0xd86f, 0x55,
	0xd879, 0x00,
	0xd87b, 0x00,
	0xd893, 0x55,
	0xd8db, 0x2b,
	0xd8eb, 0x61,
	0xd8ef, 0xb1,
	0xd8f3, 0xe8,
	0xd8f7, 0x24,
	0xd8fb, 0x60,
	0xd903, 0x5c,
	0xd907, 0xac,
	0xd90b, 0xe8,
	0xd90f, 0x24,
	0xd913, 0x60,
	0xd91b, 0x5d,
	0xd91f, 0xad,
	0xd923, 0xe9,
	0xd927, 0x25,
	0xd92b, 0x61,
	0xd933, 0x5d,
	0xd937, 0xad,
	0xd93b, 0xe9,
	0xd93f, 0x25,
	0xd943, 0x61,
	0xd94b, 0x5e,
	0xd94f, 0xae,
	0xd953, 0xea,
	0xd957, 0x26,
	0xd95b, 0x62,
	0xd963, 0x5e,
	0xd967, 0xae,
	0xd96b, 0xea,
	0xd96f, 0x26,
	0xd973, 0x62,
	0xd97b, 0x61,
	0xd97f, 0xb1,
	0xd993, 0x5c,
	0xd997, 0xac,
	0xd99b, 0xe8,
	0xd99f, 0x24,
	0xd9a3, 0x60,
	0xd9ab, 0x5d,
	0xd9af, 0xad,
	0xd9b3, 0xe9,
	0xd9b7, 0x25,
	0xd9bb, 0x61,
	0xd9c3, 0x5d,
	0xd9c7, 0xad,
	0xd9cb, 0xe9,
	0xd9cf, 0x25,
	0xd9d3, 0x61,
	0xd9db, 0x5e,
	0xd9df, 0xae,
	0xd9e3, 0xea,
	0xd9e7, 0x26,
	0xd9eb, 0x62,
	0xd9f3, 0x5e,
	0xd9f7, 0xae,
	0xd9fb, 0xea,
	0xd9ff, 0x26,
	0xda03, 0x62,
	0xda0b, 0x63,
	0xda0f, 0xb3,
	0xda13, 0xef,
	0xda17, 0x2b,
	0xda1b, 0x67,
	0xda22, 0x00,
	0xda23, 0x00,
	0xda2d, 0x37,
	0xda3d, 0x35,
	0xdadd, 0x01,
	0xdade, 0x01,
	0xdadf, 0x73,
	0xdaed, 0x00,
	0xdaee, 0x00,
	0xdaef, 0x01,
	0xdafb, 0x01,
	0xdb15, 0x37,
	0xdb16, 0x01,
	0xdb17, 0x69,
	0xdb25, 0x37,
	0xdb26, 0x01,
	0xdb27, 0x69,
	0xdb35, 0x35,
	0xdb36, 0x01,
	0xdb37, 0x69,
	0xdb45, 0x01,
	0xdb46, 0x01,
	0xdb47, 0x69,
	0xdb95, 0x00,
	0xdb96, 0x00,
	0xdb97, 0x00,
	0xdba1, 0x00,
	0xdba2, 0x00,
	0xdba3, 0x00,
	0xdbad, 0x00,
	0xdbae, 0x00,
	0xdbaf, 0x00,
	0xdbb9, 0x00,
	0xdbba, 0x00,
	0xdbbb, 0x00,
	0xdbc5, 0x37,
	0xdbd1, 0x37,
	0xdbdd, 0x35,
	0xdbf5, 0x01,
	0xdbf7, 0x0b,
	0xdbf9, 0x1f,
	0xdbfa, 0x00,
	0xdbfb, 0x63,
	0xdbfc, 0x00,
	0xdbfe, 0x00,
	0xdc0d, 0x01,
	0xdc0e, 0x01,
	0xdc0f, 0x73,
	0xdc1d, 0x00,
	0xdc1e, 0x00,
	0xdc1f, 0x00,
	0xdc5f, 0x17,
	0xdc69, 0x53,
	0xdc6b, 0x55,
	0xdc81, 0x53,
	0xdc83, 0x55,
	0xdca7, 0x17,
	0xdcb3, 0x35,
	0xdcbf, 0x35,
	0xdccb, 0x35,
	0xdcd7, 0x35,
	0xdce3, 0x35,
	0xdcef, 0x35,
	0xdcfb, 0x35,
	0xdd07, 0x35,
	0xdd13, 0x35,
	0xdd1f, 0x33,
	0xdd2b, 0x33,
	0xdd37, 0x35,
	0xdd47, 0x35,
	0xdd57, 0x35,
	0xdd67, 0x35,
	0xdd77, 0x35,
	0xdd87, 0x35,
	0xdd97, 0x35,
	0xdda7, 0x35,
	0xddb7, 0x35,
	0xddc5, 0x15,
	0xddc7, 0x3b,
	0xddd1, 0x15,
	0xddd3, 0x3b,
	0xdddd, 0x15,
	0xdddf, 0x3e,
	0xdde9, 0x15,
	0xddeb, 0x41,
	0xddf5, 0x15,
	0xde01, 0x15,
	0xde03, 0x43,
	0xde0d, 0x15,
	0xde0f, 0x46,
	0xde19, 0x15,
	0xde1b, 0x48,
	0xde25, 0x15,
	0xde27, 0x4c,
	0xde33, 0x01,
	0xde3d, 0x00,
	0xde3f, 0x01,
	0xde4b, 0x3b,
	0xde57, 0x3b,
	0xde63, 0x3e,
	0xde6f, 0x41,
	0xde87, 0x43,
	0xde93, 0x46,
	0xde9f, 0x48,
	0xdeab, 0x4f,
	0xdeb7, 0x41,
	0xdec7, 0x53,
	0xded7, 0x39,
	0xdee3, 0x3e,
	0xdefb, 0x46,
	0xdf07, 0x4c,
	0xdf13, 0x4c,
	0xdf1f, 0x39,
	0xdf2b, 0x3e,
	0xdf43, 0x46,
	0xdf4f, 0x4f,
	0xdf5b, 0x4f,
	0xdf67, 0x55,
	0xdf73, 0x3d,
	0xdf83, 0x43,
	0xdf93, 0x45,
	0xdfa3, 0x4b,
	0xdfb3, 0x4f,
	0xdfc3, 0x4f,
	0xdfd3, 0x3d,
	0xdfe3, 0x43,
	0xdff3, 0x45,
	0xe003, 0x4b,
	0xe013, 0x51,
	0xe023, 0x51,
	0xe033, 0x3d,
	0xe043, 0x43,
	0xe053, 0x45,
	0xe063, 0x4b,
	0xe073, 0x4f,
	0xe083, 0x4f,
	0xe093, 0x3d,
	0xe0a3, 0x43,
	0xe0b3, 0x45,
	0xe0c3, 0x4b,
	0xe0d3, 0x51,
	0xe0e3, 0x51,
	0xe0f1, 0x52,
	0xe0f3, 0x54,
	0xe0fd, 0x53,
	0xe0ff, 0x55,
	0xe116, 0x00,
	0xe117, 0x00,
	0xe121, 0x57,
	0xe123, 0x61,
	0xe127, 0xb1,
	0xe12b, 0xe8,
	0xe12f, 0x24,
	0xe133, 0x60,
	0xe139, 0x57,
	0xe13b, 0x5c,
	0xe13f, 0xac,
	0xe143, 0xe8,
	0xe147, 0x24,
	0xe14b, 0x60,
	0xe151, 0x57,
	0xe153, 0x5d,
	0xe157, 0xad,
	0xe15b, 0xe9,
	0xe15f, 0x25,
	0xe163, 0x61,
	0xe169, 0x57,
	0xe16b, 0x5d,
	0xe16f, 0xad,
	0xe173, 0xe9,
	0xe177, 0x25,
	0xe17b, 0x61,
	0xe181, 0x57,
	0xe183, 0x5e,
	0xe187, 0xae,
	0xe18b, 0xea,
	0xe18f, 0x26,
	0xe193, 0x62,
	0xe199, 0x57,
	0xe19b, 0x5e,
	0xe19f, 0xae,
	0xe1a3, 0xea,
	0xe1a7, 0x26,
	0xe1ab, 0x62,
	0xe1b1, 0x57,
	0xe1b3, 0x61,
	0xe1b7, 0xb1,
	0xe1c9, 0x57,
	0xe1cb, 0x5c,
	0xe1cf, 0xac,
	0xe1d3, 0xe8,
	0xe1d7, 0x24,
	0xe1db, 0x60,
	0xe1e1, 0x57,
	0xe1e3, 0x5d,
	0xe1e7, 0xad,
	0xe1eb, 0xe9,
	0xe1ef, 0x25,
	0xe1f3, 0x61,
	0xe1f9, 0x57,
	0xe1fb, 0x5d,
	0xe1ff, 0xad,
	0xe203, 0xe9,
	0xe207, 0x25,
	0xe20b, 0x61,
	0xe211, 0x57,
	0xe213, 0x5e,
	0xe217, 0xae,
	0xe21b, 0xea,
	0xe21f, 0x26,
	0xe223, 0x62,
	0xe229, 0x57,
	0xe22b, 0x5e,
	0xe22f, 0xae,
	0xe233, 0xea,
	0xe237, 0x26,
	0xe23b, 0x62,
	0xe2d1, 0x31,
	0xe2d2, 0x01,
	0xe2d3, 0x73,
	0xe2e1, 0x0b,
	0xe2e3, 0x47,
	0xe2e5, 0x6d,
	0xe2e7, 0x97,
	0xe2e9, 0xbd,
	0xe2eb, 0xd3,
	0xe2ed, 0xf9,
	0xe2ee, 0x01,
	0xe2ef, 0x0f,
	0xe2f0, 0x01,
	0xe2f1, 0x35,
	0xe2f2, 0x01,
	0xe2f3, 0x4b,
	0xe2f9, 0x1d,
	0xe2fa, 0x01,
	0xe2fb, 0x23,
	0xe309, 0x29,
	0xe30b, 0x5b,
	0xe321, 0x58,
	0xe322, 0x01,
	0xe323, 0x23,
	0xe341, 0x58,
	0xe342, 0x01,
	0xe343, 0x23,
	0xe351, 0x58,
	0xe352, 0x01,
	0xe353, 0x73,
	0xe361, 0x58,
	0xe362, 0x01,
	0xe363, 0x73,
	0xe3aa, 0x00,
	0xe3ab, 0x5c,
	0xe3ad, 0x63,
	0xe3af, 0xac,
	0xe3b1, 0xb3,
	0xe3b2, 0x01,
	0xe3b3, 0x73,
	0xe3b9, 0x60,
	0xe3bb, 0x63,
	0xe3bd, 0xb0,
	0xe3bf, 0xb3,
	0xe3c0, 0x00,
	0xe3c1, 0xec,
	0xe3c2, 0x00,
	0xe3c3, 0xef,
	0xe3c5, 0x28,
	0xe3c7, 0x2b,
	0xe3c8, 0x01,
	0xe3c9, 0x64,
	0xe3ca, 0x01,
	0xe3cb, 0x67,
	0xe3cd, 0x15,
	0xe3cf, 0x3b,
	0xe3d9, 0x15,
	0xe3db, 0x3b,
	0xe409, 0x01,
	0xe40b, 0x0b,
	0xe40c, 0x01,
	0xe40d, 0x69,
	0xe415, 0x01,
	0xe417, 0x0b,
	0xe418, 0x01,
	0xe419, 0x69,
	0xe421, 0x01,
	0xe423, 0x0b,
	0xe424, 0x01,
	0xe425, 0x69,
	0xe42c, 0x01,
	0xe42d, 0x69,
	0xe42f, 0x35,
	0xe438, 0x01,
	0xe439, 0x69,
	0xe43b, 0x35,
	0xe469, 0x01,
	0xe46b, 0x0b,
	0xe46c, 0x01,
	0xe46d, 0x69,
	0xe475, 0x01,
	0xe477, 0x0b,
	0xe478, 0x01,
	0xe479, 0x69,
	0xe481, 0x01,
	0xe483, 0x0b,
	0xe484, 0x01,
	0xe485, 0x69,
	0xe48d, 0x01,
	0xe48f, 0x0b,
	0xe4d5, 0x01,
	0xe4e1, 0x01,
	0xe4e3, 0x42,
	0xe4ef, 0x75,
	0xe4f9, 0x40,
	0xe4fb, 0x75,
	0xe505, 0x01,
	0xe511, 0x01,
	0xe513, 0x42,
	0xe51f, 0x75,
	0xe529, 0x40,
	0xe52b, 0x75,
	0xe545, 0xb5,
	0xe547, 0xbf,
	0xe549, 0xf1,
	0xe54b, 0xfb,
	0xe54c, 0x01,
	0xe54d, 0x2d,
	0xe54e, 0x01,
	0xe54f, 0x37,
	0xe5a5, 0xb5,
	0xe5a7, 0xbf,
	0xe5a9, 0xf1,
	0xe5ab, 0xfb,
	0xe5ac, 0x01,
	0xe5ad, 0x2d,
	0xe5ae, 0x01,
	0xe5af, 0x37,
	0xe5f4, 0x00,
	0xe5f5, 0x1f,
	0xe5f6, 0x00,
	0xe5f7, 0x24,
	0xe600, 0x00,
	0xe601, 0x1f,
	0xe602, 0x00,
	0xe603, 0x24,
	0xe605, 0xfb,
	0xe606, 0x01,
	0xe60c, 0x00,
	0xe60d, 0x1f,
	0xe60e, 0x00,
	0xe60f, 0x24,
	0xe618, 0x00,
	0xe619, 0x1f,
	0xe61a, 0x00,
	0xe61b, 0x24,
	0xe61d, 0xfb,
	0xe61e, 0x01,
	0xe625, 0x1f,
	0xe627, 0x24,
	0xe635, 0x1f,
	0xe637, 0x24,
	0xe645, 0x1f,
	0xe647, 0x24,
	0xe655, 0x1f,
	0xe657, 0x24,
	0xe6a5, 0x01,
	0xe6b1, 0x01,
	0xe6b3, 0x42,
	0xe6bd, 0x01,
	0xe6c9, 0x01,
	0xe6cb, 0x42,
	0xe6d7, 0x75,
	0xe6e1, 0x40,
	0xe6e3, 0x75,
	0xe6ef, 0x75,
	0xe6f9, 0x40,
	0xe6fb, 0x75,
	0xe705, 0x63,
	0xe707, 0x3c,
	0xe71d, 0x63,
	0xe71f, 0x3c,
	0xe735, 0x63,
	0xe737, 0x3c,
	0xe74d, 0x63,
	0xe74f, 0x3c,
	0xe764, 0x00,
	0xe765, 0xc6,
	0xe767, 0x20,
	0xe768, 0x01,
	0xe769, 0x02,
	0xe76b, 0xd1,
	0xe76c, 0x01,
	0xe76d, 0x73,
	0xe76e, 0x01,
	0xe76f, 0x0d,
	0xe788, 0x01,
	0xe789, 0x69,
	0xe78a, 0x01,
	0xe78b, 0x73,
	0xe794, 0x01,
	0xe795, 0x69,
	0xe796, 0x01,
	0xe797, 0x73,
	0xe7bb, 0x5c,
	0xe7bf, 0xac,
	0xe7c3, 0xe8,
	0xe7c7, 0x24,
	0xe7cb, 0x60,
	0xe7d3, 0x5c,
	0xe7d7, 0xac,
	0xe7db, 0xe8,
	0xe7df, 0x24,
	0xe7e3, 0x60,
	0xe7eb, 0x5d,
	0xe7ef, 0xad,
	0xe7f3, 0xe9,
	0xe7f7, 0x25,
	0xe7fb, 0x61,
	0xe803, 0x5d,
	0xe807, 0xad,
	0xe80b, 0xe9,
	0xe80f, 0x25,
	0xe813, 0x61,
	0xe81b, 0x5e,
	0xe81f, 0xae,
	0xe823, 0xea,
	0xe827, 0x26,
	0xe82b, 0x62,
	0xe833, 0x5e,
	0xe837, 0xae,
	0xe83b, 0xea,
	0xe83f, 0x26,
	0xe843, 0x62,
	0xe863, 0x5c,
	0xe867, 0xac,
	0xe86b, 0xe8,
	0xe86f, 0x24,
	0xe873, 0x60,
	0xe87b, 0x5d,
	0xe87f, 0xad,
	0xe883, 0xe9,
	0xe887, 0x25,
	0xe88b, 0x61,
	0xe893, 0x5d,
	0xe897, 0xad,
	0xe89b, 0xe9,
	0xe89f, 0x25,
	0xe8a3, 0x61,
	0xe8ab, 0x5e,
	0xe8af, 0xae,
	0xe8b3, 0xea,
	0xe8b7, 0x26,
	0xe8bb, 0x62,
	0xe8c3, 0x5e,
	0xe8c7, 0xae,
	0xe8cb, 0xea,
	0xe8cf, 0x26,
	0xe8d3, 0x62,
	0xe8db, 0x1f,
	0xe8e7, 0x1f,
	0xe8ff, 0x5e,
	0xe903, 0xae,
	0xe907, 0xea,
	0xe90b, 0x26,
	0xe90f, 0x62,
	0xe95f, 0x1f,
	0xe96b, 0x1f,
	0xe975, 0x53,
	0xe981, 0x53,
	0x468f, 0x20,
	0x0102, 0x01,
	0x3106, 0x80,
	0x4d0d, 0x00,

	0x3200, 0x00,
	0x3201, 0x02,
	0x3202, 0x0f,
	0x3203, 0x1c,
	0x3204, 0x29,
	0x3205, 0x2a,
	0x3226, 0x2b,
	0x3227, 0x38,
	0x3228, 0x45,
	0x3229, 0x52,
	0x322a, 0x5f,
	0x322b, 0x63,
	0x322c, 0x67,
	0x322d, 0x6b,
	0x322e, 0x6f,
	0x322f, 0x73,

	// ois off
	0x3002, 0x00,	//	bit[7] = 1 ; set VSYNC as output
	0x3680, 0x00,	//	assign VSYNC for OIS pin
	0x38f3, 0x00,	//	Enable OIS function
	0x38f4, 0x08,	//	bit[7:0] offset1[7:0]
	0x38f5, 0x00,	//	bit[7:4] for offset2[11:8]; bit[3:0] for offset1[11:8]
	0x38f6, 0x08,	//	bit[7:4] offset2[7:0]
	0x38af, 0x40,	//	Bit[6]: OIS function signal polarity
};

// preview mode 0
// Mode_1
static u16 warholovx9500wide_preview_setting[] = {
	0x0345,	0x40,
	0x0360,	0x01,
	0x100f,	0x62,
	0x101f,	0x62,
	0x1023,	0x37,
	0x1027,	0x4b,
	0x102b,	0xa2,
	0x102f,	0xd0,
	0x1034,	0x00,
	0x103b,	0xd0,
	0x1040,	0x00,
	0x1047,	0xb4,
	0x107a,	0x88,
	0x107b,	0x08,
	0x107e,	0x8b,
	0x107f,	0x03,
	0x1083,	0x0a,
	0x1087,	0x33,
	0x1093,	0x58,
	0x10a7,	0x02,
	0x10ab,	0x00,
	0x10ae,	0x8d,
	0x10af,	0x02,
	0x10b2,	0x8f,
	0x10b6,	0x92,
	0x10b7,	0x03,
	0x10ba,	0x95,
	0x10bb,	0x04,
	0x10be,	0x97,
	0x10c2,	0x9b,
	0x10c3,	0x10,
	0x10c6,	0x00,
	0x10c7,	0x00,
	0x1141,	0x00,
	0x1143,	0x00,
	0x11f9,	0xb5,
	0x11fb,	0xc1,
	0x1211,	0xb5,
	0x1213,	0xc1,
	0x1241,	0xb5,
	0x1243,	0xc1,
	0x1261,	0xb5,
	0x1263,	0xc1,
	0x12a1,	0xb5,
	0x12a3,	0xc1,
	0x12c1,	0xb5,
	0x12c3,	0xc1,
	0x130d,	0xc3,
	0x130e,	0x00,
	0x130f,	0xef,
	0x1310,	0x00,
	0x1311,	0xff,
	0x1313,	0x2b,
	0x1314,	0x01,
	0x1315,	0x43,
	0x1316,	0x01,
	0x1317,	0x69,
	0x1514,	0x00,
	0x1515,	0xc9,
	0x1bd1,	0x85,
	0x1c01,	0xc3,
	0x1c02,	0x00,
	0x1c03,	0xef,
	0x1c04,	0x00,
	0x1c05,	0xff,
	0x1c06,	0x01,
	0x1c07,	0x2b,
	0x1c08,	0x01,
	0x1c09,	0x3b,
	0x24ef,	0x6b,
	0x2507,	0xb5,
	0x251d,	0xc1,
	0x25f9,	0xbf,
	0x25fa,	0x00,
	0x25fb,	0xc4,
	0x2611,	0xbf,
	0x2612,	0x00,
	0x2613,	0xc4,
	0x2629,	0xbf,
	0x262a,	0x00,
	0x262b,	0xc4,
	0x2649,	0xbf,
	0x264a,	0x00,
	0x264b,	0xc4,
	0x2665,	0xbf,
	0x2666,	0x00,
	0x2667,	0xc4,
	0x2685,	0xbf,
	0x2686,	0x00,
	0x2687,	0xc4,
	0x26a7,	0xb5,
	0x26d5,	0xc1,
	0x26ef,	0x6b,
	0x2705,	0xb3,
	0x2708,	0x00,
	0x2709,	0xef,
	0x270b,	0xc3,
	0x270d,	0x2b,
	0x270e,	0x00,
	0x270f,	0xff,
	0x2710,	0x01,
	0x2711,	0x69,
	0x2712,	0x01,
	0x2713,	0x3b,
	0x271d,	0xb3,
	0x2720,	0x00,
	0x2721,	0xef,
	0x2723,	0xc3,
	0x2725,	0x2b,
	0x2726,	0x00,
	0x2727,	0xff,
	0x2728,	0x01,
	0x2729,	0x69,
	0x272a,	0x01,
	0x272b,	0x3b,
	0x2735,	0xb3,
	0x2738,	0x00,
	0x2739,	0xef,
	0x273b,	0xc3,
	0x273d,	0x2b,
	0x273e,	0x00,
	0x273f,	0xff,
	0x2740,	0x01,
	0x2741,	0x69,
	0x2742,	0x01,
	0x2743,	0x3b,
	0x274d,	0xb3,
	0x2750,	0x00,
	0x2751,	0xef,
	0x2753,	0xc3,
	0x2755,	0x2b,
	0x2756,	0x00,
	0x2757,	0xff,
	0x2758,	0x01,
	0x2759,	0x69,
	0x275a,	0x01,
	0x275b,	0x3b,
	0x3010,	0x01,
	0x3402,	0xaf,
	0x3403,	0x19,
	0x3404,	0x19,
	0x3405,	0x0f,
	0x3406,	0x08,
	0x3408,	0x0f,
	0x3409,	0x08,
	0x340a,	0x03,
	0x341b,	0x30,
	0x344d,	0x02,
	0x344e,	0x02,
	0x3506,	0xf8,
	0x350d,	0x00,
	0x350e,	0xb1,
	0x3546,	0xf8,
	0x354d,	0x00,
	0x354e,	0xb1,
	0x3586,	0xf8,
	0x3608,	0x01,
	0x3622,	0x88,
	0x3623,	0x08,
	0x3691,	0x00,
	0x3692,	0x00,
	0x3696,	0x00,
	0x369a,	0x10,
	0x369b,	0x00,
	0x36a5,	0x02,
	0x36a6,	0x40,
	0x36a7,	0x00,
	0x36b0,	0x84,
	0x36b1,	0x00,
	0x36c8,	0x01,
	0x3714,	0x62,
	0x37bc,	0x08,
	0x37c9,	0x00,
	0x3800,	0x00,
	0x3801,	0x00,
	0x3802,	0x00,
	0x3803,	0x00,
	0x3804,	0x20,
	0x3805,	0x1f,
	0x3806,	0x18,
	0x3807,	0x3f,
	0x3808,	0x10,
	0x3809,	0x00,
	0x380a,	0x0c,
	0x380b,	0x00,
	0x380c,	0x04,
	0x380d,	0xb0,
	0x380e,	0x0c,
	0x380f,	0xfa,
	0x3811,	0x08,
	0x3813,	0x11,
	0x3814,	0x11,
	0x3815,	0x11,
	0x3820,	0x46,
	0x3821,	0x10,
	0x3823,	0x04,
	0x3828,	0x02,
	0x3830,	0x02,
	0x3831,	0x12,
	0x3837,	0x04,
	0x383f,	0x00,
	0x384c,	0x04,
	0x384d,	0xb0,
	0x386d,	0x7c,
	0x3889,	0x08,
	0x388b,	0x10,
	0x388c,	0x10,
	0x388d,	0x00,
	0x388e,	0x0c,
	0x388f,	0x00,
	0x3894,	0x10,
	0x3896,	0x00,
	0x38a1,	0x1d,
	0x38a2,	0x98,
	0x38a4,	0x1d,
	0x38a5,	0x98,
	0x38a6,	0x20,
	0x38a9,	0x3b,
	0x38aa,	0x30,
	0x38ab,	0x00,
	0x38ad,	0x1d,
	0x38ae,	0x98,
	0x38b0,	0x01,
	0x38db,	0xe1,
	0x3f00,	0x06,
	0x3f30,	0x04,
	0x3f70,	0x06,
	0x3f72,	0x14,
	0x3f74,	0x14,
	0x3f76,	0x08,
	0x3f78,	0x08,
	0x3f7a,	0x08,
	0x3f7c,	0x0e,
	0x3f7e,	0x0e,
	0x3f80,	0x0e,
	0x3f8e,	0x08,
	0x3f90,	0x08,
	0x3f92,	0x08,
	0x400e,	0x1c,
	0x400f,	0x60,
	0x4010,	0xf4,
	0x4012,	0x50,
	0x4016,	0x1d,
	0x4018,	0x0f,
	0x4506,	0x01,
	0x4509,	0x07,
	0x450c,	0x00,
	0x450d,	0x60,
	0x4546,	0x04,
	0x4547,	0xb0,
	0x4549,	0x00,
	0x4580,	0x05,
	0x45c0,	0x45,
	0x45cb,	0xf0,
	0x45cc,	0x02,
	0x45cd,	0x00,
	0x45ce,	0x00,
	0x4602,	0x00,
	0x4603,	0x15,
	0x460b,	0x07,
	0x4640,	0x01,
	0x4641,	0x00,
	0x4643,	0x0c,
	0x4680,	0x09,
	0x468e,	0x30,
	0x4690,	0x11,
	0x4692,	0x56,
	0x4693,	0x00,
	0x4695,	0x11,
	0x4697,	0x11,
	0x46c0,	0x01,
	0x46c2,	0x04,
	0x46cb,	0xff,
	0x4701,	0x40,
	0x4703,	0x08,
	0x47c0,	0x05,
	0x47c2,	0x02,
	0x47c4,	0x05,
	0x47c6,	0x01,
	0x47c8,	0x05,
	0x47ca,	0x02,
	0x47cc,	0x05,
	0x47ce,	0x01,
	0x4808,	0x54,
	0x4813,	0x10,
	0x4836,	0x32,
	0x490e,	0x08,
	0x490f,	0x60,
	0x4910,	0x00,
	0x4912,	0x00,
	0x4a0e,	0x08,
	0x4a0f,	0x60,
	0x4a10,	0x00,
	0x4a12,	0x00,
	0x4b00,	0x00,
	0x4b10,	0x02,
	0x4b11,	0x06,
	0x4b12,	0x02,
	0x4b13,	0x06,
	0x4b14,	0x02,
	0x4b15,	0x06,
	0x4b16,	0x0a,
	0x4b17,	0x0e,
	0x4b20,	0x02,
	0x4b21,	0x06,
	0x4b22,	0x02,
	0x4b23,	0x06,
	0x4b24,	0x02,
	0x4b25,	0x06,
	0x4b26,	0x0a,
	0x4b27,	0x0e,
	0x4b30,	0x02,
	0x4b31,	0x06,
	0x4b32,	0x02,
	0x4b33,	0x06,
	0x4b34,	0x02,
	0x4b35,	0x06,
	0x4b36,	0x0a,
	0x4b37,	0x0e,
	0x4b3d,	0x00,
	0x4b3f,	0x00,
	0x4b41,	0x08,
	0x4b42,	0x00,
	0x4b43,	0x08,
	0x4b45,	0x08,
	0x4b46,	0x00,
	0x4b47,	0x08,
	0x4b48,	0x02,
	0x4b49,	0x00,
	0x4b4a,	0x01,
	0x4b4b,	0x00,
	0x4b51,	0x06,
	0x4b52,	0x02,
	0x4b53,	0x06,
	0x4b54,	0x02,
	0x4b55,	0x06,
	0x4b56,	0x0a,
	0x4b57,	0x0e,
	0x4b5a,	0x08,
	0x4b61,	0x06,
	0x4b62,	0x02,
	0x4b63,	0x06,
	0x4b64,	0x02,
	0x4b65,	0x06,
	0x4b66,	0x0a,
	0x4b67,	0x0e,
	0x4b6a,	0x08,
	0x4b71,	0x06,
	0x4b72,	0x02,
	0x4b73,	0x06,
	0x4b74,	0x02,
	0x4b75,	0x06,
	0x4b76,	0x0a,
	0x4b77,	0x0e,
	0x4b7a,	0x08,
	0x4b7d,	0x00,
	0x4b7f,	0x00,
	0x4b82,	0x00,
	0x4b83,	0x08,
	0x4b85,	0x08,
	0x4b86,	0x00,
	0x4b87,	0x08,
	0x4b88,	0x02,
	0x4b89,	0x00,
	0x4b8a,	0x01,
	0x4b8b,	0x00,
	0x4b91,	0x06,
	0x4b92,	0x02,
	0x4b93,	0x06,
	0x4b94,	0x02,
	0x4b95,	0x06,
	0x4b96,	0x0a,
	0x4b97,	0x0e,
	0x4b9a,	0x08,
	0x4ba1,	0x06,
	0x4ba2,	0x02,
	0x4ba3,	0x06,
	0x4ba4,	0x02,
	0x4ba5,	0x06,
	0x4ba6,	0x0a,
	0x4ba7,	0x0e,
	0x4baa,	0x08,
	0x4bb1,	0x06,
	0x4bb2,	0x02,
	0x4bb3,	0x06,
	0x4bb4,	0x02,
	0x4bb5,	0x06,
	0x4bb6,	0x0a,
	0x4bb7,	0x0e,
	0x4bba,	0x08,
	0x4bbd,	0x00,
	0x4bbf,	0x00,
	0x4bc2,	0x00,
	0x4bc3,	0x08,
	0x4bc5,	0x08,
	0x4bc6,	0x00,
	0x4bc7,	0x08,
	0x4bc8,	0x02,
	0x4bc9,	0x00,
	0x4bca,	0x01,
	0x4bcb,	0x00,
	0x5000,	0x0f,
	0x5001,	0x00,
	0x5002,	0x40,
	0x5003,	0xc0,
	0x5016,	0x11,
	0x5017,	0x00,
	0x50b3,	0x00,
	0x51a7,	0xc0,
	0x54a7,	0xc0,
	0x57a7,	0xc0,
	0x5a60,	0x7b,
	0x5b95,	0x45,
	0x5b97,	0x0c,
	0x5b98,	0x08,
	0x5b99,	0x00,
	0x5bc0,	0x1f,
	0x5e00,	0x7b,
	0x5f35,	0x45,
	0x5f37,	0x0c,
	0x5f38,	0x08,
	0x5f39,	0x00,
	0x5f60,	0x1f,
	0x6200,	0x60,
	0x6201,	0x00,
	0x6365,	0x00,
	0x6382,	0x03,
	0x6392,	0x03,
	0x64a0,	0x01,
	0x64a1,	0x00,
	0x64a2,	0x40,
	0xc400,	0x11,
	0xc405,	0x12,
	0xc406,	0x12,
	0xc407,	0x00,
	0xc408,	0x00,
	0xc409,	0x00,
	0xc40a,	0x00,
	0xc40b,	0x00,
	0xc40c,	0x00,
	0xc40d,	0x00,
	0xc40e,	0x00,
	0xc40f,	0x00,
	0xc410,	0x00,
	0xc411,	0x00,
	0xc412,	0x00,
	0xc413,	0x00,
	0xc414,	0x00,
	0xc41c,	0x00,
	0xc41e,	0x00,
	0xc420,	0x00,
	0xc422,	0x00,
	0xc424,	0x00,
	0xc426,	0x00,
	0xc428,	0x00,
	0xc42a,	0x00,
	0xc42c,	0x00,
	0xc42e,	0x00,
	0xc430,	0x00,
	0xc432,	0x00,
	0xc434,	0x00,
	0xc435,	0x12,
	0xc436,	0x12,
	0xc437,	0x00,
	0xc438,	0x00,
	0xc439,	0x00,
	0xc43a,	0x00,
	0xc43b,	0x00,
	0xc43c,	0x00,
	0xc43d,	0x00,
	0xc43e,	0x00,
	0xc43f,	0x00,
	0xc440,	0x00,
	0xc441,	0x00,
	0xc442,	0x00,
	0xc443,	0x00,
	0xc444,	0x00,
	0xc464,	0x60,
	0xc465,	0x60,
	0xc466,	0x60,
	0xc804,	0x1d,
	0xc805,	0x1d,
	0xc806,	0x1c,
	0xc807,	0x1c,
	0xc808,	0x16,
	0xc809,	0x10,
	0xc80c,	0x0f,
	0xc81d,	0x03,
	0xc81e,	0x03,
	0xc820,	0x03,
	0xc829,	0x01,
	0xc82a,	0x10,
	0xc82b,	0x15,
	0xc82c,	0x1b,
	0xc82d,	0x1c,
	0xc85a,	0x3f,
	0xc85b,	0x3f,
	0xc85c,	0x3f,
	0xc85d,	0x3f,
	0xc85e,	0x3f,
	0xc85f,	0x3f,
	0xc860,	0x2d,
	0xc861,	0x2d,
	0xc862,	0x3f,
	0xc863,	0x2d,
	0xc864,	0x2d,
	0xc865,	0x3f,
	0xc873,	0x10,
	0xc874,	0x10,
	0xc875,	0x10,
	0xc898,	0x0b,
	0xc899,	0x00,
	0xc89a,	0x00,
	0xc89b,	0x00,
	0xc89c,	0x00,
	0xc89d,	0xea,
	0xc8a5,	0x1f,
	0xc8a6,	0x12,
	0xc8a7,	0x0b,
	0xc8a8,	0x0f,
	0xc8aa,	0x00,
	0xc8b1,	0x06,
	0xc8b2,	0x0a,
	0xc8b3,	0x18,
	0xc8b4,	0x37,
	0xc8b5,	0x00,
	0xc8b6,	0x00,
	0xc8b7,	0x0b,
	0xc8b8,	0x0b,
	0xc8b9,	0x16,
	0xc8ba,	0x2c,
	0xc8bb,	0x00,
	0xc8bc,	0x00,
	0xc8bd,	0x02,
	0xc8be,	0x02,
	0xc8bf,	0x04,
	0xc8c3,	0x0a,
	0xc8c4,	0x0a,
	0xc8c5,	0x0a,
	0xc8ca,	0x00,
	0xc8cb,	0x03,
	0xc8cc,	0x12,
	0xc8cd,	0x04,
	0xc8ce,	0x03,
	0xc8cf,	0x03,
	0xc8d0,	0x03,
	0xc8d1,	0x01,
	0xc8d2,	0x02,
	0xc8d3,	0x01,
	0xc8d4,	0x01,
	0xc8d5,	0x02,
	0xc8d6,	0x02,
	0xc8d7,	0x68,
	0xc8d8,	0x67,
	0xc8d9,	0x67,
	0xc8da,	0x03,
	0xc8db,	0x66,
	0xc8dc,	0x66,
	0xc8dd,	0x66,
	0xc8de,	0x66,
	0xc8df,	0x66,
	0xc8e0,	0x66,
	0xc8e1,	0x66,
	0xc8e2,	0x66,
	0xc8e3,	0x66,
	0xc8e4,	0x66,
	0xc8e5,	0x0f,
	0xc8e6,	0x0f,
	0xc8e7,	0x0f,
	0xc8e9,	0x0f,
	0xc8ea,	0x0f,
	0xc8eb,	0x0f,
	0xc8ec,	0x0f,
	0xc8ed,	0x0f,
	0xc8ee,	0x0f,
	0xc8f3,	0x1e,
	0xc8f4,	0x1e,
	0xc8f5,	0x16,
	0xc8f6,	0x08,
	0xc8f7,	0x10,
	0xc8f8,	0x18,
	0xc8f9,	0x05,
	0xc8fa,	0x05,
	0xc8fb,	0x0a,
	0xc8fc,	0x0a,
	0xc8fd,	0x00,
	0xc8fe,	0x00,
	0xc8ff,	0x00,
	0xc900,	0x00,
	0xc903,	0x0b,
	0xc904,	0x11,
	0xc906,	0x1a,
	0xc907,	0x1a,
	0xc908,	0x1a,
	0xc924,	0x03,
	0xc925,	0x03,
	0xc930,	0x05,
	0xc931,	0x13,
	0xc933,	0x1d,
	0xc95c,	0x34,
	0xc95d,	0x3f,
	0xc95e,	0x3f,
	0xc95f,	0x34,
	0xc960,	0x3f,
	0xc961,	0x3f,
	0xc962,	0x22,
	0xc963,	0x3f,
	0xc964,	0x3f,
	0xc965,	0x22,
	0xc966,	0x3f,
	0xc967,	0x3f,
	0xc975,	0x10,
	0xc976,	0x10,
	0xc977,	0x10,
	0xc999,	0x3f,
	0xc99a,	0x00,
	0xc99c,	0x00,
	0xc99d,	0x00,
	0xc99f,	0xd7,
	0xc9a7,	0x2e,
	0xc9a8,	0x2b,
	0xc9a9,	0x00,
	0xc9aa,	0x00,
	0xc9b3,	0x06,
	0xc9b4,	0x04,
	0xc9b5,	0x08,
	0xc9b9,	0x0b,
	0xc9ba,	0x0a,
	0xc9bb,	0x0b,
	0xc9bf,	0x02,
	0xc9c0,	0x02,
	0xc9c1,	0x0e,
	0xc9c2,	0x24,
	0xc9c5,	0x0a,
	0xc9c7,	0x14,
	0xc9c8,	0x27,
	0xc9cc,	0x01,
	0xc9cd,	0x01,
	0xc9ce,	0x00,
	0xc9cf,	0x01,
	0xc9d0,	0x02,
	0xc9d1,	0x00,
	0xc9d2,	0x00,
	0xc9d3,	0x00,
	0xc9d4,	0x00,
	0xc9d9,	0x9c,
	0xc9da,	0x9b,
	0xc9db,	0x9b,
	0xc9dc,	0x57,
	0xc9dd,	0x99,
	0xc9de,	0x99,
	0xc9df,	0x9c,
	0xc9e0,	0x9c,
	0xc9e1,	0x9c,
	0xc9e2,	0x9c,
	0xc9e3,	0x9c,
	0xc9e4,	0x9c,
	0xc9e5,	0x9c,
	0xc9e6,	0x9c,
	0xc9ea,	0x0f,
	0xc9eb,	0x0f,
	0xc9ec,	0x0f,
	0xc9f5,	0x14,
	0xc9f6,	0x0f,
	0xc9f7,	0x0f,
	0xc9f8,	0x0a,
	0xc9f9,	0x06,
	0xc9fa,	0x10,
	0xc9fb,	0x00,
	0xc9fc,	0x00,
	0xc9fd,	0x00,
	0xc9fe,	0x00,
	0xca0b,	0x0b,
	0xca0c,	0x11,
	0xca0e,	0x1a,
	0xca0f,	0x1a,
	0xca10,	0x1a,
	0xca17,	0x81,
	0xca1b,	0x3e,
	0xd013,	0x37,
	0xd023,	0x37,
	0xd027,	0x36,
	0xd02b,	0x96,
	0xd02f,	0x7a,
	0xd034,	0x00,
	0xd03b,	0x7a,
	0xd083,	0x00,
	0xd087,	0x02,
	0xd08f,	0x00,
	0xd093,	0x02,
	0xd0a7,	0x02,
	0xd0ab,	0x09,
	0xd0af,	0x00,
	0xd0b3,	0x00,
	0xd0bb,	0x08,
	0xd0c3,	0x10,
	0xd0ce,	0x41,
	0xd0cf,	0x05,
	0xd143,	0x50,
	0xd1f9,	0xb5,
	0xd1fb,	0xc1,
	0xd211,	0xb5,
	0xd213,	0xc1,
	0xd241,	0xb5,
	0xd243,	0xc1,
	0xd261,	0xb5,
	0xd263,	0xc1,
	0xd2a1,	0xb5,
	0xd2a3,	0xc1,
	0xd2c1,	0xb5,
	0xd2c3,	0xc1,
	0xd309,	0xc3,
	0xd30a,	0x00,
	0xd30b,	0xef,
	0xd30d,	0xff,
	0xd30e,	0x01,
	0xd30f,	0x73,
	0xd514,	0x00,
	0xd515,	0xc9,
	0xdbfd,	0xc3,
	0xdbff,	0xef,
	0xdc01,	0xff,
	0xddf7,	0x42,
	0xde7b,	0x42,
	0xdeef,	0x42,
	0xdf37,	0x42,
	0xe30c,	0x00,
	0xe30d,	0xd1,
	0xe30e,	0x00,
	0xe30f,	0xe7,
	0xe310,	0x01,
	0xe311,	0x0d,
	0xe312,	0x01,
	0xe313,	0x69,
	0xe4d7,	0xb5,
	0xe4ed,	0xc1,
	0xe507,	0xb5,
	0xe51d,	0xc1,
	0xe5f9,	0xbf,
	0xe5fa,	0x00,
	0xe5fb,	0xc4,
	0xe611,	0xbf,
	0xe612,	0x00,
	0xe613,	0xc4,
	0xe629,	0xbf,
	0xe62a,	0x00,
	0xe62b,	0xc4,
	0xe649,	0xbf,
	0xe64a,	0x00,
	0xe64b,	0xc4,
	0xe665,	0xbf,
	0xe666,	0x00,
	0xe667,	0xc4,
	0xe685,	0xbf,
	0xe686,	0x00,
	0xe687,	0xc4,
	0xe6a7,	0xb5,
	0xe6bf,	0xb5,
	0xe6d5,	0xc1,
	0xe6ed,	0xc1,
	0xe708,	0x00,
	0xe709,	0xef,
	0xe70b,	0xc3,
	0xe70c,	0x01,
	0xe70d,	0x73,
	0xe70f,	0xff,
	0xe720,	0x00,
	0xe721,	0xef,
	0xe723,	0xc3,
	0xe724,	0x01,
	0xe725,	0x73,
	0xe727,	0xff,
	0xe738,	0x00,
	0xe739,	0xef,
	0xe73b,	0xc3,
	0xe73c,	0x01,
	0xe73d,	0x73,
	0xe73f,	0xff,
	0xe750,	0x00,
	0xe751,	0xef,
	0xe753,	0xc3,
	0xe754,	0x01,
	0xe755,	0x73,
	0xe757,	0xff,
	// ois on	offset1: 13ms
	0x3002, 0x00,	//	bit[7] = 1 ; set VSYNC as output
	0x3680, 0x08,	//	assign VSYNC for OIS pin
	0x38f3, 0x02,	//	Enable OIS function
	0x38f4, 0x14,	//	bit[7:0] offset1[7:0]
	0x38f5, 0x05,	//	bit[7:4] for offset2[11:8]; bit[3:0] for offset1[11:8]
	0x38f6, 0x00,	//	bit[7:4] offset2[7:0]
	0x38af, 0x40,	//	Bit[6]: OIS function signal polarity
};

// normal_video mode 2
// mode_9
static u16 warholovx9500wide_normal_video_setting[] = {
	0x0345,	0x40,
	0x0360,	0x01,
	0x100f,	0x62,
	0x101f,	0x62,
	0x1023,	0x37,
	0x1027,	0x4b,
	0x102b,	0xa2,
	0x102f,	0xd0,
	0x1034,	0x00,
	0x103b,	0xd0,
	0x1040,	0x00,
	0x1047,	0xb4,
	0x107a,	0x88,
	0x107b,	0x08,
	0x107e,	0x8b,
	0x107f,	0x03,
	0x1083,	0x0a,
	0x1087,	0x33,
	0x1093,	0x58,
	0x10a7,	0x02,
	0x10ab,	0x00,
	0x10ae,	0x8d,
	0x10af,	0x02,
	0x10b2,	0x8f,
	0x10b6,	0x92,
	0x10b7,	0x03,
	0x10ba,	0x95,
	0x10bb,	0x04,
	0x10be,	0x97,
	0x10c2,	0x9b,
	0x10c3,	0x10,
	0x10c6,	0x00,
	0x10c7,	0x00,
	0x1141,	0x00,
	0x1143,	0x00,
	0x11f9,	0xb5,
	0x11fb,	0xc1,
	0x1211,	0xb5,
	0x1213,	0xc1,
	0x1241,	0xb5,
	0x1243,	0xc1,
	0x1261,	0xb5,
	0x1263,	0xc1,
	0x12a1,	0xb5,
	0x12a3,	0xc1,
	0x12c1,	0xb5,
	0x12c3,	0xc1,
	0x130d,	0xc3,
	0x130e,	0x00,
	0x130f,	0xef,
	0x1310,	0x00,
	0x1311,	0xff,
	0x1313,	0x2b,
	0x1314,	0x01,
	0x1315,	0x43,
	0x1316,	0x01,
	0x1317,	0x69,
	0x1514,	0x00,
	0x1515,	0xc9,
	0x1bd1,	0x85,
	0x1c01,	0xc3,
	0x1c02,	0x00,
	0x1c03,	0xef,
	0x1c04,	0x00,
	0x1c05,	0xff,
	0x1c06,	0x01,
	0x1c07,	0x2b,
	0x1c08,	0x01,
	0x1c09,	0x3b,
	0x24ef,	0x6b,
	0x2507,	0xb5,
	0x251d,	0xc1,
	0x25f9,	0xbf,
	0x25fa,	0x00,
	0x25fb,	0xc4,
	0x2611,	0xbf,
	0x2612,	0x00,
	0x2613,	0xc4,
	0x2629,	0xbf,
	0x262a,	0x00,
	0x262b,	0xc4,
	0x2649,	0xbf,
	0x264a,	0x00,
	0x264b,	0xc4,
	0x2665,	0xbf,
	0x2666,	0x00,
	0x2667,	0xc4,
	0x2685,	0xbf,
	0x2686,	0x00,
	0x2687,	0xc4,
	0x26a7,	0xb5,
	0x26d5,	0xc1,
	0x26ef,	0x6b,
	0x2705,	0xb3,
	0x2708,	0x00,
	0x2709,	0xef,
	0x270b,	0xc3,
	0x270d,	0x2b,
	0x270e,	0x00,
	0x270f,	0xff,
	0x2710,	0x01,
	0x2711,	0x69,
	0x2712,	0x01,
	0x2713,	0x3b,
	0x271d,	0xb3,
	0x2720,	0x00,
	0x2721,	0xef,
	0x2723,	0xc3,
	0x2725,	0x2b,
	0x2726,	0x00,
	0x2727,	0xff,
	0x2728,	0x01,
	0x2729,	0x69,
	0x272a,	0x01,
	0x272b,	0x3b,
	0x2735,	0xb3,
	0x2738,	0x00,
	0x2739,	0xef,
	0x273b,	0xc3,
	0x273d,	0x2b,
	0x273e,	0x00,
	0x273f,	0xff,
	0x2740,	0x01,
	0x2741,	0x69,
	0x2742,	0x01,
	0x2743,	0x3b,
	0x274d,	0xb3,
	0x2750,	0x00,
	0x2751,	0xef,
	0x2753,	0xc3,
	0x2755,	0x2b,
	0x2756,	0x00,
	0x2757,	0xff,
	0x2758,	0x01,
	0x2759,	0x69,
	0x275a,	0x01,
	0x275b,	0x3b,
	0x3010,	0x01,
	0x3402,	0xaf,
	0x3403,	0x19,
	0x3404,	0x19,
	0x3405,	0x0f,
	0x3406,	0x08,
	0x3408,	0x0f,
	0x3409,	0x08,
	0x340a,	0x03,
	0x341b,	0x30,
	0x344d,	0x02,
	0x344e,	0x02,
	0x3506,	0xf8,
	0x350d,	0x00,
	0x350e,	0xb1,
	0x3546,	0xf8,
	0x354d,	0x00,
	0x354e,	0xb1,
	0x3586,	0xf8,
	0x3608,	0x01,
	0x3622,	0x88,
	0x3623,	0x08,
	0x3691,	0x00,
	0x3692,	0x00,
	0x3696,	0x00,
	0x369a,	0x10,
	0x369b,	0x00,
	0x36a5,	0x02,
	0x36a6,	0x40,
	0x36a7,	0x00,
	0x36b0,	0x84,
	0x36b1,	0x00,
	0x36c8,	0x01,
	0x3714,	0x62,
	0x37bc,	0x08,
	0x37c9,	0x00,
	0x3800,	0x00,
	0x3801,	0x00,
	0x3802,	0x03,
	0x3803,	0x00,
	0x3804,	0x20,
	0x3805,	0x1f,
	0x3806,	0x15,
	0x3807,	0x3f,
	0x3808,	0x10,
	0x3809,	0x00,
	0x380a,	0x09,
	0x380b,	0x00,
	0x380c,	0x04,
	0x380d,	0xb0,
	0x380e,	0x0d,
	0x380f,	0x05,
	0x3811,	0x08,
	0x3813,	0x11,
	0x3814,	0x11,
	0x3815,	0x11,
	0x3820,	0x46,
	0x3821,	0x10,
	0x3823,	0x04,
	0x3828,	0x02,
	0x3830,	0x02,
	0x3831,	0x12,
	0x3837,	0x04,
	0x383f,	0x00,
	0x384c,	0x04,
	0x384d,	0xb0,
	0x386d,	0x7c,
	0x3889,	0x08,
	0x388b,	0x10,
	0x388c,	0x10,
	0x388d,	0x00,
	0x388e,	0x09,
	0x388f,	0x00,
	0x3894,	0x10,
	0x3896,	0x00,
	0x38a1,	0x1d,
	0x38a2,	0x98,
	0x38a4,	0x1d,
	0x38a5,	0x98,
	0x38a6,	0x20,
	0x38a9,	0x3b,
	0x38aa,	0x30,
	0x38ab,	0x00,
	0x38ad,	0x1d,
	0x38ae,	0x98,
	0x38b0,	0x01,
	0x38db,	0xe1,
	0x3f00,	0x06,
	0x3f30,	0x04,
	0x3f70,	0x06,
	0x3f72,	0x14,
	0x3f74,	0x14,
	0x3f76,	0x08,
	0x3f78,	0x08,
	0x3f7a,	0x08,
	0x3f7c,	0x0e,
	0x3f7e,	0x0e,
	0x3f80,	0x0e,
	0x3f8e,	0x08,
	0x3f90,	0x08,
	0x3f92,	0x08,
	0x400e,	0x1c,
	0x400f,	0x60,
	0x4010,	0xf4,
	0x4012,	0x50,
	0x4016,	0x1d,
	0x4018,	0x0f,
	0x4506,	0x01,
	0x4509,	0x07,
	0x450c,	0x00,
	0x450d,	0x60,
	0x4546,	0x04,
	0x4547,	0xb0,
	0x4549,	0x00,
	0x4580,	0x05,
	0x45c0,	0x45,
	0x45cb,	0xf0,
	0x45cc,	0x02,
	0x45cd,	0x00,
	0x45ce,	0x00,
	0x4602,	0x00,
	0x4603,	0x15,
	0x460b,	0x07,
	0x4640,	0x01,
	0x4641,	0x00,
	0x4643,	0x0c,
	0x4680,	0x09,
	0x468e,	0x30,
	0x4690,	0x11,
	0x4692,	0x56,
	0x4693,	0x00,
	0x4695,	0x11,
	0x4697,	0x11,
	0x46c0,	0x01,
	0x46c2,	0x04,
	0x46cb,	0xff,
	0x4701,	0x40,
	0x4703,	0x08,
	0x47c0,	0x05,
	0x47c2,	0x02,
	0x47c4,	0x05,
	0x47c6,	0x01,
	0x47c8,	0x05,
	0x47ca,	0x02,
	0x47cc,	0x05,
	0x47ce,	0x01,
	0x4808,	0x54,
	0x4813,	0x10,
	0x4836,	0x32,
	0x490e,	0x08,
	0x490f,	0x60,
	0x4910,	0x00,
	0x4912,	0x00,
	0x4a0e,	0x08,
	0x4a0f,	0x60,
	0x4a10,	0x00,
	0x4a12,	0x00,
	0x4b00,	0x00,
	0x4b10,	0x02,
	0x4b11,	0x06,
	0x4b12,	0x02,
	0x4b13,	0x06,
	0x4b14,	0x02,
	0x4b15,	0x06,
	0x4b16,	0x0a,
	0x4b17,	0x0e,
	0x4b20,	0x02,
	0x4b21,	0x06,
	0x4b22,	0x02,
	0x4b23,	0x06,
	0x4b24,	0x02,
	0x4b25,	0x06,
	0x4b26,	0x0a,
	0x4b27,	0x0e,
	0x4b30,	0x02,
	0x4b31,	0x06,
	0x4b32,	0x02,
	0x4b33,	0x06,
	0x4b34,	0x02,
	0x4b35,	0x06,
	0x4b36,	0x0a,
	0x4b37,	0x0e,
	0x4b3d,	0x00,
	0x4b3f,	0x00,
	0x4b41,	0x08,
	0x4b42,	0x00,
	0x4b43,	0x08,
	0x4b45,	0x08,
	0x4b46,	0x00,
	0x4b47,	0x08,
	0x4b48,	0x02,
	0x4b49,	0x00,
	0x4b4a,	0x01,
	0x4b4b,	0x00,
	0x4b51,	0x06,
	0x4b52,	0x02,
	0x4b53,	0x06,
	0x4b54,	0x02,
	0x4b55,	0x06,
	0x4b56,	0x0a,
	0x4b57,	0x0e,
	0x4b5a,	0x08,
	0x4b61,	0x06,
	0x4b62,	0x02,
	0x4b63,	0x06,
	0x4b64,	0x02,
	0x4b65,	0x06,
	0x4b66,	0x0a,
	0x4b67,	0x0e,
	0x4b6a,	0x08,
	0x4b71,	0x06,
	0x4b72,	0x02,
	0x4b73,	0x06,
	0x4b74,	0x02,
	0x4b75,	0x06,
	0x4b76,	0x0a,
	0x4b77,	0x0e,
	0x4b7a,	0x08,
	0x4b7d,	0x00,
	0x4b7f,	0x00,
	0x4b82,	0x00,
	0x4b83,	0x08,
	0x4b85,	0x08,
	0x4b86,	0x00,
	0x4b87,	0x08,
	0x4b88,	0x02,
	0x4b89,	0x00,
	0x4b8a,	0x01,
	0x4b8b,	0x00,
	0x4b91,	0x06,
	0x4b92,	0x02,
	0x4b93,	0x06,
	0x4b94,	0x02,
	0x4b95,	0x06,
	0x4b96,	0x0a,
	0x4b97,	0x0e,
	0x4b9a,	0x08,
	0x4ba1,	0x06,
	0x4ba2,	0x02,
	0x4ba3,	0x06,
	0x4ba4,	0x02,
	0x4ba5,	0x06,
	0x4ba6,	0x0a,
	0x4ba7,	0x0e,
	0x4baa,	0x08,
	0x4bb1,	0x06,
	0x4bb2,	0x02,
	0x4bb3,	0x06,
	0x4bb4,	0x02,
	0x4bb5,	0x06,
	0x4bb6,	0x0a,
	0x4bb7,	0x0e,
	0x4bba,	0x08,
	0x4bbd,	0x00,
	0x4bbf,	0x00,
	0x4bc2,	0x00,
	0x4bc3,	0x08,
	0x4bc5,	0x08,
	0x4bc6,	0x00,
	0x4bc7,	0x08,
	0x4bc8,	0x02,
	0x4bc9,	0x00,
	0x4bca,	0x01,
	0x4bcb,	0x00,
	0x5000,	0x0f,
	0x5001,	0x00,
	0x5002,	0x40,
	0x5003,	0xc0,
	0x5016,	0x11,
	0x5017,	0x00,
	0x50b3,	0x00,
	0x51a7,	0xc0,
	0x54a7,	0xc0,
	0x57a7,	0xc0,
	0x5a60,	0x7b,
	0x5b95,	0x45,
	0x5b97,	0x0c,
	0x5b98,	0x08,
	0x5b99,	0x00,
	0x5bc0,	0x1f,
	0x5e00,	0x7b,
	0x5f35,	0x45,
	0x5f37,	0x0c,
	0x5f38,	0x08,
	0x5f39,	0x00,
	0x5f60,	0x1f,
	0x6200,	0x60,
	0x6201,	0x00,
	0x6365,	0x00,
	0x6382,	0x03,
	0x6392,	0x03,
	0x64a0,	0x01,
	0x64a1,	0x00,
	0x64a2,	0x40,
	0xc400,	0x11,
	0xc405,	0x12,
	0xc406,	0x12,
	0xc407,	0x00,
	0xc408,	0x00,
	0xc409,	0x00,
	0xc40a,	0x00,
	0xc40b,	0x00,
	0xc40c,	0x00,
	0xc40d,	0x00,
	0xc40e,	0x00,
	0xc40f,	0x00,
	0xc410,	0x00,
	0xc411,	0x00,
	0xc412,	0x00,
	0xc413,	0x00,
	0xc414,	0x00,
	0xc41c,	0x00,
	0xc41e,	0x00,
	0xc420,	0x00,
	0xc422,	0x00,
	0xc424,	0x00,
	0xc426,	0x00,
	0xc428,	0x00,
	0xc42a,	0x00,
	0xc42c,	0x00,
	0xc42e,	0x00,
	0xc430,	0x00,
	0xc432,	0x00,
	0xc434,	0x00,
	0xc435,	0x12,
	0xc436,	0x12,
	0xc437,	0x00,
	0xc438,	0x00,
	0xc439,	0x00,
	0xc43a,	0x00,
	0xc43b,	0x00,
	0xc43c,	0x00,
	0xc43d,	0x00,
	0xc43e,	0x00,
	0xc43f,	0x00,
	0xc440,	0x00,
	0xc441,	0x00,
	0xc442,	0x00,
	0xc443,	0x00,
	0xc444,	0x00,
	0xc464,	0x60,
	0xc465,	0x60,
	0xc466,	0x60,
	0xc804,	0x1d,
	0xc805,	0x1d,
	0xc806,	0x1c,
	0xc807,	0x1c,
	0xc808,	0x16,
	0xc809,	0x10,
	0xc80c,	0x0f,
	0xc81d,	0x03,
	0xc81e,	0x03,
	0xc820,	0x03,
	0xc829,	0x01,
	0xc82a,	0x10,
	0xc82b,	0x15,
	0xc82c,	0x1b,
	0xc82d,	0x1c,
	0xc85a,	0x3f,
	0xc85b,	0x3f,
	0xc85c,	0x3f,
	0xc85d,	0x3f,
	0xc85e,	0x3f,
	0xc85f,	0x3f,
	0xc860,	0x2d,
	0xc861,	0x2d,
	0xc862,	0x3f,
	0xc863,	0x2d,
	0xc864,	0x2d,
	0xc865,	0x3f,
	0xc873,	0x10,
	0xc874,	0x10,
	0xc875,	0x10,
	0xc898,	0x0b,
	0xc899,	0x00,
	0xc89a,	0x00,
	0xc89b,	0x00,
	0xc89c,	0x00,
	0xc89d,	0xea,
	0xc8a5,	0x1f,
	0xc8a6,	0x12,
	0xc8a7,	0x0b,
	0xc8a8,	0x0f,
	0xc8aa,	0x00,
	0xc8b1,	0x06,
	0xc8b2,	0x0a,
	0xc8b3,	0x18,
	0xc8b4,	0x37,
	0xc8b5,	0x00,
	0xc8b6,	0x00,
	0xc8b7,	0x0b,
	0xc8b8,	0x0b,
	0xc8b9,	0x16,
	0xc8ba,	0x2c,
	0xc8bb,	0x00,
	0xc8bc,	0x00,
	0xc8bd,	0x02,
	0xc8be,	0x02,
	0xc8bf,	0x04,
	0xc8c3,	0x0a,
	0xc8c4,	0x0a,
	0xc8c5,	0x0a,
	0xc8ca,	0x00,
	0xc8cb,	0x03,
	0xc8cc,	0x12,
	0xc8cd,	0x04,
	0xc8ce,	0x03,
	0xc8cf,	0x03,
	0xc8d0,	0x03,
	0xc8d1,	0x01,
	0xc8d2,	0x02,
	0xc8d3,	0x01,
	0xc8d4,	0x01,
	0xc8d5,	0x02,
	0xc8d6,	0x02,
	0xc8d7,	0x68,
	0xc8d8,	0x67,
	0xc8d9,	0x67,
	0xc8da,	0x03,
	0xc8db,	0x66,
	0xc8dc,	0x66,
	0xc8dd,	0x66,
	0xc8de,	0x66,
	0xc8df,	0x66,
	0xc8e0,	0x66,
	0xc8e1,	0x66,
	0xc8e2,	0x66,
	0xc8e3,	0x66,
	0xc8e4,	0x66,
	0xc8e5,	0x0f,
	0xc8e6,	0x0f,
	0xc8e7,	0x0f,
	0xc8e9,	0x0f,
	0xc8ea,	0x0f,
	0xc8eb,	0x0f,
	0xc8ec,	0x0f,
	0xc8ed,	0x0f,
	0xc8ee,	0x0f,
	0xc8f3,	0x1e,
	0xc8f4,	0x1e,
	0xc8f5,	0x16,
	0xc8f6,	0x08,
	0xc8f7,	0x10,
	0xc8f8,	0x18,
	0xc8f9,	0x05,
	0xc8fa,	0x05,
	0xc8fb,	0x0a,
	0xc8fc,	0x0a,
	0xc8fd,	0x00,
	0xc8fe,	0x00,
	0xc8ff,	0x00,
	0xc900,	0x00,
	0xc903,	0x0b,
	0xc904,	0x11,
	0xc906,	0x1a,
	0xc907,	0x1a,
	0xc908,	0x1a,
	0xc924,	0x03,
	0xc925,	0x03,
	0xc930,	0x05,
	0xc931,	0x13,
	0xc933,	0x1d,
	0xc95c,	0x34,
	0xc95d,	0x3f,
	0xc95e,	0x3f,
	0xc95f,	0x34,
	0xc960,	0x3f,
	0xc961,	0x3f,
	0xc962,	0x22,
	0xc963,	0x3f,
	0xc964,	0x3f,
	0xc965,	0x22,
	0xc966,	0x3f,
	0xc967,	0x3f,
	0xc975,	0x10,
	0xc976,	0x10,
	0xc977,	0x10,
	0xc999,	0x3f,
	0xc99a,	0x00,
	0xc99c,	0x00,
	0xc99d,	0x00,
	0xc99f,	0xd7,
	0xc9a7,	0x2e,
	0xc9a8,	0x2b,
	0xc9a9,	0x00,
	0xc9aa,	0x00,
	0xc9b3,	0x06,
	0xc9b4,	0x04,
	0xc9b5,	0x08,
	0xc9b9,	0x0b,
	0xc9ba,	0x0a,
	0xc9bb,	0x0b,
	0xc9bf,	0x02,
	0xc9c0,	0x02,
	0xc9c1,	0x0e,
	0xc9c2,	0x24,
	0xc9c5,	0x0a,
	0xc9c7,	0x14,
	0xc9c8,	0x27,
	0xc9cc,	0x01,
	0xc9cd,	0x01,
	0xc9ce,	0x00,
	0xc9cf,	0x01,
	0xc9d0,	0x02,
	0xc9d1,	0x00,
	0xc9d2,	0x00,
	0xc9d3,	0x00,
	0xc9d4,	0x00,
	0xc9d9,	0x9c,
	0xc9da,	0x9b,
	0xc9db,	0x9b,
	0xc9dc,	0x57,
	0xc9dd,	0x99,
	0xc9de,	0x99,
	0xc9df,	0x9c,
	0xc9e0,	0x9c,
	0xc9e1,	0x9c,
	0xc9e2,	0x9c,
	0xc9e3,	0x9c,
	0xc9e4,	0x9c,
	0xc9e5,	0x9c,
	0xc9e6,	0x9c,
	0xc9ea,	0x0f,
	0xc9eb,	0x0f,
	0xc9ec,	0x0f,
	0xc9f5,	0x14,
	0xc9f6,	0x0f,
	0xc9f7,	0x0f,
	0xc9f8,	0x0a,
	0xc9f9,	0x06,
	0xc9fa,	0x10,
	0xc9fb,	0x00,
	0xc9fc,	0x00,
	0xc9fd,	0x00,
	0xc9fe,	0x00,
	0xca0b,	0x0b,
	0xca0c,	0x11,
	0xca0e,	0x1a,
	0xca0f,	0x1a,
	0xca10,	0x1a,
	0xca17,	0x81,
	0xca1b,	0x3e,
	0xd013,	0x37,
	0xd023,	0x37,
	0xd027,	0x36,
	0xd02b,	0x96,
	0xd02f,	0x7a,
	0xd034,	0x00,
	0xd03b,	0x7a,
	0xd083,	0x00,
	0xd087,	0x02,
	0xd08f,	0x00,
	0xd093,	0x02,
	0xd0a7,	0x02,
	0xd0ab,	0x09,
	0xd0af,	0x00,
	0xd0b3,	0x00,
	0xd0bb,	0x08,
	0xd0c3,	0x10,
	0xd0ce,	0x41,
	0xd0cf,	0x05,
	0xd143,	0x50,
	0xd1f9,	0xb5,
	0xd1fb,	0xc1,
	0xd211,	0xb5,
	0xd213,	0xc1,
	0xd241,	0xb5,
	0xd243,	0xc1,
	0xd261,	0xb5,
	0xd263,	0xc1,
	0xd2a1,	0xb5,
	0xd2a3,	0xc1,
	0xd2c1,	0xb5,
	0xd2c3,	0xc1,
	0xd309,	0xc3,
	0xd30a,	0x00,
	0xd30b,	0xef,
	0xd30d,	0xff,
	0xd30e,	0x01,
	0xd30f,	0x73,
	0xd514,	0x00,
	0xd515,	0xc9,
	0xdbfd,	0xc3,
	0xdbff,	0xef,
	0xdc01,	0xff,
	0xddf7,	0x42,
	0xde7b,	0x42,
	0xdeef,	0x42,
	0xdf37,	0x42,
	0xe30c,	0x00,
	0xe30d,	0xd1,
	0xe30e,	0x00,
	0xe30f,	0xe7,
	0xe310,	0x01,
	0xe311,	0x0d,
	0xe312,	0x01,
	0xe313,	0x69,
	0xe4d7,	0xb5,
	0xe4ed,	0xc1,
	0xe507,	0xb5,
	0xe51d,	0xc1,
	0xe5f9,	0xbf,
	0xe5fa,	0x00,
	0xe5fb,	0xc4,
	0xe611,	0xbf,
	0xe612,	0x00,
	0xe613,	0xc4,
	0xe629,	0xbf,
	0xe62a,	0x00,
	0xe62b,	0xc4,
	0xe649,	0xbf,
	0xe64a,	0x00,
	0xe64b,	0xc4,
	0xe665,	0xbf,
	0xe666,	0x00,
	0xe667,	0xc4,
	0xe685,	0xbf,
	0xe686,	0x00,
	0xe687,	0xc4,
	0xe6a7,	0xb5,
	0xe6bf,	0xb5,
	0xe6d5,	0xc1,
	0xe6ed,	0xc1,
	0xe708,	0x00,
	0xe709,	0xef,
	0xe70b,	0xc3,
	0xe70c,	0x01,
	0xe70d,	0x73,
	0xe70f,	0xff,
	0xe720,	0x00,
	0xe721,	0xef,
	0xe723,	0xc3,
	0xe724,	0x01,
	0xe725,	0x73,
	0xe727,	0xff,
	0xe738,	0x00,
	0xe739,	0xef,
	0xe73b,	0xc3,
	0xe73c,	0x01,
	0xe73d,	0x73,
	0xe73f,	0xff,
	0xe750,	0x00,
	0xe751,	0xef,
	0xe753,	0xc3,
	0xe754,	0x01,
	0xe755,	0x73,
	0xe757,	0xff,
	// ois on	offset1: 10ms
	0x3002, 0x80,	//	bit[7] = 1 ; set VSYNC as output
	0x3680, 0x08,	//	assign VSYNC for OIS pin
	0x38f3, 0x02,	//	Enable OIS function
	0x38f4, 0xD8,	//	bit[7:0] offset1[7:0]
	0x38f5, 0x03,	//	bit[7:4] for offset2[11:8]; bit[3:0] for offset1[11:8]
	0x38f6, 0x00,	//	bit[7:4] offset2[7:0]
	0x38af, 0x40,	//	Bit[6]: OIS function signal polarity
};

// hs_video mode 3 : 480fps
// mode_21
static u16 warholovx9500wide_hs_video_setting[] = {
	0x0345,	0x40,
	0x0360,	0x01,
	0x100f,	0x62,
	0x101f,	0x62,
	0x1023,	0x37,
	0x1027,	0x4b,
	0x102b,	0xa2,
	0x102f,	0xd0,
	0x1034,	0x00,
	0x103b,	0xd0,
	0x1040,	0x00,
	0x1047,	0xb4,
	0x107a,	0x88,
	0x107b,	0x08,
	0x107e,	0x8b,
	0x107f,	0x03,
	0x1083,	0x0a,
	0x1087,	0x33,
	0x1093,	0x58,
	0x10a7,	0x02,
	0x10ab,	0x00,
	0x10ae,	0x8d,
	0x10af,	0x02,
	0x10b2,	0x8f,
	0x10b6,	0x92,
	0x10b7,	0x03,
	0x10ba,	0x95,
	0x10bb,	0x04,
	0x10be,	0x97,
	0x10c2,	0x9b,
	0x10c3,	0x10,
	0x10c6,	0x00,
	0x10c7,	0x00,
	0x1141,	0x00,
	0x1143,	0x00,
	0x11f9,	0xb5,
	0x11fb,	0xc1,
	0x1211,	0xb5,
	0x1213,	0xc1,
	0x1241,	0xb5,
	0x1243,	0xc1,
	0x1261,	0xb5,
	0x1263,	0xc1,
	0x12a1,	0xb5,
	0x12a3,	0xc1,
	0x12c1,	0xb5,
	0x12c3,	0xc1,
	0x130d,	0xc3,
	0x130e,	0x00,
	0x130f,	0xef,
	0x1310,	0x00,
	0x1311,	0xff,
	0x1313,	0x2b,
	0x1314,	0x01,
	0x1315,	0x43,
	0x1316,	0x01,
	0x1317,	0x69,
	0x1514,	0x00,
	0x1515,	0xc9,
	0x1bd1,	0x85,
	0x1c01,	0xc3,
	0x1c02,	0x00,
	0x1c03,	0xef,
	0x1c04,	0x00,
	0x1c05,	0xff,
	0x1c06,	0x01,
	0x1c07,	0x2b,
	0x1c08,	0x01,
	0x1c09,	0x3b,
	0x24ef,	0x6b,
	0x2507,	0xb5,
	0x251d,	0xc1,
	0x25f9,	0xbf,
	0x25fa,	0x00,
	0x25fb,	0xc4,
	0x2611,	0xbf,
	0x2612,	0x00,
	0x2613,	0xc4,
	0x2629,	0xbf,
	0x262a,	0x00,
	0x262b,	0xc4,
	0x2649,	0xbf,
	0x264a,	0x00,
	0x264b,	0xc4,
	0x2665,	0xbf,
	0x2666,	0x00,
	0x2667,	0xc4,
	0x2685,	0xbf,
	0x2686,	0x00,
	0x2687,	0xc4,
	0x26a7,	0xb5,
	0x26d5,	0xc1,
	0x26ef,	0x6b,
	0x2705,	0xb3,
	0x2708,	0x00,
	0x2709,	0xef,
	0x270b,	0xc3,
	0x270d,	0x2b,
	0x270e,	0x00,
	0x270f,	0xff,
	0x2710,	0x01,
	0x2711,	0x69,
	0x2712,	0x01,
	0x2713,	0x3b,
	0x271d,	0xb3,
	0x2720,	0x00,
	0x2721,	0xef,
	0x2723,	0xc3,
	0x2725,	0x2b,
	0x2726,	0x00,
	0x2727,	0xff,
	0x2728,	0x01,
	0x2729,	0x69,
	0x272a,	0x01,
	0x272b,	0x3b,
	0x2735,	0xb3,
	0x2738,	0x00,
	0x2739,	0xef,
	0x273b,	0xc3,
	0x273d,	0x2b,
	0x273e,	0x00,
	0x273f,	0xff,
	0x2740,	0x01,
	0x2741,	0x69,
	0x2742,	0x01,
	0x2743,	0x3b,
	0x274d,	0xb3,
	0x2750,	0x00,
	0x2751,	0xef,
	0x2753,	0xc3,
	0x2755,	0x2b,
	0x2756,	0x00,
	0x2757,	0xff,
	0x2758,	0x01,
	0x2759,	0x69,
	0x275a,	0x01,
	0x275b,	0x3b,
	0x3010,	0x01,
	0x3402,	0xaf,
	0x3403,	0x19,
	0x3404,	0x19,
	0x3405,	0x0f,
	0x3406,	0x08,
	0x3408,	0x0f,
	0x3409,	0x08,
	0x340a,	0x03,
	0x341b,	0x30,
	0x344d,	0x01,
	0x344e,	0x01,
	0x3506,	0xf8,
	0x350d,	0x00,
	0x350e,	0xb1,
	0x3546,	0xf8,
	0x354d,	0x00,
	0x354e,	0xb1,
	0x3586,	0xf8,
	0x3608,	0x01,
	0x3622,	0x88,
	0x3623,	0x08,
	0x3691,	0x00,
	0x3692,	0x00,
	0x3696,	0x00,
	0x369a,	0x05,
	0x369b,	0x00,
	0x36a5,	0x02,
	0x36a6,	0x40,
	0x36a7,	0x00,
	0x36b0,	0x84,
	0x36b1,	0x00,
	0x36c8,	0x01,
	0x3714,	0x62,
	0x37bc,	0x00,
	0x37c9,	0x00,
	0x3800,	0x06,
	0x3801,	0x00,
	0x3802,	0x06,
	0x3803,	0x60,
	0x3804,	0x1a,
	0x3805,	0x1f,
	0x3806,	0x11,
	0x3807,	0xdf,
	0x3808,	0x05,
	0x3809,	0x00,
	0x380a,	0x02,
	0x380b,	0xd0,
	0x380c,	0x04,
	0x380d,	0xb0,
	0x380e,	0x00,
	0x380f,	0xd0,
	0x3811,	0x04,
	0x3813,	0x09,
	0x3814,	0x31,
	0x3815,	0x31,
	0x3820,	0x47,
	0x3821,	0x50,
	0x3823,	0x04,
	0x3828,	0x02,
	0x3830,	0x02,
	0x3831,	0x12,
	0x3837,	0x04,
	0x383f,	0x00,
	0x384c,	0x04,
	0x384d,	0xb0,
	0x386d,	0x7c,
	0x3889,	0x04,
	0x388b,	0x08,
	0x388c,	0x05,
	0x388d,	0x00,
	0x388e,	0x02,
	0x388f,	0xd0,
	0x3894,	0x10,
	0x3896,	0x00,
	0x38a1,	0x1d,
	0x38a2,	0x98,
	0x38a4,	0x1d,
	0x38a5,	0x98,
	0x38a6,	0x20,
	0x38a9,	0x3b,
	0x38aa,	0x30,
	0x38ab,	0x00,
	0x38ad,	0x1d,
	0x38ae,	0x98,
	0x38b0,	0x01,
	0x38db,	0xe1,
	0x3f00,	0x06,
	0x3f30,	0x04,
	0x3f70,	0x06,
	0x3f72,	0x14,
	0x3f74,	0x14,
	0x3f76,	0x08,
	0x3f78,	0x08,
	0x3f7a,	0x08,
	0x3f7c,	0x0e,
	0x3f7e,	0x0e,
	0x3f80,	0x0e,
	0x3f8e,	0x08,
	0x3f90,	0x08,
	0x3f92,	0x08,
	0x400e,	0x1c,
	0x400f,	0x60,
	0x4010,	0xf4,
	0x4012,	0x50,
	0x4016,	0x0f,
	0x4018,	0x07,
	0x4506,	0x01,
	0x4509,	0x07,
	0x450c,	0x00,
	0x450d,	0x60,
	0x4546,	0x04,
	0x4547,	0xb0,
	0x4549,	0x00,
	0x4580,	0x05,
	0x45c0,	0x45,
	0x45cb,	0xf0,
	0x45cc,	0x02,
	0x45cd,	0x00,
	0x45ce,	0x00,
	0x4602,	0x00,
	0x4603,	0x15,
	0x460b,	0x07,
	0x4640,	0x00,
	0x4641,	0x50,
	0x4643,	0x0c,
	0x4680,	0x09,
	0x468e,	0x30,
	0x4690,	0x11,
	0x4692,	0x56,
	0x4693,	0x00,
	0x4695,	0x11,
	0x4697,	0x11,
	0x46c0,	0x01,
	0x46c2,	0x04,
	0x46cb,	0xff,
	0x4701,	0x14,
	0x4703,	0x08,
	0x47c0,	0x05,
	0x47c2,	0x02,
	0x47c4,	0x05,
	0x47c6,	0x01,
	0x47c8,	0x05,
	0x47ca,	0x02,
	0x47cc,	0x05,
	0x47ce,	0x01,
	0x4808,	0x54,
	0x4813,	0x10,
	0x4836,	0x32,
	0x490e,	0x08,
	0x490f,	0x60,
	0x4910,	0x00,
	0x4912,	0x00,
	0x4a0e,	0x08,
	0x4a0f,	0x60,
	0x4a10,	0x00,
	0x4a12,	0x00,
	0x4b00,	0x00,
	0x4b10,	0x02,
	0x4b11,	0x06,
	0x4b12,	0x02,
	0x4b13,	0x06,
	0x4b14,	0x02,
	0x4b15,	0x06,
	0x4b16,	0x0a,
	0x4b17,	0x0e,
	0x4b20,	0x02,
	0x4b21,	0x06,
	0x4b22,	0x02,
	0x4b23,	0x06,
	0x4b24,	0x02,
	0x4b25,	0x06,
	0x4b26,	0x0a,
	0x4b27,	0x0e,
	0x4b30,	0x02,
	0x4b31,	0x06,
	0x4b32,	0x02,
	0x4b33,	0x06,
	0x4b34,	0x02,
	0x4b35,	0x06,
	0x4b36,	0x0a,
	0x4b37,	0x0e,
	0x4b3d,	0x00,
	0x4b3f,	0x00,
	0x4b41,	0x08,
	0x4b42,	0x00,
	0x4b43,	0x08,
	0x4b45,	0x08,
	0x4b46,	0x00,
	0x4b47,	0x08,
	0x4b48,	0x02,
	0x4b49,	0x00,
	0x4b4a,	0x01,
	0x4b4b,	0x00,
	0x4b51,	0x06,
	0x4b52,	0x02,
	0x4b53,	0x06,
	0x4b54,	0x02,
	0x4b55,	0x06,
	0x4b56,	0x0a,
	0x4b57,	0x0e,
	0x4b5a,	0x08,
	0x4b61,	0x06,
	0x4b62,	0x02,
	0x4b63,	0x06,
	0x4b64,	0x02,
	0x4b65,	0x06,
	0x4b66,	0x0a,
	0x4b67,	0x0e,
	0x4b6a,	0x08,
	0x4b71,	0x06,
	0x4b72,	0x02,
	0x4b73,	0x06,
	0x4b74,	0x02,
	0x4b75,	0x06,
	0x4b76,	0x0a,
	0x4b77,	0x0e,
	0x4b7a,	0x08,
	0x4b7d,	0x00,
	0x4b7f,	0x00,
	0x4b82,	0x00,
	0x4b83,	0x08,
	0x4b85,	0x08,
	0x4b86,	0x00,
	0x4b87,	0x08,
	0x4b88,	0x02,
	0x4b89,	0x00,
	0x4b8a,	0x01,
	0x4b8b,	0x00,
	0x4b91,	0x06,
	0x4b92,	0x02,
	0x4b93,	0x06,
	0x4b94,	0x02,
	0x4b95,	0x06,
	0x4b96,	0x0a,
	0x4b97,	0x0e,
	0x4b9a,	0x08,
	0x4ba1,	0x06,
	0x4ba2,	0x02,
	0x4ba3,	0x06,
	0x4ba4,	0x02,
	0x4ba5,	0x06,
	0x4ba6,	0x0a,
	0x4ba7,	0x0e,
	0x4baa,	0x08,
	0x4bb1,	0x06,
	0x4bb2,	0x02,
	0x4bb3,	0x06,
	0x4bb4,	0x02,
	0x4bb5,	0x06,
	0x4bb6,	0x0a,
	0x4bb7,	0x0e,
	0x4bba,	0x08,
	0x4bbd,	0x00,
	0x4bbf,	0x00,
	0x4bc2,	0x00,
	0x4bc3,	0x08,
	0x4bc5,	0x08,
	0x4bc6,	0x00,
	0x4bc7,	0x08,
	0x4bc8,	0x02,
	0x4bc9,	0x00,
	0x4bca,	0x01,
	0x4bcb,	0x00,
	0x5000,	0x0f,
	0x5001,	0x00,
	0x5002,	0x40,
	0x5003,	0xc0,
	0x5016,	0x11,
	0x5017,	0x00,
	0x50b3,	0x00,
	0x51a7,	0xc0,
	0x54a7,	0xc0,
	0x57a7,	0xc0,
	0x5a60,	0x7b,
	0x5b95,	0x45,
	0x5b97,	0x0c,
	0x5b98,	0x08,
	0x5b99,	0x00,
	0x5bc0,	0x1f,
	0x5e00,	0x7b,
	0x5f35,	0x45,
	0x5f37,	0x0c,
	0x5f38,	0x08,
	0x5f39,	0x00,
	0x5f60,	0x1f,
	0x6200,	0x20,
	0x6201,	0x00,
	0x6365,	0x00,
	0x6382,	0x03,
	0x6392,	0x03,
	0x64a0,	0x01,
	0x64a1,	0x00,
	0x64a2,	0x40,
	0xc400,	0x11,
	0xc405,	0x12,
	0xc406,	0x12,
	0xc407,	0x00,
	0xc408,	0x00,
	0xc409,	0x00,
	0xc40a,	0x00,
	0xc40b,	0x00,
	0xc40c,	0x00,
	0xc40d,	0x00,
	0xc40e,	0x00,
	0xc40f,	0x00,
	0xc410,	0x00,
	0xc411,	0x00,
	0xc412,	0x00,
	0xc413,	0x00,
	0xc414,	0x00,
	0xc41c,	0x00,
	0xc41e,	0x00,
	0xc420,	0x00,
	0xc422,	0x00,
	0xc424,	0x00,
	0xc426,	0x00,
	0xc428,	0x00,
	0xc42a,	0x00,
	0xc42c,	0x00,
	0xc42e,	0x00,
	0xc430,	0x00,
	0xc432,	0x00,
	0xc434,	0x00,
	0xc435,	0x12,
	0xc436,	0x12,
	0xc437,	0x00,
	0xc438,	0x00,
	0xc439,	0x00,
	0xc43a,	0x00,
	0xc43b,	0x00,
	0xc43c,	0x00,
	0xc43d,	0x00,
	0xc43e,	0x00,
	0xc43f,	0x00,
	0xc440,	0x00,
	0xc441,	0x00,
	0xc442,	0x00,
	0xc443,	0x00,
	0xc444,	0x00,
	0xc464,	0x60,
	0xc465,	0x60,
	0xc466,	0x60,
	0xc804,	0x1d,
	0xc805,	0x1d,
	0xc806,	0x1c,
	0xc807,	0x1c,
	0xc808,	0x16,
	0xc809,	0x10,
	0xc80c,	0x0f,
	0xc81d,	0x03,
	0xc81e,	0x03,
	0xc820,	0x03,
	0xc829,	0x01,
	0xc82a,	0x10,
	0xc82b,	0x15,
	0xc82c,	0x1b,
	0xc82d,	0x1c,
	0xc85a,	0x3f,
	0xc85b,	0x3f,
	0xc85c,	0x3f,
	0xc85d,	0x3f,
	0xc85e,	0x3f,
	0xc85f,	0x3f,
	0xc860,	0x2d,
	0xc861,	0x2d,
	0xc862,	0x3f,
	0xc863,	0x2d,
	0xc864,	0x2d,
	0xc865,	0x3f,
	0xc873,	0x10,
	0xc874,	0x10,
	0xc875,	0x10,
	0xc898,	0x0b,
	0xc899,	0x00,
	0xc89a,	0x00,
	0xc89b,	0x00,
	0xc89c,	0x00,
	0xc89d,	0xea,
	0xc8a5,	0x1f,
	0xc8a6,	0x12,
	0xc8a7,	0x0b,
	0xc8a8,	0x0f,
	0xc8aa,	0x00,
	0xc8b1,	0x06,
	0xc8b2,	0x0a,
	0xc8b3,	0x18,
	0xc8b4,	0x37,
	0xc8b5,	0x00,
	0xc8b6,	0x00,
	0xc8b7,	0x0b,
	0xc8b8,	0x0b,
	0xc8b9,	0x16,
	0xc8ba,	0x2c,
	0xc8bb,	0x00,
	0xc8bc,	0x00,
	0xc8bd,	0x02,
	0xc8be,	0x02,
	0xc8bf,	0x04,
	0xc8c3,	0x0a,
	0xc8c4,	0x0a,
	0xc8c5,	0x0a,
	0xc8ca,	0x00,
	0xc8cb,	0x03,
	0xc8cc,	0x12,
	0xc8cd,	0x04,
	0xc8ce,	0x03,
	0xc8cf,	0x03,
	0xc8d0,	0x03,
	0xc8d1,	0x01,
	0xc8d2,	0x02,
	0xc8d3,	0x01,
	0xc8d4,	0x01,
	0xc8d5,	0x02,
	0xc8d6,	0x02,
	0xc8d7,	0x68,
	0xc8d8,	0x67,
	0xc8d9,	0x67,
	0xc8da,	0x03,
	0xc8db,	0x66,
	0xc8dc,	0x66,
	0xc8dd,	0x66,
	0xc8de,	0x66,
	0xc8df,	0x66,
	0xc8e0,	0x66,
	0xc8e1,	0x66,
	0xc8e2,	0x66,
	0xc8e3,	0x66,
	0xc8e4,	0x66,
	0xc8e5,	0x0f,
	0xc8e6,	0x0f,
	0xc8e7,	0x0f,
	0xc8e9,	0x0f,
	0xc8ea,	0x0f,
	0xc8eb,	0x0f,
	0xc8ec,	0x0f,
	0xc8ed,	0x0f,
	0xc8ee,	0x0f,
	0xc8f3,	0x1e,
	0xc8f4,	0x1e,
	0xc8f5,	0x1c,
	0xc8f6,	0x08,
	0xc8f7,	0x0f,
	0xc8f8,	0x18,
	0xc8f9,	0x05,
	0xc8fa,	0x05,
	0xc8fb,	0x10,
	0xc8fc,	0x14,
	0xc8fd,	0x00,
	0xc8fe,	0x00,
	0xc8ff,	0x00,
	0xc900,	0x00,
	0xc903,	0x0b,
	0xc904,	0x11,
	0xc906,	0x1a,
	0xc907,	0x1a,
	0xc908,	0x1a,
	0xc924,	0x03,
	0xc925,	0x03,
	0xc930,	0x05,
	0xc931,	0x13,
	0xc933,	0x1d,
	0xc95c,	0x34,
	0xc95d,	0x3f,
	0xc95e,	0x3f,
	0xc95f,	0x34,
	0xc960,	0x3f,
	0xc961,	0x3f,
	0xc962,	0x22,
	0xc963,	0x3f,
	0xc964,	0x3f,
	0xc965,	0x22,
	0xc966,	0x3f,
	0xc967,	0x3f,
	0xc975,	0x10,
	0xc976,	0x10,
	0xc977,	0x10,
	0xc999,	0x3f,
	0xc99a,	0x00,
	0xc99c,	0x00,
	0xc99d,	0x00,
	0xc99f,	0xd7,
	0xc9a7,	0x2e,
	0xc9a8,	0x2b,
	0xc9a9,	0x00,
	0xc9aa,	0x00,
	0xc9b3,	0x06,
	0xc9b4,	0x04,
	0xc9b5,	0x08,
	0xc9b9,	0x0b,
	0xc9ba,	0x0a,
	0xc9bb,	0x0b,
	0xc9bf,	0x02,
	0xc9c0,	0x02,
	0xc9c1,	0x0e,
	0xc9c2,	0x24,
	0xc9c5,	0x0a,
	0xc9c7,	0x14,
	0xc9c8,	0x27,
	0xc9cc,	0x01,
	0xc9cd,	0x01,
	0xc9ce,	0x00,
	0xc9cf,	0x01,
	0xc9d0,	0x02,
	0xc9d1,	0x00,
	0xc9d2,	0x00,
	0xc9d3,	0x00,
	0xc9d4,	0x00,
	0xc9d9,	0x9c,
	0xc9da,	0x9b,
	0xc9db,	0x9b,
	0xc9dc,	0x57,
	0xc9dd,	0x99,
	0xc9de,	0x99,
	0xc9df,	0x9c,
	0xc9e0,	0x9c,
	0xc9e1,	0x9c,
	0xc9e2,	0x9c,
	0xc9e3,	0x9c,
	0xc9e4,	0x9c,
	0xc9e5,	0x9c,
	0xc9e6,	0x9c,
	0xc9ea,	0x0f,
	0xc9eb,	0x0f,
	0xc9ec,	0x0f,
	0xc9f5,	0x14,
	0xc9f6,	0x0f,
	0xc9f7,	0x0f,
	0xc9f8,	0x0a,
	0xc9f9,	0x06,
	0xc9fa,	0x10,
	0xc9fb,	0x00,
	0xc9fc,	0x00,
	0xc9fd,	0x10,
	0xc9fe,	0x1a,
	0xca0b,	0x0b,
	0xca0c,	0x11,
	0xca0e,	0x1a,
	0xca0f,	0x1a,
	0xca10,	0x1a,
	0xca17,	0x21,
	0xca1b,	0x3f,
	0xd013,	0x37,
	0xd023,	0x37,
	0xd027,	0x36,
	0xd02b,	0x96,
	0xd02f,	0x7a,
	0xd034,	0x00,
	0xd03b,	0x7a,
	0xd083,	0x00,
	0xd087,	0x02,
	0xd08f,	0x00,
	0xd093,	0x02,
	0xd0a7,	0x02,
	0xd0ab,	0x09,
	0xd0af,	0x00,
	0xd0b3,	0x00,
	0xd0bb,	0x08,
	0xd0c3,	0x10,
	0xd0ce,	0x41,
	0xd0cf,	0x05,
	0xd143,	0x50,
	0xd1f9,	0xb5,
	0xd1fb,	0xc1,
	0xd211,	0xb5,
	0xd213,	0xc1,
	0xd241,	0xb5,
	0xd243,	0xc1,
	0xd261,	0xb5,
	0xd263,	0xc1,
	0xd2a1,	0xb5,
	0xd2a3,	0xc1,
	0xd2c1,	0xb5,
	0xd2c3,	0xc1,
	0xd309,	0xc3,
	0xd30a,	0x00,
	0xd30b,	0xef,
	0xd30d,	0xff,
	0xd30e,	0x01,
	0xd30f,	0x73,
	0xd514,	0x00,
	0xd515,	0xc9,
	0xdbfd,	0xc3,
	0xdbff,	0xef,
	0xdc01,	0xff,
	0xddf7,	0x42,
	0xde7b,	0x42,
	0xdeef,	0x42,
	0xdf37,	0x42,
	0xe30c,	0x00,
	0xe30d,	0xd1,
	0xe30e,	0x00,
	0xe30f,	0xe7,
	0xe310,	0x01,
	0xe311,	0x0d,
	0xe312,	0x01,
	0xe313,	0x69,
	0xe4d7,	0xb5,
	0xe4ed,	0xc1,
	0xe507,	0xb5,
	0xe51d,	0xc1,
	0xe5f9,	0xbf,
	0xe5fa,	0x00,
	0xe5fb,	0xc4,
	0xe611,	0xbf,
	0xe612,	0x00,
	0xe613,	0xc4,
	0xe629,	0xbf,
	0xe62a,	0x00,
	0xe62b,	0xc4,
	0xe649,	0xbf,
	0xe64a,	0x00,
	0xe64b,	0xc4,
	0xe665,	0xbf,
	0xe666,	0x00,
	0xe667,	0xc4,
	0xe685,	0xbf,
	0xe686,	0x00,
	0xe687,	0xc4,
	0xe6a7,	0xb5,
	0xe6bf,	0xb5,
	0xe6d5,	0xc1,
	0xe6ed,	0xc1,
	0xe708,	0x00,
	0xe709,	0xef,
	0xe70b,	0xc3,
	0xe70c,	0x01,
	0xe70d,	0x73,
	0xe70f,	0xff,
	0xe720,	0x00,
	0xe721,	0xef,
	0xe723,	0xc3,
	0xe724,	0x01,
	0xe725,	0x73,
	0xe727,	0xff,
	0xe738,	0x00,
	0xe739,	0xef,
	0xe73b,	0xc3,
	0xe73c,	0x01,
	0xe73d,	0x73,
	0xe73f,	0xff,
	0xe750,	0x00,
	0xe751,	0xef,
	0xe753,	0xc3,
	0xe754,	0x01,
	0xe755,	0x73,
	0xe757,	0xff,
	// ois off
	0x3002, 0x00,	//	bit[7] = 1 ; set VSYNC as output
	0x3680, 0x00,	//	assign VSYNC for OIS pin
	0x38f3, 0x00,	//	Enable OIS function
	0x38f4, 0x08,	//	bit[7:0] offset1[7:0]
	0x38f5, 0x00,	//	bit[7:4] for offset2[11:8]; bit[3:0] for offset1[11:8]
	0x38f6, 0x08,	//	bit[7:4] offset2[7:0]
	0x38af, 0x40,	//	Bit[6]: OIS function signal polarity
};

// slim_video mode 4: same as preview mode
static u16 warholovx9500wide_slim_video_setting[] = {};

static u16 warholovx9500wide_custom1_setting[] = {
	0x3208, 0x06, // group6 mode 26
	0x3014, 0xf3,
	0x3016, 0xf7,
	0x3017, 0xf2,
	0x301b, 0xf6,
	0x301f, 0x99,

	0x0345,	0x40,
	0x0360,	0x01,
	0x100f,	0x62,
	0x101f,	0x62,
	0x1023,	0x37,
	0x1027,	0x4b,
	0x102b,	0xa2,
	0x102f,	0xd0,
	0x1034,	0x00,
	0x103b,	0xd0,
	0x1040,	0x00,
	0x1047,	0xb4,
	0x107a,	0x88,
	0x107b,	0x08,
	0x107e,	0x8b,
	0x107f,	0x03,
	0x1083,	0x0a,
	0x1087,	0x33,
	0x1093,	0x58,
	0x10a7,	0x02,
	0x10ab,	0x00,
	0x10ae,	0x8d,
	0x10af,	0x02,
	0x10b2,	0x8f,
	0x10b6,	0x92,
	0x10b7,	0x03,
	0x10ba,	0x95,
	0x10bb,	0x04,
	0x10be,	0x97,
	0x10c2,	0x9b,
	0x10c3,	0x10,
	0x10c6,	0x00,
	0x10c7,	0x00,
	0x1141,	0x00,
	0x1143,	0x00,
	0x11f9,	0xb5,
	0x11fb,	0xc1,
	0x1211,	0xb5,
	0x1213,	0xc1,
	0x1241,	0xb5,
	0x1243,	0xc1,
	0x1261,	0xb5,
	0x1263,	0xc1,
	0x12a1,	0xb5,
	0x12a3,	0xc1,
	0x12c1,	0xb5,
	0x12c3,	0xc1,
	0x130d,	0xc3,
	0x130e,	0x00,
	0x130f,	0xef,
	0x1310,	0x00,
	0x1311,	0xff,
	0x1313,	0x2b,
	0x1314,	0x01,
	0x1315,	0x43,
	0x1316,	0x01,
	0x1317,	0x69,
	0x1514,	0x00,
	0x1515,	0xc9,
	0x1bd1,	0x85,
	0x1c01,	0xc3,
	0x1c02,	0x00,
	0x1c03,	0xef,
	0x1c04,	0x00,
	0x1c05,	0xff,
	0x1c06,	0x01,
	0x1c07,	0x2b,
	0x1c08,	0x01,
	0x1c09,	0x3b,
	0x24ef,	0x6b,
	0x2507,	0xb5,
	0x251d,	0xc1,
	0x25f9,	0xbf,
	0x25fa,	0x00,
	0x25fb,	0xc4,
	0x2611,	0xbf,
	0x2612,	0x00,
	0x2613,	0xc4,
	0x2629,	0xbf,
	0x262a,	0x00,
	0x262b,	0xc4,
	0x2649,	0xbf,
	0x264a,	0x00,
	0x264b,	0xc4,
	0x2665,	0xbf,
	0x2666,	0x00,
	0x2667,	0xc4,
	0x2685,	0xbf,
	0x2686,	0x00,
	0x2687,	0xc4,
	0x26a7,	0xb5,
	0x26d5,	0xc1,
	0x26ef,	0x6b,
	0x2705,	0xb3,
	0x2708,	0x00,
	0x2709,	0xef,
	0x270b,	0xc3,
	0x270d,	0x2b,
	0x270e,	0x00,
	0x270f,	0xff,
	0x2710,	0x01,
	0x2711,	0x69,
	0x2712,	0x01,
	0x2713,	0x3b,
	0x271d,	0xb3,
	0x2720,	0x00,
	0x2721,	0xef,
	0x2723,	0xc3,
	0x2725,	0x2b,
	0x2726,	0x00,
	0x2727,	0xff,
	0x2728,	0x01,
	0x2729,	0x69,
	0x272a,	0x01,
	0x272b,	0x3b,
	0x2735,	0xb3,
	0x2738,	0x00,
	0x2739,	0xef,
	0x273b,	0xc3,
	0x273d,	0x2b,
	0x273e,	0x00,
	0x273f,	0xff,
	0x2740,	0x01,
	0x2741,	0x69,
	0x2742,	0x01,
	0x2743,	0x3b,
	0x274d,	0xb3,
	0x2750,	0x00,
	0x2751,	0xef,
	0x2753,	0xc3,
	0x2755,	0x2b,
	0x2756,	0x00,
	0x2757,	0xff,
	0x2758,	0x01,
	0x2759,	0x69,
	0x275a,	0x01,
	0x275b,	0x3b,
	0x3010,	0x01,
	0x3402,	0xaf,
	0x3403,	0x19,
	0x3404,	0x19,
	0x3405,	0x0f,
	0x3406,	0x08,
	0x3408,	0x0f,
	0x3409,	0x08,
	0x340a,	0x03,
	0x341b,	0x30,
	0x344d,	0x02,
	0x344e,	0x02,
	0x3506,	0xf8,
	0x350d,	0x00,
	0x350e,	0xb1,
	0x3546,	0xf8,
	0x354d,	0x00,
	0x354e,	0xb1,
	0x3586,	0xf8,
	0x3608,	0x01,
	0x3622,	0x88,
	0x3623,	0x08,
	0x3691,	0x00,
	0x3692,	0x00,
	0x3696,	0x00,
	0x369a,	0x10,
	0x369b,	0x00,
	0x36a5,	0x02,
	0x36a6,	0x40,
	0x36a7,	0x00,
	0x36b0,	0x84,
	0x36b1,	0x00,
	0x36c8,	0x01,
	0x3714,	0x62,
	0x37bc,	0x08,
	0x37c9,	0x00,
	0x3800,	0x00,
	0x3801,	0x00,
	0x3802,	0x03,
	0x3803,	0x00,
	0x3804,	0x20,
	0x3805,	0x1f,
	0x3806,	0x15,
	0x3807,	0x3f,
	0x3808,	0x10,
	0x3809,	0x00,
	0x380a,	0x09,
	0x380b,	0x00,
	0x380c,	0x04,
	0x380d,	0xb0,
	0x3811,	0x08,
	0x3813,	0x11,
	0x3814,	0x11,
	0x3815,	0x11,
	0x3820,	0x46,
	0x3821,	0x10,
	0x3823,	0x04,
	0x3828,	0x02,
	0x3830,	0x02,
	0x3831,	0x12,
	0x3837,	0x04,
	0x383f,	0x00,
	0x384c,	0x04,
	0x384d,	0xb0,
	0x386d,	0x7c,
	0x3889,	0x08,
	0x388b,	0x10,
	0x388c,	0x10,
	0x388d,	0x00,
	0x388e,	0x09,
	0x388f,	0x00,
	0x3894,	0x10,
	0x3896,	0x00,
	0x38a1,	0x1d,
	0x38a2,	0x98,
	0x38a4,	0x1d,
	0x38a5,	0x98,
	0x38a6,	0x20,
	0x38a9,	0x3b,
	0x38aa,	0x30,
	0x38ab,	0x00,
	0x38ad,	0x1d,
	0x38ae,	0x98,
	0x38b0,	0x01,
	0x38db,	0xe1,
	0x3f00,	0x06,
	0x3f30,	0x04,
	0x3f70,	0x06,
	0x3f72,	0x14,
	0x3f74,	0x14,
	0x3f76,	0x08,
	0x3f78,	0x08,
	0x3f7a,	0x08,
	0x3f7c,	0x0e,
	0x3f7e,	0x0e,
	0x3f80,	0x0e,
	0x3f8e,	0x08,
	0x3f90,	0x08,
	0x3f92,	0x08,
	0x400e,	0x1c,
	0x400f,	0x60,
	0x4010,	0xf4,
	0x4012,	0x50,
	0x4016,	0x1d,
	0x4018,	0x0f,
	0x4506,	0x01,
	0x4509,	0x07,
	0x450c,	0x00,
	0x450d,	0x60,
	0x4546,	0x04,
	0x4547,	0xb0,
	0x4549,	0x00,
	0x4580,	0x05,
	0x45c0,	0x45,
	0x45cb,	0xf0,
	0x45cc,	0x02,
	0x45cd,	0x00,
	0x45ce,	0x00,
	0x4602,	0x00,
	0x4603,	0x15,
	0x460b,	0x07,
	0x4640,	0x01,
	0x4641,	0x00,
	0x4643,	0x0c,
	0x4680,	0x09,
	0x468e,	0x30,
	0x4690,	0x11,
	0x4692,	0x56,
	0x4693,	0x00,
	0x4695,	0x11,
	0x4697,	0x11,
	0x46c0,	0x01,
	0x46c2,	0x04,
	0x46cb,	0xff,
	0x4701,	0x40,
	0x4703,	0x08,
	0x47c0,	0x05,
	0x47c2,	0x02,
	0x47c4,	0x05,
	0x47c6,	0x01,
	0x47c8,	0x05,
	0x47ca,	0x02,
	0x47cc,	0x05,
	0x47ce,	0x01,
	0x4808,	0x54,
	0x4813,	0x10,
	0x4836,	0x32,
	0x490e,	0x08,
	0x490f,	0x60,
	0x4910,	0x00,
	0x4912,	0x00,
	0x4a0e,	0x08,
	0x4a0f,	0x60,
	0x4a10,	0x00,
	0x4a12,	0x00,
	0x4b00,	0x00,
	0x4b10,	0x02,
	0x4b11,	0x06,
	0x4b12,	0x02,
	0x4b13,	0x06,
	0x4b14,	0x02,
	0x4b15,	0x06,
	0x4b16,	0x0a,
	0x4b17,	0x0e,
	0x4b20,	0x02,
	0x4b21,	0x06,
	0x4b22,	0x02,
	0x4b23,	0x06,
	0x4b24,	0x02,
	0x4b25,	0x06,
	0x4b26,	0x0a,
	0x4b27,	0x0e,
	0x4b30,	0x02,
	0x4b31,	0x06,
	0x4b32,	0x02,
	0x4b33,	0x06,
	0x4b34,	0x02,
	0x4b35,	0x06,
	0x4b36,	0x0a,
	0x4b37,	0x0e,
	0x4b3d,	0x00,
	0x4b3f,	0x00,
	0x4b41,	0x08,
	0x4b42,	0x00,
	0x4b43,	0x08,
	0x4b45,	0x08,
	0x4b46,	0x00,
	0x4b47,	0x08,
	0x4b48,	0x02,
	0x4b49,	0x00,
	0x4b4a,	0x01,
	0x4b4b,	0x00,
	0x4b51,	0x06,
	0x4b52,	0x02,
	0x4b53,	0x06,
	0x4b54,	0x02,
	0x4b55,	0x06,
	0x4b56,	0x0a,
	0x4b57,	0x0e,
	0x4b5a,	0x08,
	0x4b61,	0x06,
	0x4b62,	0x02,
	0x4b63,	0x06,
	0x4b64,	0x02,
	0x4b65,	0x06,
	0x4b66,	0x0a,
	0x4b67,	0x0e,
	0x4b6a,	0x08,
	0x4b71,	0x06,
	0x4b72,	0x02,
	0x4b73,	0x06,
	0x4b74,	0x02,
	0x4b75,	0x06,
	0x4b76,	0x0a,
	0x4b77,	0x0e,
	0x4b7a,	0x08,
	0x4b7d,	0x00,
	0x4b7f,	0x00,
	0x4b82,	0x00,
	0x4b83,	0x08,
	0x4b85,	0x08,
	0x4b86,	0x00,
	0x4b87,	0x08,
	0x4b88,	0x02,
	0x4b89,	0x00,
	0x4b8a,	0x01,
	0x4b8b,	0x00,
	0x4b91,	0x06,
	0x4b92,	0x02,
	0x4b93,	0x06,
	0x4b94,	0x02,
	0x4b95,	0x06,
	0x4b96,	0x0a,
	0x4b97,	0x0e,
	0x4b9a,	0x08,
	0x4ba1,	0x06,
	0x4ba2,	0x02,
	0x4ba3,	0x06,
	0x4ba4,	0x02,
	0x4ba5,	0x06,
	0x4ba6,	0x0a,
	0x4ba7,	0x0e,
	0x4baa,	0x08,
	0x4bb1,	0x06,
	0x4bb2,	0x02,
	0x4bb3,	0x06,
	0x4bb4,	0x02,
	0x4bb5,	0x06,
	0x4bb6,	0x0a,
	0x4bb7,	0x0e,
	0x4bba,	0x08,
	0x4bbd,	0x00,
	0x4bbf,	0x00,
	0x4bc2,	0x00,
	0x4bc3,	0x08,
	0x4bc5,	0x08,
	0x4bc6,	0x00,
	0x4bc7,	0x08,
	0x4bc8,	0x02,
	0x4bc9,	0x00,
	0x4bca,	0x01,
	0x4bcb,	0x00,
	0x5000,	0x0f,
	0x5001,	0x00,
	0x5002,	0x40,
	0x5003,	0xc0,
	0x5016,	0x11,
	0x5017,	0x00,
	0x50b3,	0x00,
	0x51a7,	0xc0,
	0x54a7,	0xc0,
	0x57a7,	0xc0,
	0x5a60,	0x7b,
	0x5b95,	0x45,
	0x5b97,	0x0c,
	0x5b98,	0x08,
	0x5b99,	0x00,
	0x5bc0,	0x1f,
	0x5e00,	0x7b,
	0x5f35,	0x45,
	0x5f37,	0x0c,
	0x5f38,	0x08,
	0x5f39,	0x00,
	0x5f60,	0x1f,
	0x6200,	0x60,
	0x6201,	0x00,
	0x6365,	0x00,
	0x6382,	0x03,
	0x6392,	0x03,
	0x64a0,	0x01,
	0x64a1,	0x00,
	0x64a2,	0x40,
	0xc400,	0x11,
	0xc405,	0x12,
	0xc406,	0x12,
	0xc407,	0x00,
	0xc408,	0x00,
	0xc409,	0x00,
	0xc40a,	0x00,
	0xc40b,	0x00,
	0xc40c,	0x00,
	0xc40d,	0x00,
	0xc40e,	0x00,
	0xc40f,	0x00,
	0xc410,	0x00,
	0xc411,	0x00,
	0xc412,	0x00,
	0xc413,	0x00,
	0xc414,	0x00,
	0xc41c,	0x00,
	0xc41e,	0x00,
	0xc420,	0x00,
	0xc422,	0x00,
	0xc424,	0x00,
	0xc426,	0x00,
	0xc428,	0x00,
	0xc42a,	0x00,
	0xc42c,	0x00,
	0xc42e,	0x00,
	0xc430,	0x00,
	0xc432,	0x00,
	0xc434,	0x00,
	0xc435,	0x12,
	0xc436,	0x12,
	0xc437,	0x00,
	0xc438,	0x00,
	0xc439,	0x00,
	0xc43a,	0x00,
	0xc43b,	0x00,
	0xc43c,	0x00,
	0xc43d,	0x00,
	0xc43e,	0x00,
	0xc43f,	0x00,
	0xc440,	0x00,
	0xc441,	0x00,
	0xc442,	0x00,
	0xc443,	0x00,
	0xc444,	0x00,
	0xc464,	0x60,
	0xc465,	0x60,
	0xc466,	0x60,
	0xc804,	0x1d,
	0xc805,	0x1d,
	0xc806,	0x1c,
	0xc807,	0x1c,
	0xc808,	0x16,
	0xc809,	0x10,
	0xc80c,	0x0f,
	0xc81d,	0x03,
	0xc81e,	0x03,
	0xc820,	0x03,
	0xc829,	0x01,
	0xc82a,	0x10,
	0xc82b,	0x15,
	0xc82c,	0x1b,
	0xc82d,	0x1c,
	0xc85a,	0x3f,
	0xc85b,	0x3f,
	0xc85c,	0x3f,
	0xc85d,	0x3f,
	0xc85e,	0x3f,
	0xc85f,	0x3f,
	0xc860,	0x2d,
	0xc861,	0x2d,
	0xc862,	0x3f,
	0xc863,	0x2d,
	0xc864,	0x2d,
	0xc865,	0x3f,
	0xc873,	0x10,
	0xc874,	0x10,
	0xc875,	0x10,
	0xc898,	0x0b,
	0xc899,	0x00,
	0xc89a,	0x00,
	0xc89b,	0x00,
	0xc89c,	0x00,
	0xc89d,	0xea,
	0xc8a5,	0x1f,
	0xc8a6,	0x12,
	0xc8a7,	0x0b,
	0xc8a8,	0x0f,
	0xc8aa,	0x00,
	0xc8b1,	0x06,
	0xc8b2,	0x0a,
	0xc8b3,	0x18,
	0xc8b4,	0x37,
	0xc8b5,	0x00,
	0xc8b6,	0x00,
	0xc8b7,	0x0b,
	0xc8b8,	0x0b,
	0xc8b9,	0x16,
	0xc8ba,	0x2c,
	0xc8bb,	0x00,
	0xc8bc,	0x00,
	0xc8bd,	0x02,
	0xc8be,	0x02,
	0xc8bf,	0x04,
	0xc8c3,	0x0a,
	0xc8c4,	0x0a,
	0xc8c5,	0x0a,
	0xc8ca,	0x00,
	0xc8cb,	0x03,
	0xc8cc,	0x12,
	0xc8cd,	0x04,
	0xc8ce,	0x03,
	0xc8cf,	0x03,
	0xc8d0,	0x03,
	0xc8d1,	0x01,
	0xc8d2,	0x02,
	0xc8d3,	0x01,
	0xc8d4,	0x01,
	0xc8d5,	0x02,
	0xc8d6,	0x02,
	0xc8d7,	0x68,
	0xc8d8,	0x67,
	0xc8d9,	0x67,
	0xc8da,	0x03,
	0xc8db,	0x66,
	0xc8dc,	0x66,
	0xc8dd,	0x66,
	0xc8de,	0x66,
	0xc8df,	0x66,
	0xc8e0,	0x66,
	0xc8e1,	0x66,
	0xc8e2,	0x66,
	0xc8e3,	0x66,
	0xc8e4,	0x66,
	0xc8e5,	0x0f,
	0xc8e6,	0x0f,
	0xc8e7,	0x0f,
	0xc8e9,	0x0f,
	0xc8ea,	0x0f,
	0xc8eb,	0x0f,
	0xc8ec,	0x0f,
	0xc8ed,	0x0f,
	0xc8ee,	0x0f,
	0xc8f3,	0x1e,
	0xc8f4,	0x1e,
	0xc8f5,	0x16,
	0xc8f6,	0x08,
	0xc8f7,	0x10,
	0xc8f8,	0x18,
	0xc8f9,	0x05,
	0xc8fa,	0x05,
	0xc8fb,	0x0a,
	0xc8fc,	0x0a,
	0xc8fd,	0x00,
	0xc8fe,	0x00,
	0xc8ff,	0x00,
	0xc900,	0x00,
	0xc903,	0x0b,
	0xc904,	0x11,
	0xc906,	0x1a,
	0xc907,	0x1a,
	0xc908,	0x1a,
	0xc924,	0x03,
	0xc925,	0x03,
	0xc930,	0x05,
	0xc931,	0x13,
	0xc933,	0x1d,
	0xc95c,	0x34,
	0xc95d,	0x3f,
	0xc95e,	0x3f,
	0xc95f,	0x34,
	0xc960,	0x3f,
	0xc961,	0x3f,
	0xc962,	0x22,
	0xc963,	0x3f,
	0xc964,	0x3f,
	0xc965,	0x22,
	0xc966,	0x3f,
	0xc967,	0x3f,
	0xc975,	0x10,
	0xc976,	0x10,
	0xc977,	0x10,
	0xc999,	0x3f,
	0xc99a,	0x00,
	0xc99c,	0x00,
	0xc99d,	0x00,
	0xc99f,	0xd7,
	0xc9a7,	0x2e,
	0xc9a8,	0x2b,
	0xc9a9,	0x00,
	0xc9aa,	0x00,
	0xc9b3,	0x06,
	0xc9b4,	0x04,
	0xc9b5,	0x08,
	0xc9b9,	0x0b,
	0xc9ba,	0x0a,
	0xc9bb,	0x0b,
	0xc9bf,	0x02,
	0xc9c0,	0x02,
	0xc9c1,	0x0e,
	0xc9c2,	0x24,
	0xc9c5,	0x0a,
	0xc9c7,	0x14,
	0xc9c8,	0x27,
	0xc9cc,	0x01,
	0xc9cd,	0x01,
	0xc9ce,	0x00,
	0xc9cf,	0x01,
	0xc9d0,	0x02,
	0xc9d1,	0x00,
	0xc9d2,	0x00,
	0xc9d3,	0x00,
	0xc9d4,	0x00,
	0xc9d9,	0x9c,
	0xc9da,	0x9b,
	0xc9db,	0x9b,
	0xc9dc,	0x57,
	0xc9dd,	0x99,
	0xc9de,	0x99,
	0xc9df,	0x9c,
	0xc9e0,	0x9c,
	0xc9e1,	0x9c,
	0xc9e2,	0x9c,
	0xc9e3,	0x9c,
	0xc9e4,	0x9c,
	0xc9e5,	0x9c,
	0xc9e6,	0x9c,
	0xc9ea,	0x0f,
	0xc9eb,	0x0f,
	0xc9ec,	0x0f,
	0xc9f5,	0x14,
	0xc9f6,	0x0f,
	0xc9f7,	0x0f,
	0xc9f8,	0x0a,
	0xc9f9,	0x06,
	0xc9fa,	0x10,
	0xc9fb,	0x00,
	0xc9fc,	0x00,
	0xc9fd,	0x00,
	0xc9fe,	0x00,
	0xca0b,	0x0b,
	0xca0c,	0x11,
	0xca0e,	0x1a,
	0xca0f,	0x1a,
	0xca10,	0x1a,
	0xca17,	0x81,
	0xca1b,	0x3e,
	0xd013,	0x37,
	0xd023,	0x37,
	0xd027,	0x36,
	0xd02b,	0x96,
	0xd02f,	0x7a,
	0xd034,	0x00,
	0xd03b,	0x7a,
	0xd083,	0x00,
	0xd087,	0x02,
	0xd08f,	0x00,
	0xd093,	0x02,
	0xd0a7,	0x02,
	0xd0ab,	0x09,
	0xd0af,	0x00,
	0xd0b3,	0x00,
	0xd0bb,	0x08,
	0xd0c3,	0x10,
	0xd0ce,	0x41,
	0xd0cf,	0x05,
	0xd143,	0x50,
	0xd1f9,	0xb5,
	0xd1fb,	0xc1,
	0xd211,	0xb5,
	0xd213,	0xc1,
	0xd241,	0xb5,
	0xd243,	0xc1,
	0xd261,	0xb5,
	0xd263,	0xc1,
	0xd2a1,	0xb5,
	0xd2a3,	0xc1,
	0xd2c1,	0xb5,
	0xd2c3,	0xc1,
	0xd309,	0xc3,
	0xd30a,	0x00,
	0xd30b,	0xef,
	0xd30d,	0xff,
	0xd30e,	0x01,
	0xd30f,	0x73,
	0xd514,	0x00,
	0xd515,	0xc9,
	0xdbfd,	0xc3,
	0xdbff,	0xef,
	0xdc01,	0xff,
	0xddf7,	0x42,
	0xde7b,	0x42,
	0xdeef,	0x42,
	0xdf37,	0x42,
	0xe30c,	0x00,
	0xe30d,	0xd1,
	0xe30e,	0x00,
	0xe30f,	0xe7,
	0xe310,	0x01,
	0xe311,	0x0d,
	0xe312,	0x01,
	0xe313,	0x69,
	0xe4d7,	0xb5,
	0xe4ed,	0xc1,
	0xe507,	0xb5,
	0xe51d,	0xc1,
	0xe5f9,	0xbf,
	0xe5fa,	0x00,
	0xe5fb,	0xc4,
	0xe611,	0xbf,
	0xe612,	0x00,
	0xe613,	0xc4,
	0xe629,	0xbf,
	0xe62a,	0x00,
	0xe62b,	0xc4,
	0xe649,	0xbf,
	0xe64a,	0x00,
	0xe64b,	0xc4,
	0xe665,	0xbf,
	0xe666,	0x00,
	0xe667,	0xc4,
	0xe685,	0xbf,
	0xe686,	0x00,
	0xe687,	0xc4,
	0xe6a7,	0xb5,
	0xe6bf,	0xb5,
	0xe6d5,	0xc1,
	0xe6ed,	0xc1,
	0xe708,	0x00,
	0xe709,	0xef,
	0xe70b,	0xc3,
	0xe70c,	0x01,
	0xe70d,	0x73,
	0xe70f,	0xff,
	0xe720,	0x00,
	0xe721,	0xef,
	0xe723,	0xc3,
	0xe724,	0x01,
	0xe725,	0x73,
	0xe727,	0xff,
	0xe738,	0x00,
	0xe739,	0xef,
	0xe73b,	0xc3,
	0xe73c,	0x01,
	0xe73d,	0x73,
	0xe73f,	0xff,
	0xe750,	0x00,
	0xe751,	0xef,
	0xe753,	0xc3,
	0xe754,	0x01,
	0xe755,	0x73,
	0xe757,	0xff,

	0x3014, 0xf0,
	0x301b, 0xf0,
	0x3017, 0xf0,
	0x3016, 0xf0,
	0x301f, 0x98,
	0x3046, 0x01,
	0x3208, 0x16, //group6 record end



	0x3208, 0x07, //group7 mode 27
	0x3014, 0xf3,
	0x3016, 0xf7,
	0x3017, 0xf2,
	0x301b, 0xf6,
	0x301f, 0x99,

	0x0345,	0x40,
	0x0360,	0x03,
	0x100f,	0x62,
	0x101f,	0x62,
	0x1023,	0x37,
	0x1027,	0x4b,
	0x102b,	0xa2,
	0x102f,	0xd0,
	0x1034,	0x00,
	0x103b,	0xd0,
	0x1040,	0x00,
	0x1047,	0xb4,
	0x107a,	0x88,
	0x107b,	0x08,
	0x107e,	0x8b,
	0x107f,	0x03,
	0x1083,	0x0a,
	0x1087,	0x33,
	0x1093,	0x58,
	0x10a7,	0x02,
	0x10ab,	0x00,
	0x10ae,	0x8d,
	0x10af,	0x02,
	0x10b2,	0x8f,
	0x10b6,	0x92,
	0x10b7,	0x03,
	0x10ba,	0x95,
	0x10bb,	0x04,
	0x10be,	0x97,
	0x10c2,	0x9b,
	0x10c3,	0x10,
	0x10c6,	0x00,
	0x10c7,	0x00,
	0x1141,	0x00,
	0x1143,	0x00,
	0x11f9,	0xb5,
	0x11fb,	0xc1,
	0x1211,	0xb5,
	0x1213,	0xc1,
	0x1241,	0xb5,
	0x1243,	0xc1,
	0x1261,	0xb5,
	0x1263,	0xc1,
	0x12a1,	0xb5,
	0x12a3,	0xc1,
	0x12c1,	0xb5,
	0x12c3,	0xc1,
	0x130d,	0xc3,
	0x130e,	0x00,
	0x130f,	0xef,
	0x1310,	0x00,
	0x1311,	0xff,
	0x1313,	0x2b,
	0x1314,	0x01,
	0x1315,	0x43,
	0x1316,	0x01,
	0x1317,	0x69,
	0x1514,	0x00,
	0x1515,	0xc9,
	0x1bd1,	0x85,
	0x1c01,	0xc3,
	0x1c02,	0x00,
	0x1c03,	0xef,
	0x1c04,	0x00,
	0x1c05,	0xff,
	0x1c06,	0x01,
	0x1c07,	0x2b,
	0x1c08,	0x01,
	0x1c09,	0x3b,
	0x24ef,	0x6b,
	0x2507,	0xb5,
	0x251d,	0xc1,
	0x25f9,	0xbf,
	0x25fa,	0x00,
	0x25fb,	0xc4,
	0x2611,	0xbf,
	0x2612,	0x00,
	0x2613,	0xc4,
	0x2629,	0xbf,
	0x262a,	0x00,
	0x262b,	0xc4,
	0x2649,	0xbf,
	0x264a,	0x00,
	0x264b,	0xc4,
	0x2665,	0xbf,
	0x2666,	0x00,
	0x2667,	0xc4,
	0x2685,	0xbf,
	0x2686,	0x00,
	0x2687,	0xc4,
	0x26a7,	0xb5,
	0x26d5,	0xc1,
	0x26ef,	0x6b,
	0x2705,	0xb3,
	0x2708,	0x00,
	0x2709,	0xef,
	0x270b,	0xc3,
	0x270d,	0x2b,
	0x270e,	0x00,
	0x270f,	0xff,
	0x2710,	0x01,
	0x2711,	0x69,
	0x2712,	0x01,
	0x2713,	0x3b,
	0x271d,	0xb3,
	0x2720,	0x00,
	0x2721,	0xef,
	0x2723,	0xc3,
	0x2725,	0x2b,
	0x2726,	0x00,
	0x2727,	0xff,
	0x2728,	0x01,
	0x2729,	0x69,
	0x272a,	0x01,
	0x272b,	0x3b,
	0x2735,	0xb3,
	0x2738,	0x00,
	0x2739,	0xef,
	0x273b,	0xc3,
	0x273d,	0x2b,
	0x273e,	0x00,
	0x273f,	0xff,
	0x2740,	0x01,
	0x2741,	0x69,
	0x2742,	0x01,
	0x2743,	0x3b,
	0x274d,	0xb3,
	0x2750,	0x00,
	0x2751,	0xef,
	0x2753,	0xc3,
	0x2755,	0x2b,
	0x2756,	0x00,
	0x2757,	0xff,
	0x2758,	0x01,
	0x2759,	0x69,
	0x275a,	0x01,
	0x275b,	0x3b,
	0x3010,	0x06,
	0x3402,	0x58,
	0x3403,	0x0d,
	0x3404,	0x0d,
	0x3405,	0x08,
	0x3406,	0x04,
	0x3408,	0x08,
	0x3409,	0x04,
	0x340a,	0x02,
	0x341b,	0x30,
	0x344d,	0x02,
	0x344e,	0x02,
	0x3506,	0x1b,
	0x350d,	0x01,
	0x350e,	0x00,
	0x3546,	0x19,
	0x354d,	0x01,
	0x354e,	0x00,
	0x3586,	0x98,
	0x3608,	0x00,
	0x3622,	0xa8,
	0x3623,	0x06,
	0x3691,	0x01,
	0x3692,	0x20,
	0x3696,	0x00,
	0x369a,	0x10,
	0x369b,	0x00,
	0x36a5,	0x02,
	0x36a6,	0x40,
	0x36a7,	0x00,
	0x36b0,	0x84,
	0x36b1,	0x04,
	0x36c8,	0x01,
	0x3714,	0x62,
	0x37bc,	0x08,
	0x37c9,	0x02,
	0x3800,	0x00,
	0x3801,	0x00,
	0x3802,	0x03,
	0x3803,	0x00,
	0x3804,	0x20,
	0x3805,	0x1f,
	0x3806,	0x15,
	0x3807,	0x3f,
	0x3808,	0x10,
	0x3809,	0x00,
	0x380a,	0x09,
	0x380b,	0x00,
	0x380c,	0x09,
	0x380d,	0x60,
	0x3811,	0x08,
	0x3813,	0x11,
	0x3814,	0x11,
	0x3815,	0x11,
	0x3820,	0x46,
	0x3821,	0x10,
	0x3823,	0x06,
	0x3828,	0x02,
	0x3830,	0x02,
	0x3831,	0x12,
	0x3837,	0x04,
	0x383f,	0x04,
	0x384c,	0x09,
	0x384d,	0x60,
	0x386d,	0x7c,
	0x3889,	0x08,
	0x388b,	0x10,
	0x388c,	0x10,
	0x388d,	0x00,
	0x388e,	0x09,
	0x388f,	0x00,
	0x3894,	0x10,
	0x3896,	0x00,
	0x38a1,	0x1d,
	0x38a2,	0x98,
	0x38a4,	0x1d,
	0x38a5,	0x98,
	0x38a6,	0x20,
	0x38a9,	0x3b,
	0x38aa,	0x30,
	0x38ab,	0x00,
	0x38ad,	0x1d,
	0x38ae,	0x98,
	0x38b0,	0x01,
	0x38db,	0xe1,
	0x3f00,	0x06,
	0x3f30,	0x04,
	0x3f70,	0x0a,
	0x3f72,	0x1e,
	0x3f74,	0x1e,
	0x3f76,	0x0e,
	0x3f78,	0x0e,
	0x3f7a,	0x0e,
	0x3f7c,	0x08,
	0x3f7e,	0x08,
	0x3f80,	0x08,
	0x3f8e,	0x08,
	0x3f90,	0x08,
	0x3f92,	0x08,
	0x400e,	0x1c,
	0x400f,	0x60,
	0x4010,	0xf4,
	0x4012,	0x50,
	0x4016,	0x1d,
	0x4018,	0x0f,
	0x4506,	0x01,
	0x4509,	0x07,
	0x450c,	0x00,
	0x450d,	0x60,
	0x4546,	0x04,
	0x4547,	0xb0,
	0x4549,	0x00,
	0x4580,	0x05,
	0x45c0,	0x45,
	0x45cb,	0xf0,
	0x45cc,	0x02,
	0x45cd,	0x00,
	0x45ce,	0x00,
	0x4602,	0x00,
	0x4603,	0x15,
	0x460b,	0x07,
	0x4640,	0x01,
	0x4641,	0x00,
	0x4643,	0x0c,
	0x4680,	0x09,
	0x468e,	0x38,
	0x4690,	0x22,
	0x4692,	0x56,
	0x4693,	0x00,
	0x4695,	0x11,
	0x4697,	0x33,
	0x46c0,	0x41,
	0x46c2,	0x14,
	0x46cb,	0xf0,
	0x4701,	0x40,
	0x4703,	0x0c,
	0x47c0,	0x05,
	0x47c2,	0x02,
	0x47c4,	0x05,
	0x47c6,	0x01,
	0x47c8,	0x05,
	0x47ca,	0x02,
	0x47cc,	0x05,
	0x47ce,	0x01,
	0x4808,	0x43,
	0x4813,	0x50,
	0x4836,	0x21,
	0x490e,	0x08,
	0x490f,	0x30,
	0x4910,	0x00,
	0x4912,	0x00,
	0x4a0e,	0x08,
	0x4a0f,	0x30,
	0x4a10,	0x00,
	0x4a12,	0x00,
	0x4b00,	0x40,
	0x4b10,	0x05,
	0x4b11,	0x04,
	0x4b12,	0x00,
	0x4b13,	0x01,
	0x4b14,	0x01,
	0x4b15,	0x05,
	0x4b16,	0x09,
	0x4b17,	0x0d,
	0x4b20,	0x05,
	0x4b21,	0x04,
	0x4b22,	0x00,
	0x4b23,	0x01,
	0x4b24,	0x01,
	0x4b25,	0x05,
	0x4b26,	0x09,
	0x4b27,	0x0d,
	0x4b30,	0x05,
	0x4b31,	0x04,
	0x4b32,	0x00,
	0x4b33,	0x01,
	0x4b34,	0x01,
	0x4b35,	0x05,
	0x4b36,	0x09,
	0x4b37,	0x0d,
	0x4b3d,	0x10,
	0x4b3f,	0x10,
	0x4b41,	0x10,
	0x4b42,	0x20,
	0x4b43,	0x00,
	0x4b45,	0x10,
	0x4b46,	0x10,
	0x4b47,	0x00,
	0x4b48,	0x20,
	0x4b49,	0x20,
	0x4b4a,	0x10,
	0x4b4b,	0x20,
	0x4b51,	0x02,
	0x4b52,	0x00,
	0x4b53,	0x00,
	0x4b54,	0x01,
	0x4b55,	0x05,
	0x4b56,	0x09,
	0x4b57,	0x0d,
	0x4b5a,	0x04,
	0x4b61,	0x02,
	0x4b62,	0x00,
	0x4b63,	0x00,
	0x4b64,	0x01,
	0x4b65,	0x05,
	0x4b66,	0x09,
	0x4b67,	0x0d,
	0x4b6a,	0x04,
	0x4b71,	0x02,
	0x4b72,	0x00,
	0x4b73,	0x00,
	0x4b74,	0x01,
	0x4b75,	0x05,
	0x4b76,	0x09,
	0x4b77,	0x0d,
	0x4b7a,	0x04,
	0x4b7d,	0x08,
	0x4b7f,	0x10,
	0x4b82,	0x10,
	0x4b83,	0x00,
	0x4b85,	0x10,
	0x4b86,	0x10,
	0x4b87,	0x00,
	0x4b88,	0x10,
	0x4b89,	0x10,
	0x4b8a,	0x10,
	0x4b8b,	0x20,
	0x4b91,	0x02,
	0x4b92,	0x00,
	0x4b93,	0x00,
	0x4b94,	0x01,
	0x4b95,	0x05,
	0x4b96,	0x09,
	0x4b97,	0x0d,
	0x4b9a,	0x04,
	0x4ba1,	0x02,
	0x4ba2,	0x00,
	0x4ba3,	0x00,
	0x4ba4,	0x01,
	0x4ba5,	0x05,
	0x4ba6,	0x09,
	0x4ba7,	0x0d,
	0x4baa,	0x04,
	0x4bb1,	0x02,
	0x4bb2,	0x00,
	0x4bb3,	0x00,
	0x4bb4,	0x01,
	0x4bb5,	0x05,
	0x4bb6,	0x09,
	0x4bb7,	0x0d,
	0x4bba,	0x04,
	0x4bbd,	0x08,
	0x4bbf,	0x10,
	0x4bc2,	0x10,
	0x4bc3,	0x00,
	0x4bc5,	0x10,
	0x4bc6,	0x10,
	0x4bc7,	0x00,
	0x4bc8,	0x10,
	0x4bc9,	0x10,
	0x4bca,	0x10,
	0x4bcb,	0x20,
	0x5000,	0x2f,
	0x5001,	0x2c,
	0x5002,	0x71,
	0x5003,	0xcc,
	0x5016,	0x31,
	0x5017,	0x01,
	0x50b3,	0xd7,
	0x51a7,	0xd8,
	0x54a7,	0xd8,
	0x57a7,	0xd8,
	0x5a60,	0x7b,
	0x5b95,	0x45,
	0x5b97,	0x0c,
	0x5b98,	0x08,
	0x5b99,	0x00,
	0x5bc0,	0x1f,
	0x5e00,	0x7b,
	0x5f35,	0x45,
	0x5f37,	0x0c,
	0x5f38,	0x08,
	0x5f39,	0x00,
	0x5f60,	0x1f,
	0x6200,	0x60,
	0x6201,	0x01,
	0x6365,	0x80,
	0x6382,	0x03,
	0x6392,	0x03,
	0x64a0,	0x03,
	0x64a1,	0x04,
	0x64a2,	0x00,
	0xc400,	0x11,
	0xc405,	0x12,
	0xc406,	0x12,
	0xc407,	0x12,
	0xc408,	0x00,
	0xc409,	0x00,
	0xc40a,	0x00,
	0xc40b,	0x00,
	0xc40c,	0x00,
	0xc40d,	0x00,
	0xc40e,	0x00,
	0xc40f,	0x00,
	0xc410,	0x00,
	0xc411,	0x00,
	0xc412,	0x00,
	0xc413,	0x00,
	0xc414,	0x00,
	0xc41c,	0x00,
	0xc41e,	0x00,
	0xc420,	0x00,
	0xc422,	0x00,
	0xc424,	0x00,
	0xc426,	0x00,
	0xc428,	0x00,
	0xc42a,	0x00,
	0xc42c,	0x00,
	0xc42e,	0x00,
	0xc430,	0x00,
	0xc432,	0x00,
	0xc434,	0x00,
	0xc435,	0x12,
	0xc436,	0x12,
	0xc437,	0x12,
	0xc438,	0x00,
	0xc439,	0x00,
	0xc43a,	0x00,
	0xc43b,	0x00,
	0xc43c,	0x00,
	0xc43d,	0x00,
	0xc43e,	0x00,
	0xc43f,	0x00,
	0xc440,	0x00,
	0xc441,	0x00,
	0xc442,	0x00,
	0xc443,	0x00,
	0xc444,	0x00,
	0xc464,	0x60,
	0xc465,	0x30,
	0xc466,	0x30,
	0xc804,	0x1d,
	0xc805,	0x1d,
	0xc806,	0x1f,
	0xc807,	0x1f,
	0xc808,	0x18,
	0xc809,	0x18,
	0xc80c,	0x0f,
	0xc81d,	0x03,
	0xc81e,	0x03,
	0xc820,	0x03,
	0xc829,	0x09,
	0xc82a,	0x12,
	0xc82b,	0x16,
	0xc82c,	0x1c,
	0xc82d,	0x1d,
	0xc85a,	0x3e,
	0xc85b,	0x1d,
	0xc85c,	0x1b,
	0xc85d,	0x3f,
	0xc85e,	0x1d,
	0xc85f,	0x1b,
	0xc860,	0x2f,
	0xc861,	0x1d,
	0xc862,	0x1b,
	0xc863,	0x2e,
	0xc864,	0x1d,
	0xc865,	0x1b,
	0xc873,	0x0c,
	0xc874,	0x0c,
	0xc875,	0x0c,
	0xc898,	0x1b,
	0xc899,	0x1b,
	0xc89a,	0x00,
	0xc89b,	0x00,
	0xc89c,	0x00,
	0xc89d,	0xff,
	0xc8a5,	0x10,
	0xc8a6,	0x0b,
	0xc8a7,	0x07,
	0xc8a8,	0x06,
	0xc8aa,	0x05,
	0xc8b1,	0x0a,
	0xc8b2,	0x10,
	0xc8b3,	0x28,
	0xc8b4,	0x4a,
	0xc8b5,	0x4a,
	0xc8b6,	0x4a,
	0xc8b7,	0x0c,
	0xc8b8,	0x0c,
	0xc8b9,	0x18,
	0xc8ba,	0x2a,
	0xc8bb,	0x28,
	0xc8bc,	0x24,
	0xc8bd,	0x02,
	0xc8be,	0x02,
	0xc8bf,	0x04,
	0xc8c3,	0x0a,
	0xc8c4,	0x0a,
	0xc8c5,	0x0a,
	0xc8ca,	0x01,
	0xc8cb,	0x01,
	0xc8cc,	0x07,
	0xc8cd,	0x05,
	0xc8ce,	0x05,
	0xc8cf,	0x04,
	0xc8d0,	0x04,
	0xc8d1,	0x04,
	0xc8d2,	0x04,
	0xc8d3,	0x05,
	0xc8d4,	0x05,
	0xc8d5,	0x08,
	0xc8d6,	0x08,
	0xc8d7,	0x89,
	0xc8d8,	0x89,
	0xc8d9,	0x89,
	0xc8da,	0x3a,
	0xc8db,	0x87,
	0xc8dc,	0x87,
	0xc8dd,	0x87,
	0xc8de,	0x87,
	0xc8df,	0x87,
	0xc8e0,	0x87,
	0xc8e1,	0x87,
	0xc8e2,	0x87,
	0xc8e3,	0x87,
	0xc8e4,	0x87,
	0xc8e5,	0x0f,
	0xc8e6,	0x0f,
	0xc8e7,	0x0f,
	0xc8e9,	0x0f,
	0xc8ea,	0x0f,
	0xc8eb,	0x0f,
	0xc8ec,	0x0f,
	0xc8ed,	0x0f,
	0xc8ee,	0x0f,
	0xc8f3,	0x1e,
	0xc8f4,	0x10,
	0xc8f5,	0x0a,
	0xc8f6,	0x01,
	0xc8f7,	0x0f,
	0xc8f8,	0x08,
	0xc8f9,	0x08,
	0xc8fa,	0x08,
	0xc8fb,	0x08,
	0xc8fc,	0x08,
	0xc8fd,	0x12,
	0xc8fe,	0x12,
	0xc8ff,	0x10,
	0xc900,	0x10,
	0xc903,	0x09,
	0xc904,	0x10,
	0xc906,	0x17,
	0xc907,	0x17,
	0xc908,	0x17,
	0xc924,	0x03,
	0xc925,	0x03,
	0xc930,	0x07,
	0xc931,	0x12,
	0xc933,	0x1c,
	0xc95c,	0x23,
	0xc95d,	0x33,
	0xc95e,	0x1b,
	0xc95f,	0x1a,
	0xc960,	0x33,
	0xc961,	0x1b,
	0xc962,	0x0f,
	0xc963,	0x39,
	0xc964,	0x1b,
	0xc965,	0x0e,
	0xc966,	0x09,
	0xc967,	0x1b,
	0xc975,	0x0c,
	0xc976,	0x0c,
	0xc977,	0x0c,
	0xc999,	0x3f,
	0xc99a,	0x2c,
	0xc99c,	0x00,
	0xc99d,	0x00,
	0xc99f,	0xff,
	0xc9a7,	0x3f,
	0xc9a8,	0x25,
	0xc9a9,	0x3f,
	0xc9aa,	0x13,
	0xc9b3,	0x08,
	0xc9b4,	0x08,
	0xc9b5,	0x0c,
	0xc9b9,	0x0c,
	0xc9ba,	0x0c,
	0xc9bb,	0x0c,
	0xc9bf,	0x02,
	0xc9c0,	0x06,
	0xc9c1,	0x0a,
	0xc9c2,	0x24,
	0xc9c5,	0x0a,
	0xc9c7,	0x1a,
	0xc9c8,	0x32,
	0xc9cc,	0x02,
	0xc9cd,	0x00,
	0xc9ce,	0x04,
	0xc9cf,	0x00,
	0xc9d0,	0x00,
	0xc9d1,	0x00,
	0xc9d2,	0x00,
	0xc9d3,	0x00,
	0xc9d4,	0x00,
	0xc9d9,	0x89,
	0xc9da,	0x88,
	0xc9db,	0x88,
	0xc9dc,	0x39,
	0xc9dd,	0x85,
	0xc9de,	0x85,
	0xc9df,	0x85,
	0xc9e0,	0x85,
	0xc9e1,	0x85,
	0xc9e2,	0x85,
	0xc9e3,	0x89,
	0xc9e4,	0x89,
	0xc9e5,	0x89,
	0xc9e6,	0x89,
	0xc9ea,	0x0f,
	0xc9eb,	0x0f,
	0xc9ec,	0x0f,
	0xc9f5,	0x1a,
	0xc9f6,	0x1a,
	0xc9f7,	0x10,
	0xc9f8,	0x10,
	0xc9f9,	0x10,
	0xc9fa,	0x10,
	0xc9fb,	0x10,
	0xc9fc,	0x10,
	0xc9fd,	0x10,
	0xc9fe,	0x08,
	0xca0b,	0x09,
	0xca0c,	0x10,
	0xca0e,	0x17,
	0xca0f,	0x17,
	0xca10,	0x17,
	0xca17,	0x81,
	0xca1b,	0x3e,
	0xd013,	0x37,
	0xd023,	0x37,
	0xd027,	0x36,
	0xd02b,	0x96,
	0xd02f,	0xd6,
	0xd034,	0x00,
	0xd03b,	0xd6,
	0xd083,	0x00,
	0xd087,	0x5e,
	0xd08f,	0x00,
	0xd093,	0x5e,
	0xd0a7,	0x02,
	0xd0ab,	0x0a,
	0xd0af,	0x00,
	0xd0b3,	0x04,
	0xd0bb,	0x08,
	0xd0c3,	0x10,
	0xd0ce,	0x41,
	0xd0cf,	0x00,
	0xd143,	0x50,
	0xd1f9,	0xb5,
	0xd1fb,	0xc1,
	0xd211,	0xb5,
	0xd213,	0xc1,
	0xd241,	0xb5,
	0xd243,	0xc1,
	0xd261,	0xb5,
	0xd263,	0xc1,
	0xd2a1,	0xb5,
	0xd2a3,	0xc1,
	0xd2c1,	0xb5,
	0xd2c3,	0xc1,
	0xd309,	0xc3,
	0xd30a,	0x00,
	0xd30b,	0xef,
	0xd30d,	0xff,
	0xd30e,	0x01,
	0xd30f,	0x73,
	0xd514,	0x00,
	0xd515,	0xc9,
	0xdbfd,	0xc3,
	0xdbff,	0xef,
	0xdc01,	0xff,
	0xddf7,	0x41,
	0xde7b,	0x41,
	0xdeef,	0x41,
	0xdf37,	0x41,
	0xe30c,	0x00,
	0xe30d,	0xd1,
	0xe30e,	0x00,
	0xe30f,	0xe7,
	0xe310,	0x01,
	0xe311,	0x0d,
	0xe312,	0x01,
	0xe313,	0x69,
	0xe4d7,	0xb5,
	0xe4ed,	0xc1,
	0xe507,	0xb5,
	0xe51d,	0xc1,
	0xe5f9,	0xbf,
	0xe5fa,	0x00,
	0xe5fb,	0xc4,
	0xe611,	0xbf,
	0xe612,	0x00,
	0xe613,	0xc4,
	0xe629,	0xbf,
	0xe62a,	0x00,
	0xe62b,	0xc4,
	0xe649,	0xbf,
	0xe64a,	0x00,
	0xe64b,	0xc4,
	0xe665,	0xbf,
	0xe666,	0x00,
	0xe667,	0xc4,
	0xe685,	0xbf,
	0xe686,	0x00,
	0xe687,	0xc4,
	0xe6a7,	0xb5,
	0xe6bf,	0xb5,
	0xe6d5,	0xc1,
	0xe6ed,	0xc1,
	0xe708,	0x00,
	0xe709,	0xef,
	0xe70b,	0xc3,
	0xe70c,	0x01,
	0xe70d,	0x73,
	0xe70f,	0xff,
	0xe720,	0x00,
	0xe721,	0xef,
	0xe723,	0xc3,
	0xe724,	0x01,
	0xe725,	0x73,
	0xe727,	0xff,
	0xe738,	0x00,
	0xe739,	0xef,
	0xe73b,	0xc3,
	0xe73c,	0x01,
	0xe73d,	0x73,
	0xe73f,	0xff,
	0xe750,	0x00,
	0xe751,	0xef,
	0xe753,	0xc3,
	0xe754,	0x01,
	0xe755,	0x73,
	0xe757,	0xff,


	0x3014, 0xf0,
	0x301b, 0xf0,
	0x3017, 0xf0,
	0x3016, 0xf0,
	0x301f, 0x98,
	0x3046, 0x01,
	0x3208, 0x17, //group7 record end


	0x3208, 0x08, //group8 mode 40
	0x3014, 0xf3,
	0x3016, 0xf7,
	0x3017, 0xf2,
	0x301b, 0xf6,
	0x301f, 0x99,

	0x0345,	0x45,
	0x0360,	0x01,
	0x100f,	0x62,
	0x101f,	0x62,
	0x1023,	0x37,
	0x1027,	0x4b,
	0x102b,	0xa2,
	0x102f,	0xd0,
	0x1034,	0x00,
	0x103b,	0xd0,
	0x1040,	0x00,
	0x1047,	0xb4,
	0x107a,	0x88,
	0x107b,	0x08,
	0x107e,	0x8b,
	0x107f,	0x03,
	0x1083,	0x0a,
	0x1087,	0x33,
	0x1093,	0x58,
	0x10a7,	0x02,
	0x10ab,	0x00,
	0x10ae,	0x8d,
	0x10af,	0x02,
	0x10b2,	0x8f,
	0x10b6,	0x92,
	0x10b7,	0x03,
	0x10ba,	0x95,
	0x10bb,	0x04,
	0x10be,	0x97,
	0x10c2,	0x9b,
	0x10c3,	0x10,
	0x10c6,	0x00,
	0x10c7,	0x00,
	0x1141,	0x00,
	0x1143,	0x00,
	0x11f9,	0xb5,
	0x11fb,	0xc1,
	0x1211,	0xb5,
	0x1213,	0xc1,
	0x1241,	0xb5,
	0x1243,	0xc1,
	0x1261,	0xb5,
	0x1263,	0xc1,
	0x12a1,	0xb5,
	0x12a3,	0xc1,
	0x12c1,	0xb5,
	0x12c3,	0xc1,
	0x130d,	0xc3,
	0x130e,	0x00,
	0x130f,	0xef,
	0x1310,	0x00,
	0x1311,	0xff,
	0x1313,	0x2b,
	0x1314,	0x01,
	0x1315,	0x43,
	0x1316,	0x01,
	0x1317,	0x69,
	0x1514,	0x00,
	0x1515,	0xc9,
	0x1bd1,	0x85,
	0x1c01,	0xc3,
	0x1c02,	0x00,
	0x1c03,	0xef,
	0x1c04,	0x00,
	0x1c05,	0xff,
	0x1c06,	0x01,
	0x1c07,	0x2b,
	0x1c08,	0x01,
	0x1c09,	0x3b,
	0x24ef,	0x6b,
	0x2507,	0xb5,
	0x251d,	0xc1,
	0x25f9,	0xbf,
	0x25fa,	0x00,
	0x25fb,	0xc4,
	0x2611,	0xbf,
	0x2612,	0x00,
	0x2613,	0xc4,
	0x2629,	0xbf,
	0x262a,	0x00,
	0x262b,	0xc4,
	0x2649,	0xbf,
	0x264a,	0x00,
	0x264b,	0xc4,
	0x2665,	0xbf,
	0x2666,	0x00,
	0x2667,	0xc4,
	0x2685,	0xbf,
	0x2686,	0x00,
	0x2687,	0xc4,
	0x26a7,	0xb5,
	0x26d5,	0xc1,
	0x26ef,	0x6b,
	0x2705,	0xb3,
	0x2708,	0x00,
	0x2709,	0xef,
	0x270b,	0xc3,
	0x270d,	0x2b,
	0x270e,	0x00,
	0x270f,	0xff,
	0x2710,	0x01,
	0x2711,	0x69,
	0x2712,	0x01,
	0x2713,	0x3b,
	0x271d,	0xb3,
	0x2720,	0x00,
	0x2721,	0xef,
	0x2723,	0xc3,
	0x2725,	0x2b,
	0x2726,	0x00,
	0x2727,	0xff,
	0x2728,	0x01,
	0x2729,	0x69,
	0x272a,	0x01,
	0x272b,	0x3b,
	0x2735,	0xb3,
	0x2738,	0x00,
	0x2739,	0xef,
	0x273b,	0xc3,
	0x273d,	0x2b,
	0x273e,	0x00,
	0x273f,	0xff,
	0x2740,	0x01,
	0x2741,	0x69,
	0x2742,	0x01,
	0x2743,	0x3b,
	0x274d,	0xb3,
	0x2750,	0x00,
	0x2751,	0xef,
	0x2753,	0xc3,
	0x2755,	0x2b,
	0x2756,	0x00,
	0x2757,	0xff,
	0x2758,	0x01,
	0x2759,	0x69,
	0x275a,	0x01,
	0x275b,	0x3b,
	0x3010,	0x01,
	0x3402,	0xaf,
	0x3403,	0x19,
	0x3404,	0x19,
	0x3405,	0x0f,
	0x3406,	0x08,
	0x3408,	0x0f,
	0x3409,	0x08,
	0x340a,	0x03,
	0x341b,	0x30,
	0x344d,	0x02,
	0x344e,	0x02,
	0x3506,	0xf8,
	0x350d,	0x00,
	0x350e,	0xb1,
	0x3546,	0xf8,
	0x354d,	0x00,
	0x354e,	0xb1,
	0x3586,	0xf8,
	0x3608,	0x00,
	0x3622,	0xa8,
	0x3623,	0x04,
	0x3691,	0x00,
	0x3692,	0x00,
	0x3696,	0x00,
	0x369a,	0x10,
	0x369b,	0x00,
	0x36a5,	0x22,
	0x36a6,	0x80,
	0x36a7,	0x00,
	0x36b0,	0x84,
	0x36b1,	0x00,
	0x36c8,	0x00,
	0x3714,	0x68,
	0x37bc,	0x38,
	0x37c9,	0x00,
	0x3800,	0x08,
	0x3801,	0x00,
	0x3802,	0x07,
	0x3803,	0x80,
	0x3804,	0x18,
	0x3805,	0x1f,
	0x3806,	0x10,
	0x3807,	0xbf,
	0x3808,	0x10,
	0x3809,	0x00,
	0x380a,	0x09,
	0x380b,	0x00,
	0x380c,	0x04,
	0x380d,	0xb0,
	0x3811,	0x10,
	0x3813,	0x21,
	0x3814,	0x11,
	0x3815,	0x11,
	0x3820,	0x44,
	0x3821,	0x00,
	0x3823,	0x04,
	0x3828,	0x08,
	0x3830,	0x08,
	0x3831,	0x10,
	0x3837,	0x10,
	0x383f,	0x00,
	0x384c,	0x04,
	0x384d,	0xb0,
	0x386d,	0x7c,
	0x3889,	0x10,
	0x388b,	0x20,
	0x388c,	0x10,
	0x388d,	0x00,
	0x388e,	0x09,
	0x388f,	0x00,
	0x3894,	0x10,
	0x3896,	0x00,
	0x38a1,	0x1d,
	0x38a2,	0x98,
	0x38a4,	0x1d,
	0x38a5,	0x98,
	0x38a6,	0x20,
	0x38a9,	0x3b,
	0x38aa,	0x30,
	0x38ab,	0x00,
	0x38ad,	0x1d,
	0x38ae,	0x98,
	0x38b0,	0x01,
	0x38db,	0xe1,
	0x3f00,	0x06,
	0x3f30,	0x00,
	0x3f70,	0x02,
	0x3f72,	0x0a,
	0x3f74,	0x0a,
	0x3f76,	0x16,
	0x3f78,	0x16,
	0x3f7a,	0x16,
	0x3f7c,	0x0e,
	0x3f7e,	0x0e,
	0x3f80,	0x0e,
	0x3f8e,	0x02,
	0x3f90,	0x0a,
	0x3f92,	0x0a,
	0x400e,	0x14,
	0x400f,	0x30,
	0x4010,	0xf4,
	0x4012,	0x50,
	0x4016,	0x3d,
	0x4018,	0x1f,
	0x4506,	0x01,
	0x4509,	0x07,
	0x450c,	0x00,
	0x450d,	0x30,
	0x4546,	0x09,
	0x4547,	0x60,
	0x4549,	0x00,
	0x4580,	0x05,
	0x45c0,	0x05,
	0x45cb,	0xff,
	0x45cc,	0x02,
	0x45cd,	0x00,
	0x45ce,	0x00,
	0x4602,	0x00,
	0x4603,	0x15,
	0x460b,	0x07,
	0x4640,	0x00,
	0x4641,	0x80,
	0x4643,	0x08,
	0x4680,	0x19,
	0x468e,	0x30,
	0x4690,	0x12,
	0x4692,	0x56,
	0x4693,	0x00,
	0x4695,	0x11,
	0x4697,	0x11,
	0x46c0,	0x01,
	0x46c2,	0x04,
	0x46cb,	0xff,
	0x4701,	0x40,
	0x4703,	0x08,
	0x47c0,	0x05,
	0x47c2,	0x02,
	0x47c4,	0x05,
	0x47c6,	0x01,
	0x47c8,	0x05,
	0x47ca,	0x02,
	0x47cc,	0x05,
	0x47ce,	0x01,
	0x4808,	0x54,
	0x4813,	0x10,
	0x4836,	0x32,
	0x490e,	0x00,
	0x490f,	0x30,
	0x4910,	0x00,
	0x4912,	0x00,
	0x4a0e,	0x00,
	0x4a0f,	0x30,
	0x4a10,	0x00,
	0x4a12,	0x00,
	0x4b00,	0x00,
	0x4b10,	0x02,
	0x4b11,	0x06,
	0x4b12,	0x02,
	0x4b13,	0x06,
	0x4b14,	0x02,
	0x4b15,	0x06,
	0x4b16,	0x0a,
	0x4b17,	0x0e,
	0x4b20,	0x02,
	0x4b21,	0x06,
	0x4b22,	0x02,
	0x4b23,	0x06,
	0x4b24,	0x02,
	0x4b25,	0x06,
	0x4b26,	0x0a,
	0x4b27,	0x0e,
	0x4b30,	0x02,
	0x4b31,	0x06,
	0x4b32,	0x02,
	0x4b33,	0x06,
	0x4b34,	0x02,
	0x4b35,	0x06,
	0x4b36,	0x0a,
	0x4b37,	0x0e,
	0x4b3d,	0x00,
	0x4b3f,	0x00,
	0x4b41,	0x08,
	0x4b42,	0x00,
	0x4b43,	0x08,
	0x4b45,	0x08,
	0x4b46,	0x00,
	0x4b47,	0x08,
	0x4b48,	0x02,
	0x4b49,	0x00,
	0x4b4a,	0x01,
	0x4b4b,	0x00,
	0x4b51,	0x06,
	0x4b52,	0x02,
	0x4b53,	0x06,
	0x4b54,	0x02,
	0x4b55,	0x06,
	0x4b56,	0x0a,
	0x4b57,	0x0e,
	0x4b5a,	0x08,
	0x4b61,	0x06,
	0x4b62,	0x02,
	0x4b63,	0x06,
	0x4b64,	0x02,
	0x4b65,	0x06,
	0x4b66,	0x0a,
	0x4b67,	0x0e,
	0x4b6a,	0x08,
	0x4b71,	0x06,
	0x4b72,	0x02,
	0x4b73,	0x06,
	0x4b74,	0x02,
	0x4b75,	0x06,
	0x4b76,	0x0a,
	0x4b77,	0x0e,
	0x4b7a,	0x08,
	0x4b7d,	0x00,
	0x4b7f,	0x00,
	0x4b82,	0x00,
	0x4b83,	0x08,
	0x4b85,	0x08,
	0x4b86,	0x00,
	0x4b87,	0x08,
	0x4b88,	0x02,
	0x4b89,	0x00,
	0x4b8a,	0x01,
	0x4b8b,	0x00,
	0x4b91,	0x06,
	0x4b92,	0x02,
	0x4b93,	0x06,
	0x4b94,	0x02,
	0x4b95,	0x06,
	0x4b96,	0x0a,
	0x4b97,	0x0e,
	0x4b9a,	0x08,
	0x4ba1,	0x06,
	0x4ba2,	0x02,
	0x4ba3,	0x06,
	0x4ba4,	0x02,
	0x4ba5,	0x06,
	0x4ba6,	0x0a,
	0x4ba7,	0x0e,
	0x4baa,	0x08,
	0x4bb1,	0x06,
	0x4bb2,	0x02,
	0x4bb3,	0x06,
	0x4bb4,	0x02,
	0x4bb5,	0x06,
	0x4bb6,	0x0a,
	0x4bb7,	0x0e,
	0x4bba,	0x08,
	0x4bbd,	0x00,
	0x4bbf,	0x00,
	0x4bc2,	0x00,
	0x4bc3,	0x08,
	0x4bc5,	0x08,
	0x4bc6,	0x00,
	0x4bc7,	0x08,
	0x4bc8,	0x02,
	0x4bc9,	0x00,
	0x4bca,	0x01,
	0x4bcb,	0x00,
	0x5000,	0xdf,
	0x5001,	0x00,
	0x5002,	0x40,
	0x5003,	0xc0,
	0x5016,	0x11,
	0x5017,	0x00,
	0x50b3,	0x00,
	0x51a7,	0xc0,
	0x54a7,	0xc0,
	0x57a7,	0xc0,
	0x5a60,	0x7a,
	0x5b95,	0x5c,
	0x5b97,	0x04,
	0x5b98,	0x04,
	0x5b99,	0x04,
	0x5bc0,	0x10,
	0x5e00,	0x7a,
	0x5f35,	0x5c,
	0x5f37,	0x04,
	0x5f38,	0x04,
	0x5f39,	0x04,
	0x5f60,	0x10,
	0x6200,	0x21,
	0x6201,	0x20,
	0x6365,	0x00,
	0x6382,	0x04,
	0x6392,	0x04,
	0x64a0,	0x01,
	0x64a1,	0x00,
	0x64a2,	0x40,
	0xc400,	0x10,
	0xc405,	0x0a,
	0xc406,	0x0a,
	0xc407,	0x0a,
	0xc408,	0x0a,
	0xc409,	0x0a,
	0xc40a,	0x0a,
	0xc40b,	0x0a,
	0xc40c,	0x0a,
	0xc40d,	0x0a,
	0xc40e,	0x0a,
	0xc40f,	0x0a,
	0xc410,	0x0a,
	0xc411,	0x0a,
	0xc412,	0x0a,
	0xc413,	0x0a,
	0xc414,	0x0a,
	0xc41c,	0xc8,
	0xc41e,	0xc8,
	0xc420,	0xc8,
	0xc422,	0xc8,
	0xc424,	0xc8,
	0xc426,	0xc8,
	0xc428,	0xc8,
	0xc42a,	0xc8,
	0xc42c,	0xc8,
	0xc42e,	0xc8,
	0xc430,	0xc8,
	0xc432,	0xc8,
	0xc434,	0xc8,
	0xc435,	0x0a,
	0xc436,	0x0a,
	0xc437,	0x0a,
	0xc438,	0x0a,
	0xc439,	0x0a,
	0xc43a,	0x0a,
	0xc43b,	0x0a,
	0xc43c,	0x0a,
	0xc43d,	0x0a,
	0xc43e,	0x0a,
	0xc43f,	0x0a,
	0xc440,	0x0a,
	0xc441,	0x0a,
	0xc442,	0x0a,
	0xc443,	0x0a,
	0xc444,	0x0a,
	0xc464,	0x30,
	0xc465,	0x30,
	0xc466,	0x30,
	0xc804,	0x1e,
	0xc805,	0x1e,
	0xc806,	0x1d,
	0xc807,	0x1d,
	0xc808,	0x16,
	0xc809,	0x10,
	0xc80c,	0x3f,
	0xc81d,	0x03,
	0xc81e,	0x03,
	0xc820,	0x03,
	0xc829,	0x01,
	0xc82a,	0x10,
	0xc82b,	0x15,
	0xc82c,	0x1b,
	0xc82d,	0x1c,
	0xc85a,	0x2d,
	0xc85b,	0x2d,
	0xc85c,	0x1d,
	0xc85d,	0x2d,
	0xc85e,	0x2d,
	0xc85f,	0x1d,
	0xc860,	0x24,
	0xc861,	0x25,
	0xc862,	0x1d,
	0xc863,	0x24,
	0xc864,	0x25,
	0xc865,	0x1d,
	0xc873,	0x10,
	0xc874,	0x10,
	0xc875,	0x10,
	0xc898,	0x1b,
	0xc899,	0x1b,
	0xc89a,	0x2b,
	0xc89b,	0x1a,
	0xc89c,	0x1b,
	0xc89d,	0xfe,
	0xc8a5,	0x15,
	0xc8a6,	0x0f,
	0xc8a7,	0x09,
	0xc8a8,	0x08,
	0xc8aa,	0x07,
	0xc8b1,	0x06,
	0xc8b2,	0x10,
	0xc8b3,	0x24,
	0xc8b4,	0x40,
	0xc8b5,	0x3e,
	0xc8b6,	0x40,
	0xc8b7,	0x0c,
	0xc8b8,	0x0c,
	0xc8b9,	0x16,
	0xc8ba,	0x2a,
	0xc8bb,	0x28,
	0xc8bc,	0x24,
	0xc8bd,	0x00,
	0xc8be,	0x00,
	0xc8bf,	0x00,
	0xc8c3,	0x00,
	0xc8c4,	0x00,
	0xc8c5,	0x00,
	0xc8ca,	0x02,
	0xc8cb,	0x01,
	0xc8cc,	0x0d,
	0xc8cd,	0x02,
	0xc8ce,	0x03,
	0xc8cf,	0x02,
	0xc8d0,	0x03,
	0xc8d1,	0x00,
	0xc8d2,	0x02,
	0xc8d3,	0x00,
	0xc8d4,	0x00,
	0xc8d5,	0x00,
	0xc8d6,	0x00,
	0xc8d7,	0x68,
	0xc8d8,	0x68,
	0xc8d9,	0x68,
	0xc8da,	0x03,
	0xc8db,	0x66,
	0xc8dc,	0x66,
	0xc8dd,	0x66,
	0xc8de,	0x66,
	0xc8df,	0x66,
	0xc8e0,	0x66,
	0xc8e1,	0x67,
	0xc8e2,	0x67,
	0xc8e3,	0x67,
	0xc8e4,	0x67,
	0xc8e5,	0x0f,
	0xc8e6,	0x0f,
	0xc8e7,	0x0f,
	0xc8e9,	0x0f,
	0xc8ea,	0x0f,
	0xc8eb,	0x0f,
	0xc8ec,	0x0f,
	0xc8ed,	0x0f,
	0xc8ee,	0x0f,
	0xc8f3,	0x13,
	0xc8f4,	0x16,
	0xc8f5,	0x16,
	0xc8f6,	0x10,
	0xc8f7,	0x1a,
	0xc8f8,	0x15,
	0xc8f9,	0x10,
	0xc8fa,	0x10,
	0xc8fb,	0x10,
	0xc8fc,	0x14,
	0xc8fd,	0x14,
	0xc8fe,	0x1e,
	0xc8ff,	0x1e,
	0xc900,	0x16,
	0xc903,	0x0b,
	0xc904,	0x11,
	0xc906,	0x1a,
	0xc907,	0x1a,
	0xc908,	0x1a,
	0xc924,	0x03,
	0xc925,	0x03,
	0xc930,	0x05,
	0xc931,	0x13,
	0xc933,	0x1d,
	0xc95c,	0x2d,
	0xc95d,	0x25,
	0xc95e,	0x1b,
	0xc95f,	0x2d,
	0xc960,	0x25,
	0xc961,	0x1b,
	0xc962,	0x2d,
	0xc963,	0x1b,
	0xc964,	0x1b,
	0xc965,	0x2d,
	0xc966,	0x1b,
	0xc967,	0x1b,
	0xc975,	0x10,
	0xc976,	0x10,
	0xc977,	0x10,
	0xc999,	0x38,
	0xc99a,	0x00,
	0xc99c,	0x13,
	0xc99d,	0x21,
	0xc99f,	0xaa,
	0xc9a7,	0x00,
	0xc9a8,	0x20,
	0xc9a9,	0x00,
	0xc9aa,	0x00,
	0xc9b3,	0x06,
	0xc9b4,	0x06,
	0xc9b5,	0x0a,
	0xc9b9,	0x0a,
	0xc9ba,	0x0a,
	0xc9bb,	0x0a,
	0xc9bf,	0x00,
	0xc9c0,	0x04,
	0xc9c1,	0x07,
	0xc9c2,	0x07,
	0xc9c5,	0x00,
	0xc9c7,	0x14,
	0xc9c8,	0x26,
	0xc9cc,	0x00,
	0xc9cd,	0x00,
	0xc9ce,	0x08,
	0xc9cf,	0x01,
	0xc9d0,	0x02,
	0xc9d1,	0x01,
	0xc9d2,	0x02,
	0xc9d3,	0x01,
	0xc9d4,	0x02,
	0xc9d9,	0x9c,
	0xc9da,	0x9c,
	0xc9db,	0x9c,
	0xc9dc,	0x59,
	0xc9dd,	0x9c,
	0xc9de,	0x9c,
	0xc9df,	0x9c,
	0xc9e0,	0x9c,
	0xc9e1,	0x9c,
	0xc9e2,	0x9c,
	0xc9e3,	0x9c,
	0xc9e4,	0x9c,
	0xc9e5,	0x9c,
	0xc9e6,	0x9c,
	0xc9ea,	0x0f,
	0xc9eb,	0x0f,
	0xc9ec,	0x0f,
	0xc9f5,	0x12,
	0xc9f6,	0x12,
	0xc9f7,	0x08,
	0xc9f8,	0x12,
	0xc9f9,	0x0a,
	0xc9fa,	0x08,
	0xc9fb,	0x08,
	0xc9fc,	0x10,
	0xc9fd,	0x16,
	0xc9fe,	0x1f,
	0xca0b,	0x0b,
	0xca0c,	0x11,
	0xca0e,	0x1a,
	0xca0f,	0x1a,
	0xca10,	0x1a,
	0xca17,	0x21,
	0xca1b,	0x3f,
	0xd013,	0x36,
	0xd023,	0x36,
	0xd027,	0x64,
	0xd02b,	0xf0,
	0xd02f,	0x73,
	0xd034,	0x01,
	0xd03b,	0xd3,
	0xd083,	0x08,
	0xd087,	0x53,
	0xd08f,	0x08,
	0xd093,	0x53,
	0xd0a7,	0x04,
	0xd0ab,	0x08,
	0xd0af,	0x03,
	0xd0b3,	0x08,
	0xd0bb,	0x0d,
	0xd0c3,	0x08,
	0xd0ce,	0x00,
	0xd0cf,	0x00,
	0xd143,	0x8c,
	0xd1f9,	0xf1,
	0xd1fb,	0xfd,
	0xd211,	0xf1,
	0xd213,	0xfd,
	0xd241,	0xf1,
	0xd243,	0xfd,
	0xd261,	0xf1,
	0xd263,	0xfd,
	0xd2a1,	0xf1,
	0xd2a3,	0xfd,
	0xd2c1,	0xf1,
	0xd2c3,	0xfd,
	0xd309,	0xff,
	0xd30a,	0x01,
	0xd30b,	0x73,
	0xd30d,	0x00,
	0xd30e,	0x00,
	0xd30f,	0x00,
	0xd514,	0x01,
	0xd515,	0x05,
	0xdbfd,	0xff,
	0xdbff,	0x00,
	0xdc01,	0x00,
	0xddf7,	0x41,
	0xde7b,	0x41,
	0xdeef,	0x41,
	0xdf37,	0x41,
	0xe30c,	0x01,
	0xe30d,	0x0d,
	0xe30e,	0x01,
	0xe30f,	0x69,
	0xe310,	0x00,
	0xe311,	0x00,
	0xe312,	0x00,
	0xe313,	0x00,
	0xe4d7,	0xf1,
	0xe4ed,	0xfd,
	0xe507,	0xf1,
	0xe51d,	0xfd,
	0xe5f9,	0xfb,
	0xe5fa,	0x01,
	0xe5fb,	0x00,
	0xe611,	0xfb,
	0xe612,	0x01,
	0xe613,	0x00,
	0xe629,	0xfb,
	0xe62a,	0x01,
	0xe62b,	0x00,
	0xe649,	0xfb,
	0xe64a,	0x01,
	0xe64b,	0x00,
	0xe665,	0xfb,
	0xe666,	0x01,
	0xe667,	0x00,
	0xe685,	0xfb,
	0xe686,	0x01,
	0xe687,	0x00,
	0xe6a7,	0xf1,
	0xe6bf,	0xf1,
	0xe6d5,	0xfd,
	0xe6ed,	0xfd,
	0xe708,	0x01,
	0xe709,	0x73,
	0xe70b,	0xff,
	0xe70c,	0x00,
	0xe70d,	0x00,
	0xe70f,	0x00,
	0xe720,	0x01,
	0xe721,	0x73,
	0xe723,	0xff,
	0xe724,	0x00,
	0xe725,	0x00,
	0xe727,	0x00,
	0xe738,	0x01,
	0xe739,	0x73,
	0xe73b,	0xff,
	0xe73c,	0x00,
	0xe73d,	0x00,
	0xe73f,	0x00,
	0xe750,	0x01,
	0xe751,	0x73,
	0xe753,	0xff,
	0xe754,	0x00,
	0xe755,	0x00,
	0xe757,	0x00,

	0x3014, 0xf0,
	0x301b, 0xf0,
	0x3017, 0xf0,
	0x3016, 0xf0,
	0x301f, 0x98,
	0x3046, 0x01,
	0x3208, 0x18, //group8 record end
	0x3208, 0xa6,
};


// custom1 mode 5 : 60.56fps video
// Mode_14
static u16 warholovx9500wide_custom1_setting_seamless[] = { 
	0x3208, 0xa6,
};

// custom2 mode 6 : smvr 120fps
// mode_18
static u16 warholovx9500wide_custom2_setting[] = {
	0x0345,	0x40,
	0x0360,	0x01,
	0x100f,	0x62,
	0x101f,	0x62,
	0x1023,	0x37,
	0x1027,	0x4b,
	0x102b,	0xa2,
	0x102f,	0xd0,
	0x1034,	0x00,
	0x103b,	0xd0,
	0x1040,	0x00,
	0x1047,	0xb4,
	0x107a,	0x88,
	0x107b,	0x08,
	0x107e,	0x8b,
	0x107f,	0x03,
	0x1083,	0x0a,
	0x1087,	0x33,
	0x1093,	0x58,
	0x10a7,	0x02,
	0x10ab,	0x00,
	0x10ae,	0x8d,
	0x10af,	0x02,
	0x10b2,	0x8f,
	0x10b6,	0x92,
	0x10b7,	0x03,
	0x10ba,	0x95,
	0x10bb,	0x04,
	0x10be,	0x97,
	0x10c2,	0x9b,
	0x10c3,	0x10,
	0x10c6,	0x00,
	0x10c7,	0x00,
	0x1141,	0x00,
	0x1143,	0x00,
	0x11f9,	0xb5,
	0x11fb,	0xc1,
	0x1211,	0xb5,
	0x1213,	0xc1,
	0x1241,	0xb5,
	0x1243,	0xc1,
	0x1261,	0xb5,
	0x1263,	0xc1,
	0x12a1,	0xb5,
	0x12a3,	0xc1,
	0x12c1,	0xb5,
	0x12c3,	0xc1,
	0x130d,	0xc3,
	0x130e,	0x00,
	0x130f,	0xef,
	0x1310,	0x00,
	0x1311,	0xff,
	0x1313,	0x2b,
	0x1314,	0x01,
	0x1315,	0x43,
	0x1316,	0x01,
	0x1317,	0x69,
	0x1514,	0x00,
	0x1515,	0xc9,
	0x1bd1,	0x85,
	0x1c01,	0xc3,
	0x1c02,	0x00,
	0x1c03,	0xef,
	0x1c04,	0x00,
	0x1c05,	0xff,
	0x1c06,	0x01,
	0x1c07,	0x2b,
	0x1c08,	0x01,
	0x1c09,	0x3b,
	0x24ef,	0x6b,
	0x2507,	0xb5,
	0x251d,	0xc1,
	0x25f9,	0xbf,
	0x25fa,	0x00,
	0x25fb,	0xc4,
	0x2611,	0xbf,
	0x2612,	0x00,
	0x2613,	0xc4,
	0x2629,	0xbf,
	0x262a,	0x00,
	0x262b,	0xc4,
	0x2649,	0xbf,
	0x264a,	0x00,
	0x264b,	0xc4,
	0x2665,	0xbf,
	0x2666,	0x00,
	0x2667,	0xc4,
	0x2685,	0xbf,
	0x2686,	0x00,
	0x2687,	0xc4,
	0x26a7,	0xb5,
	0x26d5,	0xc1,
	0x26ef,	0x6b,
	0x2705,	0xb3,
	0x2708,	0x00,
	0x2709,	0xef,
	0x270b,	0xc3,
	0x270d,	0x2b,
	0x270e,	0x00,
	0x270f,	0xff,
	0x2710,	0x01,
	0x2711,	0x69,
	0x2712,	0x01,
	0x2713,	0x3b,
	0x271d,	0xb3,
	0x2720,	0x00,
	0x2721,	0xef,
	0x2723,	0xc3,
	0x2725,	0x2b,
	0x2726,	0x00,
	0x2727,	0xff,
	0x2728,	0x01,
	0x2729,	0x69,
	0x272a,	0x01,
	0x272b,	0x3b,
	0x2735,	0xb3,
	0x2738,	0x00,
	0x2739,	0xef,
	0x273b,	0xc3,
	0x273d,	0x2b,
	0x273e,	0x00,
	0x273f,	0xff,
	0x2740,	0x01,
	0x2741,	0x69,
	0x2742,	0x01,
	0x2743,	0x3b,
	0x274d,	0xb3,
	0x2750,	0x00,
	0x2751,	0xef,
	0x2753,	0xc3,
	0x2755,	0x2b,
	0x2756,	0x00,
	0x2757,	0xff,
	0x2758,	0x01,
	0x2759,	0x69,
	0x275a,	0x01,
	0x275b,	0x3b,
	0x3010,	0x01,
	0x3402,	0xaf,
	0x3403,	0x19,
	0x3404,	0x19,
	0x3405,	0x0f,
	0x3406,	0x08,
	0x3408,	0x0f,
	0x3409,	0x08,
	0x340a,	0x03,
	0x341b,	0x30,
	0x344d,	0x01,
	0x344e,	0x01,
	0x3506,	0xf8,
	0x350d,	0x00,
	0x350e,	0xb1,
	0x3546,	0xf8,
	0x354d,	0x00,
	0x354e,	0xb1,
	0x3586,	0xf8,
	0x3608,	0x01,
	0x3622,	0x88,
	0x3623,	0x08,
	0x3691,	0x00,
	0x3692,	0x00,
	0x3696,	0x00,
	0x369a,	0x08,
	0x369b,	0x00,
	0x36a5,	0x02,
	0x36a6,	0x40,
	0x36a7,	0x00,
	0x36b0,	0x84,
	0x36b1,	0x00,
	0x36c8,	0x01,
	0x3714,	0x62,
	0x37bc,	0x00,
	0x37c9,	0x00,
	0x3800,	0x00,
	0x3801,	0x00,
	0x3802,	0x03,
	0x3803,	0x00,
	0x3804,	0x20,
	0x3805,	0x1f,
	0x3806,	0x15,
	0x3807,	0x3f,
	0x3808,	0x08,
	0x3809,	0x00,
	0x380a,	0x04,
	0x380b,	0x80,
	0x380c,	0x04,
	0x380d,	0xb0,
	0x380e,	0x03,
	0x380f,	0x41,
	0x3811,	0x04,
	0x3813,	0x09,
	0x3814,	0x31,
	0x3815,	0x31,
	0x3820,	0x47,
	0x3821,	0x50,
	0x3823,	0x04,
	0x3828,	0x02,
	0x3830,	0x02,
	0x3831,	0x12,
	0x3837,	0x04,
	0x383f,	0x00,
	0x384c,	0x04,
	0x384d,	0xb0,
	0x386d,	0x7c,
	0x3889,	0x04,
	0x388b,	0x08,
	0x388c,	0x08,
	0x388d,	0x00,
	0x388e,	0x04,
	0x388f,	0x80,
	0x3894,	0x10,
	0x3896,	0x00,
	0x38a1,	0x1d,
	0x38a2,	0x98,
	0x38a4,	0x1d,
	0x38a5,	0x98,
	0x38a6,	0x20,
	0x38a9,	0x3b,
	0x38aa,	0x30,
	0x38ab,	0x00,
	0x38ad,	0x1d,
	0x38ae,	0x98,
	0x38b0,	0x01,
	0x38db,	0xe1,
	0x3f00,	0x06,
	0x3f30,	0x04,
	0x3f70,	0x06,
	0x3f72,	0x14,
	0x3f74,	0x14,
	0x3f76,	0x08,
	0x3f78,	0x08,
	0x3f7a,	0x08,
	0x3f7c,	0x0e,
	0x3f7e,	0x0e,
	0x3f80,	0x0e,
	0x3f8e,	0x08,
	0x3f90,	0x08,
	0x3f92,	0x08,
	0x400e,	0x1c,
	0x400f,	0x60,
	0x4010,	0xf4,
	0x4012,	0x50,
	0x4016,	0x0f,
	0x4018,	0x07,
	0x4506,	0x01,
	0x4509,	0x07,
	0x450c,	0x00,
	0x450d,	0x60,
	0x4546,	0x04,
	0x4547,	0xb0,
	0x4549,	0x00,
	0x4580,	0x05,
	0x45c0,	0x45,
	0x45cb,	0xf0,
	0x45cc,	0x02,
	0x45cd,	0x00,
	0x45ce,	0x00,
	0x4602,	0x00,
	0x4603,	0x15,
	0x460b,	0x07,
	0x4640,	0x00,
	0x4641,	0x80,
	0x4643,	0x0c,
	0x4680,	0x09,
	0x468e,	0x30,
	0x4690,	0x11,
	0x4692,	0x56,
	0x4693,	0x00,
	0x4695,	0x11,
	0x4697,	0x11,
	0x46c0,	0x01,
	0x46c2,	0x04,
	0x46cb,	0xff,
	0x4701,	0x20,
	0x4703,	0x08,
	0x47c0,	0x05,
	0x47c2,	0x02,
	0x47c4,	0x05,
	0x47c6,	0x01,
	0x47c8,	0x05,
	0x47ca,	0x02,
	0x47cc,	0x05,
	0x47ce,	0x01,
	0x4808,	0x54,
	0x4813,	0x10,
	0x4836,	0x32,
	0x490e,	0x08,
	0x490f,	0x60,
	0x4910,	0x00,
	0x4912,	0x00,
	0x4a0e,	0x08,
	0x4a0f,	0x60,
	0x4a10,	0x00,
	0x4a12,	0x00,
	0x4b00,	0x00,
	0x4b10,	0x02,
	0x4b11,	0x06,
	0x4b12,	0x02,
	0x4b13,	0x06,
	0x4b14,	0x02,
	0x4b15,	0x06,
	0x4b16,	0x0a,
	0x4b17,	0x0e,
	0x4b20,	0x02,
	0x4b21,	0x06,
	0x4b22,	0x02,
	0x4b23,	0x06,
	0x4b24,	0x02,
	0x4b25,	0x06,
	0x4b26,	0x0a,
	0x4b27,	0x0e,
	0x4b30,	0x02,
	0x4b31,	0x06,
	0x4b32,	0x02,
	0x4b33,	0x06,
	0x4b34,	0x02,
	0x4b35,	0x06,
	0x4b36,	0x0a,
	0x4b37,	0x0e,
	0x4b3d,	0x00,
	0x4b3f,	0x00,
	0x4b41,	0x08,
	0x4b42,	0x00,
	0x4b43,	0x08,
	0x4b45,	0x08,
	0x4b46,	0x00,
	0x4b47,	0x08,
	0x4b48,	0x02,
	0x4b49,	0x00,
	0x4b4a,	0x01,
	0x4b4b,	0x00,
	0x4b51,	0x06,
	0x4b52,	0x02,
	0x4b53,	0x06,
	0x4b54,	0x02,
	0x4b55,	0x06,
	0x4b56,	0x0a,
	0x4b57,	0x0e,
	0x4b5a,	0x08,
	0x4b61,	0x06,
	0x4b62,	0x02,
	0x4b63,	0x06,
	0x4b64,	0x02,
	0x4b65,	0x06,
	0x4b66,	0x0a,
	0x4b67,	0x0e,
	0x4b6a,	0x08,
	0x4b71,	0x06,
	0x4b72,	0x02,
	0x4b73,	0x06,
	0x4b74,	0x02,
	0x4b75,	0x06,
	0x4b76,	0x0a,
	0x4b77,	0x0e,
	0x4b7a,	0x08,
	0x4b7d,	0x00,
	0x4b7f,	0x00,
	0x4b82,	0x00,
	0x4b83,	0x08,
	0x4b85,	0x08,
	0x4b86,	0x00,
	0x4b87,	0x08,
	0x4b88,	0x02,
	0x4b89,	0x00,
	0x4b8a,	0x01,
	0x4b8b,	0x00,
	0x4b91,	0x06,
	0x4b92,	0x02,
	0x4b93,	0x06,
	0x4b94,	0x02,
	0x4b95,	0x06,
	0x4b96,	0x0a,
	0x4b97,	0x0e,
	0x4b9a,	0x08,
	0x4ba1,	0x06,
	0x4ba2,	0x02,
	0x4ba3,	0x06,
	0x4ba4,	0x02,
	0x4ba5,	0x06,
	0x4ba6,	0x0a,
	0x4ba7,	0x0e,
	0x4baa,	0x08,
	0x4bb1,	0x06,
	0x4bb2,	0x02,
	0x4bb3,	0x06,
	0x4bb4,	0x02,
	0x4bb5,	0x06,
	0x4bb6,	0x0a,
	0x4bb7,	0x0e,
	0x4bba,	0x08,
	0x4bbd,	0x00,
	0x4bbf,	0x00,
	0x4bc2,	0x00,
	0x4bc3,	0x08,
	0x4bc5,	0x08,
	0x4bc6,	0x00,
	0x4bc7,	0x08,
	0x4bc8,	0x02,
	0x4bc9,	0x00,
	0x4bca,	0x01,
	0x4bcb,	0x00,
	0x5000,	0x0f,
	0x5001,	0x00,
	0x5002,	0x40,
	0x5003,	0xc0,
	0x5016,	0x11,
	0x5017,	0x00,
	0x50b3,	0x00,
	0x51a7,	0xc0,
	0x54a7,	0xc0,
	0x57a7,	0xc0,
	0x5a60,	0x7b,
	0x5b95,	0x45,
	0x5b97,	0x0c,
	0x5b98,	0x08,
	0x5b99,	0x00,
	0x5bc0,	0x1f,
	0x5e00,	0x7b,
	0x5f35,	0x45,
	0x5f37,	0x0c,
	0x5f38,	0x08,
	0x5f39,	0x00,
	0x5f60,	0x1f,
	0x6200,	0x20,
	0x6201,	0x00,
	0x6365,	0x00,
	0x6382,	0x03,
	0x6392,	0x03,
	0x64a0,	0x01,
	0x64a1,	0x00,
	0x64a2,	0x40,
	0xc400,	0x11,
	0xc405,	0x12,
	0xc406,	0x12,
	0xc407,	0x00,
	0xc408,	0x00,
	0xc409,	0x00,
	0xc40a,	0x00,
	0xc40b,	0x00,
	0xc40c,	0x00,
	0xc40d,	0x00,
	0xc40e,	0x00,
	0xc40f,	0x00,
	0xc410,	0x00,
	0xc411,	0x00,
	0xc412,	0x00,
	0xc413,	0x00,
	0xc414,	0x00,
	0xc41c,	0x00,
	0xc41e,	0x00,
	0xc420,	0x00,
	0xc422,	0x00,
	0xc424,	0x00,
	0xc426,	0x00,
	0xc428,	0x00,
	0xc42a,	0x00,
	0xc42c,	0x00,
	0xc42e,	0x00,
	0xc430,	0x00,
	0xc432,	0x00,
	0xc434,	0x00,
	0xc435,	0x12,
	0xc436,	0x12,
	0xc437,	0x00,
	0xc438,	0x00,
	0xc439,	0x00,
	0xc43a,	0x00,
	0xc43b,	0x00,
	0xc43c,	0x00,
	0xc43d,	0x00,
	0xc43e,	0x00,
	0xc43f,	0x00,
	0xc440,	0x00,
	0xc441,	0x00,
	0xc442,	0x00,
	0xc443,	0x00,
	0xc444,	0x00,
	0xc464,	0x60,
	0xc465,	0x60,
	0xc466,	0x60,
	0xc804,	0x1d,
	0xc805,	0x1d,
	0xc806,	0x1c,
	0xc807,	0x1c,
	0xc808,	0x16,
	0xc809,	0x10,
	0xc80c,	0x0f,
	0xc81d,	0x03,
	0xc81e,	0x03,
	0xc820,	0x03,
	0xc829,	0x01,
	0xc82a,	0x10,
	0xc82b,	0x15,
	0xc82c,	0x1b,
	0xc82d,	0x1c,
	0xc85a,	0x3f,
	0xc85b,	0x3f,
	0xc85c,	0x3f,
	0xc85d,	0x3f,
	0xc85e,	0x3f,
	0xc85f,	0x3f,
	0xc860,	0x2d,
	0xc861,	0x2d,
	0xc862,	0x3f,
	0xc863,	0x2d,
	0xc864,	0x2d,
	0xc865,	0x3f,
	0xc873,	0x10,
	0xc874,	0x10,
	0xc875,	0x10,
	0xc898,	0x0b,
	0xc899,	0x00,
	0xc89a,	0x00,
	0xc89b,	0x00,
	0xc89c,	0x00,
	0xc89d,	0xea,
	0xc8a5,	0x1f,
	0xc8a6,	0x12,
	0xc8a7,	0x0b,
	0xc8a8,	0x0f,
	0xc8aa,	0x00,
	0xc8b1,	0x06,
	0xc8b2,	0x0a,
	0xc8b3,	0x18,
	0xc8b4,	0x37,
	0xc8b5,	0x00,
	0xc8b6,	0x00,
	0xc8b7,	0x0b,
	0xc8b8,	0x0b,
	0xc8b9,	0x16,
	0xc8ba,	0x2c,
	0xc8bb,	0x00,
	0xc8bc,	0x00,
	0xc8bd,	0x02,
	0xc8be,	0x02,
	0xc8bf,	0x04,
	0xc8c3,	0x0a,
	0xc8c4,	0x0a,
	0xc8c5,	0x0a,
	0xc8ca,	0x00,
	0xc8cb,	0x03,
	0xc8cc,	0x12,
	0xc8cd,	0x04,
	0xc8ce,	0x03,
	0xc8cf,	0x03,
	0xc8d0,	0x03,
	0xc8d1,	0x01,
	0xc8d2,	0x02,
	0xc8d3,	0x01,
	0xc8d4,	0x01,
	0xc8d5,	0x02,
	0xc8d6,	0x02,
	0xc8d7,	0x68,
	0xc8d8,	0x67,
	0xc8d9,	0x67,
	0xc8da,	0x03,
	0xc8db,	0x66,
	0xc8dc,	0x66,
	0xc8dd,	0x66,
	0xc8de,	0x66,
	0xc8df,	0x66,
	0xc8e0,	0x66,
	0xc8e1,	0x66,
	0xc8e2,	0x66,
	0xc8e3,	0x66,
	0xc8e4,	0x66,
	0xc8e5,	0x0f,
	0xc8e6,	0x0f,
	0xc8e7,	0x0f,
	0xc8e9,	0x0f,
	0xc8ea,	0x0f,
	0xc8eb,	0x0f,
	0xc8ec,	0x0f,
	0xc8ed,	0x0f,
	0xc8ee,	0x0f,
	0xc8f3,	0x1e,
	0xc8f4,	0x1e,
	0xc8f5,	0x1c,
	0xc8f6,	0x08,
	0xc8f7,	0x0f,
	0xc8f8,	0x18,
	0xc8f9,	0x05,
	0xc8fa,	0x05,
	0xc8fb,	0x10,
	0xc8fc,	0x14,
	0xc8fd,	0x00,
	0xc8fe,	0x00,
	0xc8ff,	0x00,
	0xc900,	0x00,
	0xc903,	0x0b,
	0xc904,	0x11,
	0xc906,	0x1a,
	0xc907,	0x1a,
	0xc908,	0x1a,
	0xc924,	0x03,
	0xc925,	0x03,
	0xc930,	0x05,
	0xc931,	0x13,
	0xc933,	0x1d,
	0xc95c,	0x34,
	0xc95d,	0x3f,
	0xc95e,	0x3f,
	0xc95f,	0x34,
	0xc960,	0x3f,
	0xc961,	0x3f,
	0xc962,	0x22,
	0xc963,	0x3f,
	0xc964,	0x3f,
	0xc965,	0x22,
	0xc966,	0x3f,
	0xc967,	0x3f,
	0xc975,	0x10,
	0xc976,	0x10,
	0xc977,	0x10,
	0xc999,	0x3f,
	0xc99a,	0x00,
	0xc99c,	0x00,
	0xc99d,	0x00,
	0xc99f,	0xd7,
	0xc9a7,	0x2e,
	0xc9a8,	0x2b,
	0xc9a9,	0x00,
	0xc9aa,	0x00,
	0xc9b3,	0x06,
	0xc9b4,	0x04,
	0xc9b5,	0x08,
	0xc9b9,	0x0b,
	0xc9ba,	0x0a,
	0xc9bb,	0x0b,
	0xc9bf,	0x02,
	0xc9c0,	0x02,
	0xc9c1,	0x0e,
	0xc9c2,	0x24,
	0xc9c5,	0x0a,
	0xc9c7,	0x14,
	0xc9c8,	0x27,
	0xc9cc,	0x01,
	0xc9cd,	0x01,
	0xc9ce,	0x00,
	0xc9cf,	0x01,
	0xc9d0,	0x02,
	0xc9d1,	0x00,
	0xc9d2,	0x00,
	0xc9d3,	0x00,
	0xc9d4,	0x00,
	0xc9d9,	0x9c,
	0xc9da,	0x9b,
	0xc9db,	0x9b,
	0xc9dc,	0x57,
	0xc9dd,	0x99,
	0xc9de,	0x99,
	0xc9df,	0x9c,
	0xc9e0,	0x9c,
	0xc9e1,	0x9c,
	0xc9e2,	0x9c,
	0xc9e3,	0x9c,
	0xc9e4,	0x9c,
	0xc9e5,	0x9c,
	0xc9e6,	0x9c,
	0xc9ea,	0x0f,
	0xc9eb,	0x0f,
	0xc9ec,	0x0f,
	0xc9f5,	0x14,
	0xc9f6,	0x0f,
	0xc9f7,	0x0f,
	0xc9f8,	0x0a,
	0xc9f9,	0x06,
	0xc9fa,	0x10,
	0xc9fb,	0x00,
	0xc9fc,	0x00,
	0xc9fd,	0x10,
	0xc9fe,	0x1a,
	0xca0b,	0x0b,
	0xca0c,	0x11,
	0xca0e,	0x1a,
	0xca0f,	0x1a,
	0xca10,	0x1a,
	0xca17,	0x81,
	0xca1b,	0x3e,
	0xd013,	0x37,
	0xd023,	0x37,
	0xd027,	0x36,
	0xd02b,	0x96,
	0xd02f,	0x7a,
	0xd034,	0x00,
	0xd03b,	0x7a,
	0xd083,	0x00,
	0xd087,	0x02,
	0xd08f,	0x00,
	0xd093,	0x02,
	0xd0a7,	0x02,
	0xd0ab,	0x09,
	0xd0af,	0x00,
	0xd0b3,	0x00,
	0xd0bb,	0x08,
	0xd0c3,	0x10,
	0xd0ce,	0x41,
	0xd0cf,	0x05,
	0xd143,	0x50,
	0xd1f9,	0xb5,
	0xd1fb,	0xc1,
	0xd211,	0xb5,
	0xd213,	0xc1,
	0xd241,	0xb5,
	0xd243,	0xc1,
	0xd261,	0xb5,
	0xd263,	0xc1,
	0xd2a1,	0xb5,
	0xd2a3,	0xc1,
	0xd2c1,	0xb5,
	0xd2c3,	0xc1,
	0xd309,	0xc3,
	0xd30a,	0x00,
	0xd30b,	0xef,
	0xd30d,	0xff,
	0xd30e,	0x01,
	0xd30f,	0x73,
	0xd514,	0x00,
	0xd515,	0xc9,
	0xdbfd,	0xc3,
	0xdbff,	0xef,
	0xdc01,	0xff,
	0xddf7,	0x42,
	0xde7b,	0x42,
	0xdeef,	0x42,
	0xdf37,	0x42,
	0xe30c,	0x00,
	0xe30d,	0xd1,
	0xe30e,	0x00,
	0xe30f,	0xe7,
	0xe310,	0x01,
	0xe311,	0x0d,
	0xe312,	0x01,
	0xe313,	0x69,
	0xe4d7,	0xb5,
	0xe4ed,	0xc1,
	0xe507,	0xb5,
	0xe51d,	0xc1,
	0xe5f9,	0xbf,
	0xe5fa,	0x00,
	0xe5fb,	0xc4,
	0xe611,	0xbf,
	0xe612,	0x00,
	0xe613,	0xc4,
	0xe629,	0xbf,
	0xe62a,	0x00,
	0xe62b,	0xc4,
	0xe649,	0xbf,
	0xe64a,	0x00,
	0xe64b,	0xc4,
	0xe665,	0xbf,
	0xe666,	0x00,
	0xe667,	0xc4,
	0xe685,	0xbf,
	0xe686,	0x00,
	0xe687,	0xc4,
	0xe6a7,	0xb5,
	0xe6bf,	0xb5,
	0xe6d5,	0xc1,
	0xe6ed,	0xc1,
	0xe708,	0x00,
	0xe709,	0xef,
	0xe70b,	0xc3,
	0xe70c,	0x01,
	0xe70d,	0x73,
	0xe70f,	0xff,
	0xe720,	0x00,
	0xe721,	0xef,
	0xe723,	0xc3,
	0xe724,	0x01,
	0xe725,	0x73,
	0xe727,	0xff,
	0xe738,	0x00,
	0xe739,	0xef,
	0xe73b,	0xc3,
	0xe73c,	0x01,
	0xe73d,	0x73,
	0xe73f,	0xff,
	0xe750,	0x00,
	0xe751,	0xef,
	0xe753,	0xc3,
	0xe754,	0x01,
	0xe755,	0x73,
	0xe757,	0xff,
	// ois off
	0x3002, 0x00,	//	bit[7] = 1 ; set VSYNC as output
	0x3680, 0x00,	//	assign VSYNC for OIS pin
	0x38f3, 0x00,	//	Enable OIS function
	0x38f4, 0x08,	//	bit[7:0] offset1[7:0]
	0x38f5, 0x00,	//	bit[7:4] for offset2[11:8]; bit[3:0] for offset1[11:8]
	0x38f6, 0x08,	//	bit[7:4] offset2[7:0]
	0x38af, 0x40,	//	Bit[6]: OIS function signal polarity
};

// custom3 mode 7: smvr 240fps
// mode_19
// PD Size = 4096x288
static u16 warholovx9500wide_custom3_setting[] = {
	0x0345,	0x40,
	0x0360,	0x01,
	0x100f,	0x62,
	0x101f,	0x62,
	0x1023,	0x37,
	0x1027,	0x4b,
	0x102b,	0xa2,
	0x102f,	0xd0,
	0x1034,	0x00,
	0x103b,	0xd0,
	0x1040,	0x00,
	0x1047,	0xb4,
	0x107a,	0x88,
	0x107b,	0x08,
	0x107e,	0x8b,
	0x107f,	0x03,
	0x1083,	0x0a,
	0x1087,	0x33,
	0x1093,	0x58,
	0x10a7,	0x02,
	0x10ab,	0x00,
	0x10ae,	0x8d,
	0x10af,	0x02,
	0x10b2,	0x8f,
	0x10b6,	0x92,
	0x10b7,	0x03,
	0x10ba,	0x95,
	0x10bb,	0x04,
	0x10be,	0x97,
	0x10c2,	0x9b,
	0x10c3,	0x10,
	0x10c6,	0x00,
	0x10c7,	0x00,
	0x1141,	0x00,
	0x1143,	0x00,
	0x11f9,	0xb5,
	0x11fb,	0xc1,
	0x1211,	0xb5,
	0x1213,	0xc1,
	0x1241,	0xb5,
	0x1243,	0xc1,
	0x1261,	0xb5,
	0x1263,	0xc1,
	0x12a1,	0xb5,
	0x12a3,	0xc1,
	0x12c1,	0xb5,
	0x12c3,	0xc1,
	0x130d,	0xc3,
	0x130e,	0x00,
	0x130f,	0xef,
	0x1310,	0x00,
	0x1311,	0xff,
	0x1313,	0x2b,
	0x1314,	0x01,
	0x1315,	0x43,
	0x1316,	0x01,
	0x1317,	0x69,
	0x1514,	0x00,
	0x1515,	0xc9,
	0x1bd1,	0x85,
	0x1c01,	0xc3,
	0x1c02,	0x00,
	0x1c03,	0xef,
	0x1c04,	0x00,
	0x1c05,	0xff,
	0x1c06,	0x01,
	0x1c07,	0x2b,
	0x1c08,	0x01,
	0x1c09,	0x3b,
	0x24ef,	0x6b,
	0x2507,	0xb5,
	0x251d,	0xc1,
	0x25f9,	0xbf,
	0x25fa,	0x00,
	0x25fb,	0xc4,
	0x2611,	0xbf,
	0x2612,	0x00,
	0x2613,	0xc4,
	0x2629,	0xbf,
	0x262a,	0x00,
	0x262b,	0xc4,
	0x2649,	0xbf,
	0x264a,	0x00,
	0x264b,	0xc4,
	0x2665,	0xbf,
	0x2666,	0x00,
	0x2667,	0xc4,
	0x2685,	0xbf,
	0x2686,	0x00,
	0x2687,	0xc4,
	0x26a7,	0xb5,
	0x26d5,	0xc1,
	0x26ef,	0x6b,
	0x2705,	0xb3,
	0x2708,	0x00,
	0x2709,	0xef,
	0x270b,	0xc3,
	0x270d,	0x2b,
	0x270e,	0x00,
	0x270f,	0xff,
	0x2710,	0x01,
	0x2711,	0x69,
	0x2712,	0x01,
	0x2713,	0x3b,
	0x271d,	0xb3,
	0x2720,	0x00,
	0x2721,	0xef,
	0x2723,	0xc3,
	0x2725,	0x2b,
	0x2726,	0x00,
	0x2727,	0xff,
	0x2728,	0x01,
	0x2729,	0x69,
	0x272a,	0x01,
	0x272b,	0x3b,
	0x2735,	0xb3,
	0x2738,	0x00,
	0x2739,	0xef,
	0x273b,	0xc3,
	0x273d,	0x2b,
	0x273e,	0x00,
	0x273f,	0xff,
	0x2740,	0x01,
	0x2741,	0x69,
	0x2742,	0x01,
	0x2743,	0x3b,
	0x274d,	0xb3,
	0x2750,	0x00,
	0x2751,	0xef,
	0x2753,	0xc3,
	0x2755,	0x2b,
	0x2756,	0x00,
	0x2757,	0xff,
	0x2758,	0x01,
	0x2759,	0x69,
	0x275a,	0x01,
	0x275b,	0x3b,
	0x3010,	0x01,
	0x3402,	0xaf,
	0x3403,	0x19,
	0x3404,	0x19,
	0x3405,	0x0f,
	0x3406,	0x08,
	0x3408,	0x0f,
	0x3409,	0x08,
	0x340a,	0x03,
	0x341b,	0x30,
	0x344d,	0x01,
	0x344e,	0x01,
	0x3506,	0xf8,
	0x350d,	0x00,
	0x350e,	0xb1,
	0x3546,	0xf8,
	0x354d,	0x00,
	0x354e,	0xb1,
	0x3586,	0xf8,
	0x3608,	0x01,
	0x3622,	0x88,
	0x3623,	0x08,
	0x3691,	0x00,
	0x3692,	0x00,
	0x3696,	0x00,
	0x369a,	0x07,
	0x369b,	0x80,
	0x36a5,	0x02,
	0x36a6,	0x40,
	0x36a7,	0x00,
	0x36b0,	0x84,
	0x36b1,	0x00,
	0x36c8,	0x01,
	0x3714,	0x62,
	0x37bc,	0x00,
	0x37c9,	0x00,
	0x3800,	0x01,
	0x3801,	0x00,
	0x3802,	0x03,
	0x3803,	0xa0,
	0x3804,	0x1f,
	0x3805,	0x1f,
	0x3806,	0x14,
	0x3807,	0x9f,
	0x3808,	0x07,
	0x3809,	0x80,
	0x380a,	0x04,
	0x380b,	0x38,
	0x380c,	0x04,
	0x380d,	0xb0,
	0x380e,	0x01,
	0x380f,	0xa0,
	0x3811,	0x04,
	0x3813,	0x05,
	0x3814,	0x31,
	0x3815,	0x31,
	0x3820,	0x47,
	0x3821,	0x50,
	0x3823,	0x04,
	0x3828,	0x02,
	0x3830,	0x02,
	0x3831,	0x12,
	0x3837,	0x04,
	0x383f,	0x00,
	0x384c,	0x04,
	0x384d,	0xb0,
	0x386d,	0x7c,
	0x3889,	0x04,
	0x388b,	0x04,
	0x388c,	0x07,
	0x388d,	0x80,
	0x388e,	0x04,
	0x388f,	0x38,
	0x3894,	0x10,
	0x3896,	0x00,
	0x38a1,	0x1d,
	0x38a2,	0x98,
	0x38a4,	0x1d,
	0x38a5,	0x98,
	0x38a6,	0x20,
	0x38a9,	0x3b,
	0x38aa,	0x30,
	0x38ab,	0x00,
	0x38ad,	0x1d,
	0x38ae,	0x98,
	0x38b0,	0x01,
	0x38db,	0xe1,
	0x3f00,	0x06,
	0x3f30,	0x04,
	0x3f70,	0x06,
	0x3f72,	0x14,
	0x3f74,	0x14,
	0x3f76,	0x08,
	0x3f78,	0x08,
	0x3f7a,	0x08,
	0x3f7c,	0x0e,
	0x3f7e,	0x0e,
	0x3f80,	0x0e,
	0x3f8e,	0x08,
	0x3f90,	0x08,
	0x3f92,	0x08,
	0x400e,	0x1c,
	0x400f,	0x60,
	0x4010,	0xf4,
	0x4012,	0x50,
	0x4016,	0x0f,
	0x4018,	0x07,
	0x4506,	0x01,
	0x4509,	0x07,
	0x450c,	0x00,
	0x450d,	0x60,
	0x4546,	0x04,
	0x4547,	0xb0,
	0x4549,	0x00,
	0x4580,	0x05,
	0x45c0,	0x41,
	0x45cb,	0xf0,
	0x45cc,	0x02,
	0x45cd,	0x00,
	0x45ce,	0x00,
	0x4602,	0x00,
	0x4603,	0x15,
	0x460b,	0x07,
	0x4640,	0x00,
	0x4641,	0x78,
	0x4643,	0x0c,
	0x4680,	0x09,
	0x468e,	0x30,
	0x4690,	0x11,
	0x4692,	0x56,
	0x4693,	0x00,
	0x4695,	0x11,
	0x4697,	0x11,
	0x46c0,	0x01,
	0x46c2,	0x04,
	0x46cb,	0xff,
	0x4701,	0x1e,
	0x4703,	0x08,
	0x47c0,	0x05,
	0x47c2,	0x02,
	0x47c4,	0x05,
	0x47c6,	0x01,
	0x47c8,	0x05,
	0x47ca,	0x02,
	0x47cc,	0x05,
	0x47ce,	0x01,
	0x4808,	0x54,
	0x4813,	0x10,
	0x4836,	0x32,
	0x490e,	0x08,
	0x490f,	0x60,
	0x4910,	0x00,
	0x4912,	0x00,
	0x4a0e,	0x08,
	0x4a0f,	0x60,
	0x4a10,	0x00,
	0x4a12,	0x00,
	0x4b00,	0x00,
	0x4b10,	0x02,
	0x4b11,	0x06,
	0x4b12,	0x02,
	0x4b13,	0x06,
	0x4b14,	0x02,
	0x4b15,	0x06,
	0x4b16,	0x0a,
	0x4b17,	0x0e,
	0x4b20,	0x02,
	0x4b21,	0x06,
	0x4b22,	0x02,
	0x4b23,	0x06,
	0x4b24,	0x02,
	0x4b25,	0x06,
	0x4b26,	0x0a,
	0x4b27,	0x0e,
	0x4b30,	0x02,
	0x4b31,	0x06,
	0x4b32,	0x02,
	0x4b33,	0x06,
	0x4b34,	0x02,
	0x4b35,	0x06,
	0x4b36,	0x0a,
	0x4b37,	0x0e,
	0x4b3d,	0x00,
	0x4b3f,	0x00,
	0x4b41,	0x08,
	0x4b42,	0x00,
	0x4b43,	0x08,
	0x4b45,	0x08,
	0x4b46,	0x00,
	0x4b47,	0x08,
	0x4b48,	0x02,
	0x4b49,	0x00,
	0x4b4a,	0x01,
	0x4b4b,	0x00,
	0x4b51,	0x06,
	0x4b52,	0x02,
	0x4b53,	0x06,
	0x4b54,	0x02,
	0x4b55,	0x06,
	0x4b56,	0x0a,
	0x4b57,	0x0e,
	0x4b5a,	0x08,
	0x4b61,	0x06,
	0x4b62,	0x02,
	0x4b63,	0x06,
	0x4b64,	0x02,
	0x4b65,	0x06,
	0x4b66,	0x0a,
	0x4b67,	0x0e,
	0x4b6a,	0x08,
	0x4b71,	0x06,
	0x4b72,	0x02,
	0x4b73,	0x06,
	0x4b74,	0x02,
	0x4b75,	0x06,
	0x4b76,	0x0a,
	0x4b77,	0x0e,
	0x4b7a,	0x08,
	0x4b7d,	0x00,
	0x4b7f,	0x00,
	0x4b82,	0x00,
	0x4b83,	0x08,
	0x4b85,	0x08,
	0x4b86,	0x00,
	0x4b87,	0x08,
	0x4b88,	0x02,
	0x4b89,	0x00,
	0x4b8a,	0x01,
	0x4b8b,	0x00,
	0x4b91,	0x06,
	0x4b92,	0x02,
	0x4b93,	0x06,
	0x4b94,	0x02,
	0x4b95,	0x06,
	0x4b96,	0x0a,
	0x4b97,	0x0e,
	0x4b9a,	0x08,
	0x4ba1,	0x06,
	0x4ba2,	0x02,
	0x4ba3,	0x06,
	0x4ba4,	0x02,
	0x4ba5,	0x06,
	0x4ba6,	0x0a,
	0x4ba7,	0x0e,
	0x4baa,	0x08,
	0x4bb1,	0x06,
	0x4bb2,	0x02,
	0x4bb3,	0x06,
	0x4bb4,	0x02,
	0x4bb5,	0x06,
	0x4bb6,	0x0a,
	0x4bb7,	0x0e,
	0x4bba,	0x08,
	0x4bbd,	0x00,
	0x4bbf,	0x00,
	0x4bc2,	0x00,
	0x4bc3,	0x08,
	0x4bc5,	0x08,
	0x4bc6,	0x00,
	0x4bc7,	0x08,
	0x4bc8,	0x02,
	0x4bc9,	0x00,
	0x4bca,	0x01,
	0x4bcb,	0x00,
	0x5000,	0x0f,
	0x5001,	0x00,
	0x5002,	0x40,
	0x5003,	0xc0,
	0x5016,	0x11,
	0x5017,	0x00,
	0x50b3,	0x00,
	0x51a7,	0xc0,
	0x54a7,	0xc0,
	0x57a7,	0xc0,
	0x5a60,	0x7b,
	0x5b95,	0x45,
	0x5b97,	0x0c,
	0x5b98,	0x08,
	0x5b99,	0x00,
	0x5bc0,	0x1f,
	0x5e00,	0x7b,
	0x5f35,	0x45,
	0x5f37,	0x0c,
	0x5f38,	0x08,
	0x5f39,	0x00,
	0x5f60,	0x1f,
	0x6200,	0x20,
	0x6201,	0x00,
	0x6365,	0x00,
	0x6382,	0x03,
	0x6392,	0x03,
	0x64a0,	0x01,
	0x64a1,	0x00,
	0x64a2,	0x40,
	0xc400,	0x11,
	0xc405,	0x12,
	0xc406,	0x12,
	0xc407,	0x00,
	0xc408,	0x00,
	0xc409,	0x00,
	0xc40a,	0x00,
	0xc40b,	0x00,
	0xc40c,	0x00,
	0xc40d,	0x00,
	0xc40e,	0x00,
	0xc40f,	0x00,
	0xc410,	0x00,
	0xc411,	0x00,
	0xc412,	0x00,
	0xc413,	0x00,
	0xc414,	0x00,
	0xc41c,	0x00,
	0xc41e,	0x00,
	0xc420,	0x00,
	0xc422,	0x00,
	0xc424,	0x00,
	0xc426,	0x00,
	0xc428,	0x00,
	0xc42a,	0x00,
	0xc42c,	0x00,
	0xc42e,	0x00,
	0xc430,	0x00,
	0xc432,	0x00,
	0xc434,	0x00,
	0xc435,	0x12,
	0xc436,	0x12,
	0xc437,	0x00,
	0xc438,	0x00,
	0xc439,	0x00,
	0xc43a,	0x00,
	0xc43b,	0x00,
	0xc43c,	0x00,
	0xc43d,	0x00,
	0xc43e,	0x00,
	0xc43f,	0x00,
	0xc440,	0x00,
	0xc441,	0x00,
	0xc442,	0x00,
	0xc443,	0x00,
	0xc444,	0x00,
	0xc464,	0x60,
	0xc465,	0x60,
	0xc466,	0x60,
	0xc804,	0x1d,
	0xc805,	0x1d,
	0xc806,	0x1c,
	0xc807,	0x1c,
	0xc808,	0x16,
	0xc809,	0x10,
	0xc80c,	0x0f,
	0xc81d,	0x03,
	0xc81e,	0x03,
	0xc820,	0x03,
	0xc829,	0x01,
	0xc82a,	0x10,
	0xc82b,	0x15,
	0xc82c,	0x1b,
	0xc82d,	0x1c,
	0xc85a,	0x3f,
	0xc85b,	0x3f,
	0xc85c,	0x3f,
	0xc85d,	0x3f,
	0xc85e,	0x3f,
	0xc85f,	0x3f,
	0xc860,	0x2d,
	0xc861,	0x2d,
	0xc862,	0x3f,
	0xc863,	0x2d,
	0xc864,	0x2d,
	0xc865,	0x3f,
	0xc873,	0x10,
	0xc874,	0x10,
	0xc875,	0x10,
	0xc898,	0x0b,
	0xc899,	0x00,
	0xc89a,	0x00,
	0xc89b,	0x00,
	0xc89c,	0x00,
	0xc89d,	0xea,
	0xc8a5,	0x1f,
	0xc8a6,	0x12,
	0xc8a7,	0x0b,
	0xc8a8,	0x0f,
	0xc8aa,	0x00,
	0xc8b1,	0x06,
	0xc8b2,	0x0a,
	0xc8b3,	0x18,
	0xc8b4,	0x37,
	0xc8b5,	0x00,
	0xc8b6,	0x00,
	0xc8b7,	0x0b,
	0xc8b8,	0x0b,
	0xc8b9,	0x16,
	0xc8ba,	0x2c,
	0xc8bb,	0x00,
	0xc8bc,	0x00,
	0xc8bd,	0x02,
	0xc8be,	0x02,
	0xc8bf,	0x04,
	0xc8c3,	0x0a,
	0xc8c4,	0x0a,
	0xc8c5,	0x0a,
	0xc8ca,	0x00,
	0xc8cb,	0x03,
	0xc8cc,	0x12,
	0xc8cd,	0x04,
	0xc8ce,	0x03,
	0xc8cf,	0x03,
	0xc8d0,	0x03,
	0xc8d1,	0x01,
	0xc8d2,	0x02,
	0xc8d3,	0x01,
	0xc8d4,	0x01,
	0xc8d5,	0x02,
	0xc8d6,	0x02,
	0xc8d7,	0x68,
	0xc8d8,	0x67,
	0xc8d9,	0x67,
	0xc8da,	0x03,
	0xc8db,	0x66,
	0xc8dc,	0x66,
	0xc8dd,	0x66,
	0xc8de,	0x66,
	0xc8df,	0x66,
	0xc8e0,	0x66,
	0xc8e1,	0x66,
	0xc8e2,	0x66,
	0xc8e3,	0x66,
	0xc8e4,	0x66,
	0xc8e5,	0x0f,
	0xc8e6,	0x0f,
	0xc8e7,	0x0f,
	0xc8e9,	0x0f,
	0xc8ea,	0x0f,
	0xc8eb,	0x0f,
	0xc8ec,	0x0f,
	0xc8ed,	0x0f,
	0xc8ee,	0x0f,
	0xc8f3,	0x1e,
	0xc8f4,	0x1e,
	0xc8f5,	0x1c,
	0xc8f6,	0x08,
	0xc8f7,	0x0f,
	0xc8f8,	0x18,
	0xc8f9,	0x05,
	0xc8fa,	0x05,
	0xc8fb,	0x10,
	0xc8fc,	0x14,
	0xc8fd,	0x00,
	0xc8fe,	0x00,
	0xc8ff,	0x00,
	0xc900,	0x00,
	0xc903,	0x0b,
	0xc904,	0x11,
	0xc906,	0x1a,
	0xc907,	0x1a,
	0xc908,	0x1a,
	0xc924,	0x03,
	0xc925,	0x03,
	0xc930,	0x05,
	0xc931,	0x13,
	0xc933,	0x1d,
	0xc95c,	0x34,
	0xc95d,	0x3f,
	0xc95e,	0x3f,
	0xc95f,	0x34,
	0xc960,	0x3f,
	0xc961,	0x3f,
	0xc962,	0x22,
	0xc963,	0x3f,
	0xc964,	0x3f,
	0xc965,	0x22,
	0xc966,	0x3f,
	0xc967,	0x3f,
	0xc975,	0x10,
	0xc976,	0x10,
	0xc977,	0x10,
	0xc999,	0x3f,
	0xc99a,	0x00,
	0xc99c,	0x00,
	0xc99d,	0x00,
	0xc99f,	0xd7,
	0xc9a7,	0x2e,
	0xc9a8,	0x2b,
	0xc9a9,	0x00,
	0xc9aa,	0x00,
	0xc9b3,	0x06,
	0xc9b4,	0x04,
	0xc9b5,	0x08,
	0xc9b9,	0x0b,
	0xc9ba,	0x0a,
	0xc9bb,	0x0b,
	0xc9bf,	0x02,
	0xc9c0,	0x02,
	0xc9c1,	0x0e,
	0xc9c2,	0x24,
	0xc9c5,	0x0a,
	0xc9c7,	0x14,
	0xc9c8,	0x27,
	0xc9cc,	0x01,
	0xc9cd,	0x01,
	0xc9ce,	0x00,
	0xc9cf,	0x01,
	0xc9d0,	0x02,
	0xc9d1,	0x00,
	0xc9d2,	0x00,
	0xc9d3,	0x00,
	0xc9d4,	0x00,
	0xc9d9,	0x9c,
	0xc9da,	0x9b,
	0xc9db,	0x9b,
	0xc9dc,	0x57,
	0xc9dd,	0x99,
	0xc9de,	0x99,
	0xc9df,	0x9c,
	0xc9e0,	0x9c,
	0xc9e1,	0x9c,
	0xc9e2,	0x9c,
	0xc9e3,	0x9c,
	0xc9e4,	0x9c,
	0xc9e5,	0x9c,
	0xc9e6,	0x9c,
	0xc9ea,	0x0f,
	0xc9eb,	0x0f,
	0xc9ec,	0x0f,
	0xc9f5,	0x14,
	0xc9f6,	0x0f,
	0xc9f7,	0x0f,
	0xc9f8,	0x0a,
	0xc9f9,	0x06,
	0xc9fa,	0x10,
	0xc9fb,	0x00,
	0xc9fc,	0x00,
	0xc9fd,	0x10,
	0xc9fe,	0x1a,
	0xca0b,	0x0b,
	0xca0c,	0x11,
	0xca0e,	0x1a,
	0xca0f,	0x1a,
	0xca10,	0x1a,
	0xca17,	0x81,
	0xca1b,	0x3e,
	0xd013,	0x37,
	0xd023,	0x37,
	0xd027,	0x36,
	0xd02b,	0x96,
	0xd02f,	0x7a,
	0xd034,	0x00,
	0xd03b,	0x7a,
	0xd083,	0x00,
	0xd087,	0x02,
	0xd08f,	0x00,
	0xd093,	0x02,
	0xd0a7,	0x02,
	0xd0ab,	0x09,
	0xd0af,	0x00,
	0xd0b3,	0x00,
	0xd0bb,	0x08,
	0xd0c3,	0x10,
	0xd0ce,	0x41,
	0xd0cf,	0x05,
	0xd143,	0x50,
	0xd1f9,	0xb5,
	0xd1fb,	0xc1,
	0xd211,	0xb5,
	0xd213,	0xc1,
	0xd241,	0xb5,
	0xd243,	0xc1,
	0xd261,	0xb5,
	0xd263,	0xc1,
	0xd2a1,	0xb5,
	0xd2a3,	0xc1,
	0xd2c1,	0xb5,
	0xd2c3,	0xc1,
	0xd309,	0xc3,
	0xd30a,	0x00,
	0xd30b,	0xef,
	0xd30d,	0xff,
	0xd30e,	0x01,
	0xd30f,	0x73,
	0xd514,	0x00,
	0xd515,	0xc9,
	0xdbfd,	0xc3,
	0xdbff,	0xef,
	0xdc01,	0xff,
	0xddf7,	0x42,
	0xde7b,	0x42,
	0xdeef,	0x42,
	0xdf37,	0x42,
	0xe30c,	0x00,
	0xe30d,	0xd1,
	0xe30e,	0x00,
	0xe30f,	0xe7,
	0xe310,	0x01,
	0xe311,	0x0d,
	0xe312,	0x01,
	0xe313,	0x69,
	0xe4d7,	0xb5,
	0xe4ed,	0xc1,
	0xe507,	0xb5,
	0xe51d,	0xc1,
	0xe5f9,	0xbf,
	0xe5fa,	0x00,
	0xe5fb,	0xc4,
	0xe611,	0xbf,
	0xe612,	0x00,
	0xe613,	0xc4,
	0xe629,	0xbf,
	0xe62a,	0x00,
	0xe62b,	0xc4,
	0xe649,	0xbf,
	0xe64a,	0x00,
	0xe64b,	0xc4,
	0xe665,	0xbf,
	0xe666,	0x00,
	0xe667,	0xc4,
	0xe685,	0xbf,
	0xe686,	0x00,
	0xe687,	0xc4,
	0xe6a7,	0xb5,
	0xe6bf,	0xb5,
	0xe6d5,	0xc1,
	0xe6ed,	0xc1,
	0xe708,	0x00,
	0xe709,	0xef,
	0xe70b,	0xc3,
	0xe70c,	0x01,
	0xe70d,	0x73,
	0xe70f,	0xff,
	0xe720,	0x00,
	0xe721,	0xef,
	0xe723,	0xc3,
	0xe724,	0x01,
	0xe725,	0x73,
	0xe727,	0xff,
	0xe738,	0x00,
	0xe739,	0xef,
	0xe73b,	0xc3,
	0xe73c,	0x01,
	0xe73d,	0x73,
	0xe73f,	0xff,
	0xe750,	0x00,
	0xe751,	0xef,
	0xe753,	0xc3,
	0xe754,	0x01,
	0xe755,	0x73,
	0xe757,	0xff,
	// ois off
	0x3002, 0x00,	//	bit[7] = 1 ; set VSYNC as output
	0x3680, 0x00,	//	assign VSYNC for OIS pin
	0x38f3, 0x00,	//	Enable OIS function
	0x38f4, 0x08,	//	bit[7:0] offset1[7:0]
	0x38f5, 0x00,	//	bit[7:4] for offset2[11:8]; bit[3:0] for offset1[11:8]
	0x38f6, 0x08,	//	bit[7:4] offset2[7:0]
	0x38af, 0x40,	//	Bit[6]: OIS function signal polarity
};

// custom4 mode 8 : fullsize quad
// mode_4
static u16 warholovx9500wide_custom4_setting[] = {
	0x0345,	0x45,
	0x0360,	0x01,
	0x100f,	0x62,
	0x101f,	0x62,
	0x1023,	0x37,
	0x1027,	0x4b,
	0x102b,	0xa2,
	0x102f,	0xd0,
	0x1034,	0x00,
	0x103b,	0xd0,
	0x1040,	0x00,
	0x1047,	0xb4,
	0x107a,	0x88,
	0x107b,	0x08,
	0x107e,	0x8b,
	0x107f,	0x03,
	0x1083,	0x0a,
	0x1087,	0x33,
	0x1093,	0x58,
	0x10a7,	0x02,
	0x10ab,	0x00,
	0x10ae,	0x8d,
	0x10af,	0x02,
	0x10b2,	0x8f,
	0x10b6,	0x92,
	0x10b7,	0x03,
	0x10ba,	0x95,
	0x10bb,	0x04,
	0x10be,	0x97,
	0x10c2,	0x9b,
	0x10c3,	0x10,
	0x10c6,	0x00,
	0x10c7,	0x00,
	0x1141,	0x00,
	0x1143,	0x00,
	0x11f9,	0xb5,
	0x11fb,	0xc1,
	0x1211,	0xb5,
	0x1213,	0xc1,
	0x1241,	0xb5,
	0x1243,	0xc1,
	0x1261,	0xb5,
	0x1263,	0xc1,
	0x12a1,	0xb5,
	0x12a3,	0xc1,
	0x12c1,	0xb5,
	0x12c3,	0xc1,
	0x130d,	0xc3,
	0x130e,	0x00,
	0x130f,	0xef,
	0x1310,	0x00,
	0x1311,	0xff,
	0x1313,	0x2b,
	0x1314,	0x01,
	0x1315,	0x43,
	0x1316,	0x01,
	0x1317,	0x69,
	0x1514,	0x00,
	0x1515,	0xc9,
	0x1bd1,	0x85,
	0x1c01,	0xc3,
	0x1c02,	0x00,
	0x1c03,	0xef,
	0x1c04,	0x00,
	0x1c05,	0xff,
	0x1c06,	0x01,
	0x1c07,	0x2b,
	0x1c08,	0x01,
	0x1c09,	0x3b,
	0x24ef,	0x6b,
	0x2507,	0xb5,
	0x251d,	0xc1,
	0x25f9,	0xbf,
	0x25fa,	0x00,
	0x25fb,	0xc4,
	0x2611,	0xbf,
	0x2612,	0x00,
	0x2613,	0xc4,
	0x2629,	0xbf,
	0x262a,	0x00,
	0x262b,	0xc4,
	0x2649,	0xbf,
	0x264a,	0x00,
	0x264b,	0xc4,
	0x2665,	0xbf,
	0x2666,	0x00,
	0x2667,	0xc4,
	0x2685,	0xbf,
	0x2686,	0x00,
	0x2687,	0xc4,
	0x26a7,	0xb5,
	0x26d5,	0xc1,
	0x26ef,	0x6b,
	0x2705,	0xb3,
	0x2708,	0x00,
	0x2709,	0xef,
	0x270b,	0xc3,
	0x270d,	0x2b,
	0x270e,	0x00,
	0x270f,	0xff,
	0x2710,	0x01,
	0x2711,	0x69,
	0x2712,	0x01,
	0x2713,	0x3b,
	0x271d,	0xb3,
	0x2720,	0x00,
	0x2721,	0xef,
	0x2723,	0xc3,
	0x2725,	0x2b,
	0x2726,	0x00,
	0x2727,	0xff,
	0x2728,	0x01,
	0x2729,	0x69,
	0x272a,	0x01,
	0x272b,	0x3b,
	0x2735,	0xb3,
	0x2738,	0x00,
	0x2739,	0xef,
	0x273b,	0xc3,
	0x273d,	0x2b,
	0x273e,	0x00,
	0x273f,	0xff,
	0x2740,	0x01,
	0x2741,	0x69,
	0x2742,	0x01,
	0x2743,	0x3b,
	0x274d,	0xb3,
	0x2750,	0x00,
	0x2751,	0xef,
	0x2753,	0xc3,
	0x2755,	0x2b,
	0x2756,	0x00,
	0x2757,	0xff,
	0x2758,	0x01,
	0x2759,	0x69,
	0x275a,	0x01,
	0x275b,	0x3b,
	0x3010,	0x01,
	0x3402,	0xaf,
	0x3403,	0x19,
	0x3404,	0x19,
	0x3405,	0x0f,
	0x3406,	0x08,
	0x3408,	0x0f,
	0x3409,	0x08,
	0x340a,	0x03,
	0x341b,	0x30,
	0x344d,	0x02,
	0x344e,	0x02,
	0x3506,	0xf8,
	0x350d,	0x00,
	0x350e,	0xac,
	0x3546,	0xf8,
	0x354d,	0x00,
	0x354e,	0xac,
	0x3586,	0xf8,
	0x3608,	0x00,
	0x3622,	0xa8,
	0x3623,	0x04,
	0x3691,	0x00,
	0x3692,	0x00,
	0x3696,	0x00,
	0x369a,	0x20,
	0x369b,	0x00,
	0x36a5,	0x22,
	0x36a6,	0x80,
	0x36a7,	0x00,
	0x36b0,	0x04,
	0x36b1,	0x00,
	0x36c8,	0x00,
	0x3714,	0x68,
	0x37bc,	0x38,
	0x37c9,	0x00,
	0x3800,	0x00,
	0x3801,	0x00,
	0x3802,	0x00,
	0x3803,	0x00,
	0x3804,	0x20,
	0x3805,	0x1f,
	0x3806,	0x18,
	0x3807,	0x3f,
	0x3808,	0x20,
	0x3809,	0x00,
	0x380a,	0x18,
	0x380b,	0x00,
	0x380c,	0x04,
	0x380d,	0xb0,
	0x380e,	0x0d,
	0x380f,	0x05,
	0x3811,	0x10,
	0x3813,	0x22,
	0x3814,	0x11,
	0x3815,	0x11,
	0x3820,	0x44,
	0x3821,	0x00,
	0x3823,	0x04,
	0x3828,	0x08,
	0x3830,	0x08,
	0x3831,	0x10,
	0x3837,	0x10,
	0x383f,	0x00,
	0x384c,	0x04,
	0x384d,	0xb0,
	0x386d,	0x7c,
	0x3889,	0x10,
	0x388b,	0x20,
	0x388c,	0x20,
	0x388d,	0x00,
	0x388e,	0x18,
	0x388f,	0x00,
	0x3894,	0x10,
	0x3896,	0x00,
	0x38a1,	0x1d,
	0x38a2,	0x98,
	0x38a4,	0x1d,
	0x38a5,	0x98,
	0x38a6,	0x20,
	0x38a9,	0x3b,
	0x38aa,	0x30,
	0x38ab,	0x00,
	0x38ad,	0x1d,
	0x38ae,	0x98,
	0x38b0,	0x01,
	0x38db,	0xe1,
	0x3f00,	0x06,
	0x3f30,	0x02,
	0x3f70,	0x10,
	0x3f72,	0x0a,
	0x3f74,	0x0a,
	0x3f76,	0x16,
	0x3f78,	0x16,
	0x3f7a,	0x16,
	0x3f7c,	0x0e,
	0x3f7e,	0x0e,
	0x3f80,	0x0e,
	0x3f8e,	0x10,
	0x3f90,	0x0a,
	0x3f92,	0x0a,
	0x400e,	0x14,
	0x400f,	0x30,
	0x4010,	0xf4,
	0x4012,	0x50,
	0x4016,	0x3d,
	0x4018,	0x1f,
	0x4506,	0x01,
	0x4509,	0x07,
	0x450c,	0x00,
	0x450d,	0x30,
	0x4546,	0x09,
	0x4547,	0x60,
	0x4549,	0x00,
	0x4580,	0x05,
	0x45c0,	0x04,
	0x45cb,	0xff,
	0x45cc,	0x02,
	0x45cd,	0x00,
	0x45ce,	0x00,
	0x4602,	0x00,
	0x4603,	0x15,
	0x460b,	0x07,
	0x4640,	0x01,
	0x4641,	0x00,
	0x4643,	0x08,
	0x4680,	0x09,
	0x468e,	0x30,
	0x4690,	0x11,
	0x4692,	0x56,
	0x4693,	0x00,
	0x4695,	0x11,
	0x4697,	0x11,
	0x46c0,	0x01,
	0x46c2,	0x04,
	0x46cb,	0xff,
	0x4701,	0x80,
	0x4703,	0x08,
	0x47c0,	0x05,
	0x47c2,	0x02,
	0x47c4,	0x05,
	0x47c6,	0x01,
	0x47c8,	0x05,
	0x47ca,	0x02,
	0x47cc,	0x05,
	0x47ce,	0x01,
	0x4808,	0x54,
	0x4813,	0x10,
	0x4836,	0x32,
	0x490e,	0x00,
	0x490f,	0x30,
	0x4910,	0x00,
	0x4912,	0x00,
	0x4a0e,	0x00,
	0x4a0f,	0x30,
	0x4a10,	0x00,
	0x4a12,	0x00,
	0x4b00,	0x00,
	0x4b10,	0x02,
	0x4b11,	0x06,
	0x4b12,	0x02,
	0x4b13,	0x06,
	0x4b14,	0x02,
	0x4b15,	0x06,
	0x4b16,	0x0a,
	0x4b17,	0x0e,
	0x4b20,	0x02,
	0x4b21,	0x06,
	0x4b22,	0x02,
	0x4b23,	0x06,
	0x4b24,	0x02,
	0x4b25,	0x06,
	0x4b26,	0x0a,
	0x4b27,	0x0e,
	0x4b30,	0x02,
	0x4b31,	0x06,
	0x4b32,	0x02,
	0x4b33,	0x06,
	0x4b34,	0x02,
	0x4b35,	0x06,
	0x4b36,	0x0a,
	0x4b37,	0x0e,
	0x4b3d,	0x00,
	0x4b3f,	0x00,
	0x4b41,	0x08,
	0x4b42,	0x00,
	0x4b43,	0x08,
	0x4b45,	0x08,
	0x4b46,	0x00,
	0x4b47,	0x08,
	0x4b48,	0x02,
	0x4b49,	0x00,
	0x4b4a,	0x01,
	0x4b4b,	0x00,
	0x4b51,	0x06,
	0x4b52,	0x02,
	0x4b53,	0x06,
	0x4b54,	0x02,
	0x4b55,	0x06,
	0x4b56,	0x0a,
	0x4b57,	0x0e,
	0x4b5a,	0x08,
	0x4b61,	0x06,
	0x4b62,	0x02,
	0x4b63,	0x06,
	0x4b64,	0x02,
	0x4b65,	0x06,
	0x4b66,	0x0a,
	0x4b67,	0x0e,
	0x4b6a,	0x08,
	0x4b71,	0x06,
	0x4b72,	0x02,
	0x4b73,	0x06,
	0x4b74,	0x02,
	0x4b75,	0x06,
	0x4b76,	0x0a,
	0x4b77,	0x0e,
	0x4b7a,	0x08,
	0x4b7d,	0x00,
	0x4b7f,	0x00,
	0x4b82,	0x00,
	0x4b83,	0x08,
	0x4b85,	0x08,
	0x4b86,	0x00,
	0x4b87,	0x08,
	0x4b88,	0x02,
	0x4b89,	0x00,
	0x4b8a,	0x01,
	0x4b8b,	0x00,
	0x4b91,	0x06,
	0x4b92,	0x02,
	0x4b93,	0x06,
	0x4b94,	0x02,
	0x4b95,	0x06,
	0x4b96,	0x0a,
	0x4b97,	0x0e,
	0x4b9a,	0x08,
	0x4ba1,	0x06,
	0x4ba2,	0x02,
	0x4ba3,	0x06,
	0x4ba4,	0x02,
	0x4ba5,	0x06,
	0x4ba6,	0x0a,
	0x4ba7,	0x0e,
	0x4baa,	0x08,
	0x4bb1,	0x06,
	0x4bb2,	0x02,
	0x4bb3,	0x06,
	0x4bb4,	0x02,
	0x4bb5,	0x06,
	0x4bb6,	0x0a,
	0x4bb7,	0x0e,
	0x4bba,	0x08,
	0x4bbd,	0x00,
	0x4bbf,	0x00,
	0x4bc2,	0x00,
	0x4bc3,	0x08,
	0x4bc5,	0x08,
	0x4bc6,	0x00,
	0x4bc7,	0x08,
	0x4bc8,	0x02,
	0x4bc9,	0x00,
	0x4bca,	0x01,
	0x4bcb,	0x00,
	0x5000,	0x5f,
	0x5001,	0x00,
	0x5002,	0x40,
	0x5003,	0xc0,
	0x5016,	0x11,
	0x5017,	0x00,
	0x50b3,	0x00,
	0x51a7,	0xc0,
	0x54a7,	0xc0,
	0x57a7,	0xc0,
	0x5a60,	0x7b,
	0x5b95,	0x45,
	0x5b97,	0x0c,
	0x5b98,	0x08,
	0x5b99,	0x00,
	0x5bc0,	0x1f,
	0x5e00,	0x7b,
	0x5f35,	0x45,
	0x5f37,	0x0c,
	0x5f38,	0x08,
	0x5f39,	0x00,
	0x5f60,	0x1f,
	0x6200,	0x21,
	0x6201,	0x00,
	0x6365,	0x00,
	0x6382,	0x04,
	0x6392,	0x04,
	0x64a0,	0x01,
	0x64a1,	0x00,
	0x64a2,	0x40,
	0xc400,	0x10,
	0xc405,	0x0a,
	0xc406,	0x0a,
	0xc407,	0x0a,
	0xc408,	0x0a,
	0xc409,	0x0a,
	0xc40a,	0x0a,
	0xc40b,	0x0a,
	0xc40c,	0x0a,
	0xc40d,	0x0a,
	0xc40e,	0x0a,
	0xc40f,	0x0a,
	0xc410,	0x0a,
	0xc411,	0x0a,
	0xc412,	0x0a,
	0xc413,	0x0a,
	0xc414,	0x0a,
	0xc41c,	0xc8,
	0xc41e,	0xc8,
	0xc420,	0xc8,
	0xc422,	0xc8,
	0xc424,	0xc8,
	0xc426,	0xc8,
	0xc428,	0xc8,
	0xc42a,	0xc8,
	0xc42c,	0xc8,
	0xc42e,	0xc8,
	0xc430,	0xc8,
	0xc432,	0xc8,
	0xc434,	0xc8,
	0xc435,	0x0a,
	0xc436,	0x0a,
	0xc437,	0x0a,
	0xc438,	0x0a,
	0xc439,	0x0a,
	0xc43a,	0x0a,
	0xc43b,	0x0a,
	0xc43c,	0x0a,
	0xc43d,	0x0a,
	0xc43e,	0x0a,
	0xc43f,	0x0a,
	0xc440,	0x0a,
	0xc441,	0x0a,
	0xc442,	0x0a,
	0xc443,	0x0a,
	0xc444,	0x0a,
	0xc464,	0x30,
	0xc465,	0x30,
	0xc466,	0x30,
	0xc804,	0x1e,
	0xc805,	0x1e,
	0xc806,	0x1d,
	0xc807,	0x1d,
	0xc808,	0x16,
	0xc809,	0x10,
	0xc80c,	0x3f,
	0xc81d,	0x03,
	0xc81e,	0x03,
	0xc820,	0x03,
	0xc829,	0x01,
	0xc82a,	0x10,
	0xc82b,	0x15,
	0xc82c,	0x1b,
	0xc82d,	0x1c,
	0xc85a,	0x2d,
	0xc85b,	0x2d,
	0xc85c,	0x1d,
	0xc85d,	0x2d,
	0xc85e,	0x2d,
	0xc85f,	0x1d,
	0xc860,	0x24,
	0xc861,	0x25,
	0xc862,	0x1d,
	0xc863,	0x24,
	0xc864,	0x25,
	0xc865,	0x1d,
	0xc873,	0x10,
	0xc874,	0x10,
	0xc875,	0x10,
	0xc898,	0x1b,
	0xc899,	0x1b,
	0xc89a,	0x2b,
	0xc89b,	0x1a,
	0xc89c,	0x1b,
	0xc89d,	0xfe,
	0xc8a5,	0x15,
	0xc8a6,	0x0f,
	0xc8a7,	0x09,
	0xc8a8,	0x08,
	0xc8aa,	0x07,
	0xc8b1,	0x06,
	0xc8b2,	0x10,
	0xc8b3,	0x24,
	0xc8b4,	0x40,
	0xc8b5,	0x3e,
	0xc8b6,	0x40,
	0xc8b7,	0x0c,
	0xc8b8,	0x0c,
	0xc8b9,	0x16,
	0xc8ba,	0x2a,
	0xc8bb,	0x28,
	0xc8bc,	0x24,
	0xc8bd,	0x00,
	0xc8be,	0x00,
	0xc8bf,	0x00,
	0xc8c3,	0x00,
	0xc8c4,	0x00,
	0xc8c5,	0x00,
	0xc8ca,	0x02,
	0xc8cb,	0x01,
	0xc8cc,	0x0d,
	0xc8cd,	0x02,
	0xc8ce,	0x03,
	0xc8cf,	0x02,
	0xc8d0,	0x03,
	0xc8d1,	0x00,
	0xc8d2,	0x02,
	0xc8d3,	0x00,
	0xc8d4,	0x00,
	0xc8d5,	0x00,
	0xc8d6,	0x00,
	0xc8d7,	0x68,
	0xc8d8,	0x68,
	0xc8d9,	0x68,
	0xc8da,	0x03,
	0xc8db,	0x66,
	0xc8dc,	0x66,
	0xc8dd,	0x66,
	0xc8de,	0x66,
	0xc8df,	0x66,
	0xc8e0,	0x66,
	0xc8e1,	0x67,
	0xc8e2,	0x67,
	0xc8e3,	0x67,
	0xc8e4,	0x67,
	0xc8e5,	0x0f,
	0xc8e6,	0x0f,
	0xc8e7,	0x0f,
	0xc8e9,	0x0f,
	0xc8ea,	0x0f,
	0xc8eb,	0x0f,
	0xc8ec,	0x0f,
	0xc8ed,	0x0f,
	0xc8ee,	0x0f,
	0xc8f3,	0x13,
	0xc8f4,	0x16,
	0xc8f5,	0x16,
	0xc8f6,	0x10,
	0xc8f7,	0x1a,
	0xc8f8,	0x15,
	0xc8f9,	0x10,
	0xc8fa,	0x10,
	0xc8fb,	0x10,
	0xc8fc,	0x14,
	0xc8fd,	0x14,
	0xc8fe,	0x1e,
	0xc8ff,	0x1e,
	0xc900,	0x16,
	0xc903,	0x0b,
	0xc904,	0x11,
	0xc906,	0x1a,
	0xc907,	0x1a,
	0xc908,	0x1a,
	0xc924,	0x03,
	0xc925,	0x03,
	0xc930,	0x05,
	0xc931,	0x13,
	0xc933,	0x1d,
	0xc95c,	0x2d,
	0xc95d,	0x25,
	0xc95e,	0x1b,
	0xc95f,	0x2d,
	0xc960,	0x25,
	0xc961,	0x1b,
	0xc962,	0x2d,
	0xc963,	0x1b,
	0xc964,	0x1b,
	0xc965,	0x2d,
	0xc966,	0x1b,
	0xc967,	0x1b,
	0xc975,	0x10,
	0xc976,	0x10,
	0xc977,	0x10,
	0xc999,	0x38,
	0xc99a,	0x00,
	0xc99c,	0x13,
	0xc99d,	0x21,
	0xc99f,	0xaa,
	0xc9a7,	0x00,
	0xc9a8,	0x20,
	0xc9a9,	0x00,
	0xc9aa,	0x00,
	0xc9b3,	0x06,
	0xc9b4,	0x06,
	0xc9b5,	0x0a,
	0xc9b9,	0x0a,
	0xc9ba,	0x0a,
	0xc9bb,	0x0a,
	0xc9bf,	0x00,
	0xc9c0,	0x04,
	0xc9c1,	0x07,
	0xc9c2,	0x07,
	0xc9c5,	0x00,
	0xc9c7,	0x14,
	0xc9c8,	0x26,
	0xc9cc,	0x00,
	0xc9cd,	0x00,
	0xc9ce,	0x08,
	0xc9cf,	0x01,
	0xc9d0,	0x02,
	0xc9d1,	0x01,
	0xc9d2,	0x02,
	0xc9d3,	0x01,
	0xc9d4,	0x02,
	0xc9d9,	0x9c,
	0xc9da,	0x9c,
	0xc9db,	0x9c,
	0xc9dc,	0x59,
	0xc9dd,	0x9c,
	0xc9de,	0x9c,
	0xc9df,	0x9c,
	0xc9e0,	0x9c,
	0xc9e1,	0x9c,
	0xc9e2,	0x9c,
	0xc9e3,	0x9c,
	0xc9e4,	0x9c,
	0xc9e5,	0x9c,
	0xc9e6,	0x9c,
	0xc9ea,	0x0f,
	0xc9eb,	0x0f,
	0xc9ec,	0x0f,
	0xc9f5,	0x12,
	0xc9f6,	0x12,
	0xc9f7,	0x08,
	0xc9f8,	0x12,
	0xc9f9,	0x0a,
	0xc9fa,	0x08,
	0xc9fb,	0x08,
	0xc9fc,	0x10,
	0xc9fd,	0x16,
	0xc9fe,	0x1f,
	0xca0b,	0x0b,
	0xca0c,	0x11,
	0xca0e,	0x1a,
	0xca0f,	0x1a,
	0xca10,	0x1a,
	0xca17,	0x81,
	0xca1b,	0x3e,
	0xd013,	0x36,
	0xd023,	0x36,
	0xd027,	0x64,
	0xd02b,	0xf0,
	0xd02f,	0x73,
	0xd034,	0x01,
	0xd03b,	0xd3,
	0xd083,	0x08,
	0xd087,	0x53,
	0xd08f,	0x08,
	0xd093,	0x53,
	0xd0a7,	0x04,
	0xd0ab,	0x08,
	0xd0af,	0x03,
	0xd0b3,	0x08,
	0xd0bb,	0x0d,
	0xd0c3,	0x08,
	0xd0ce,	0x00,
	0xd0cf,	0x00,
	0xd143,	0x8c,
	0xd1f9,	0xf1,
	0xd1fb,	0xfd,
	0xd211,	0xf1,
	0xd213,	0xfd,
	0xd241,	0xf1,
	0xd243,	0xfd,
	0xd261,	0xf1,
	0xd263,	0xfd,
	0xd2a1,	0xf1,
	0xd2a3,	0xfd,
	0xd2c1,	0xf1,
	0xd2c3,	0xfd,
	0xd309,	0xff,
	0xd30a,	0x01,
	0xd30b,	0x73,
	0xd30d,	0x00,
	0xd30e,	0x00,
	0xd30f,	0x00,
	0xd514,	0x01,
	0xd515,	0x05,
	0xdbfd,	0xff,
	0xdbff,	0x00,
	0xdc01,	0x00,
	0xddf7,	0x41,
	0xde7b,	0x41,
	0xdeef,	0x41,
	0xdf37,	0x41,
	0xe30c,	0x01,
	0xe30d,	0x0d,
	0xe30e,	0x01,
	0xe30f,	0x69,
	0xe310,	0x00,
	0xe311,	0x00,
	0xe312,	0x00,
	0xe313,	0x00,
	0xe4d7,	0xf1,
	0xe4ed,	0xfd,
	0xe507,	0xf1,
	0xe51d,	0xfd,
	0xe5f9,	0xfb,
	0xe5fa,	0x01,
	0xe5fb,	0x00,
	0xe611,	0xfb,
	0xe612,	0x01,
	0xe613,	0x00,
	0xe629,	0xfb,
	0xe62a,	0x01,
	0xe62b,	0x00,
	0xe649,	0xfb,
	0xe64a,	0x01,
	0xe64b,	0x00,
	0xe665,	0xfb,
	0xe666,	0x01,
	0xe667,	0x00,
	0xe685,	0xfb,
	0xe686,	0x01,
	0xe687,	0x00,
	0xe6a7,	0xf1,
	0xe6bf,	0xf1,
	0xe6d5,	0xfd,
	0xe6ed,	0xfd,
	0xe708,	0x01,
	0xe709,	0x73,
	0xe70b,	0xff,
	0xe70c,	0x00,
	0xe70d,	0x00,
	0xe70f,	0x00,
	0xe720,	0x01,
	0xe721,	0x73,
	0xe723,	0xff,
	0xe724,	0x00,
	0xe725,	0x00,
	0xe727,	0x00,
	0xe738,	0x01,
	0xe739,	0x73,
	0xe73b,	0xff,
	0xe73c,	0x00,
	0xe73d,	0x00,
	0xe73f,	0x00,
	0xe750,	0x01,
	0xe751,	0x73,
	0xe753,	0xff,
	0xe754,	0x00,
	0xe755,	0x00,
	0xe757,	0x00,
	// ois on	offset1: 13ms
	0x3002, 0x80,	//	bit[7] = 1 ; set VSYNC as output
	0x3680, 0x08,	//	assign VSYNC for OIS pin
	0x38f3, 0x02,	//	Enable OIS function
	0x38f4, 0x14,	//	bit[7:0] offset1[7:0]
	0x38f5, 0x05,	//	bit[7:4] for offset2[11:8]; bit[3:0] for offset1[11:8]
	0x38f6, 0x00,	//	bit[7:4] offset2[7:0]
	0x38af, 0x40,	//	Bit[6]: OIS function signal polarity
};

// custom5 mode 9 : ISZ quad fake 14bit
// mode_5
static u16 warholovx9500wide_custom5_setting[] = {
	0x0345,	0x45,
	0x0360,	0x01,
	0x100f,	0x62,
	0x101f,	0x62,
	0x1023,	0x37,
	0x1027,	0x4b,
	0x102b,	0xa2,
	0x102f,	0xd0,
	0x1034,	0x00,
	0x103b,	0xd0,
	0x1040,	0x00,
	0x1047,	0xb4,
	0x107a,	0x88,
	0x107b,	0x08,
	0x107e,	0x8b,
	0x107f,	0x03,
	0x1083,	0x0a,
	0x1087,	0x33,
	0x1093,	0x58,
	0x10a7,	0x02,
	0x10ab,	0x00,
	0x10ae,	0x8d,
	0x10af,	0x02,
	0x10b2,	0x8f,
	0x10b6,	0x92,
	0x10b7,	0x03,
	0x10ba,	0x95,
	0x10bb,	0x04,
	0x10be,	0x97,
	0x10c2,	0x9b,
	0x10c3,	0x10,
	0x10c6,	0x00,
	0x10c7,	0x00,
	0x1141,	0x00,
	0x1143,	0x00,
	0x11f9,	0xb5,
	0x11fb,	0xc1,
	0x1211,	0xb5,
	0x1213,	0xc1,
	0x1241,	0xb5,
	0x1243,	0xc1,
	0x1261,	0xb5,
	0x1263,	0xc1,
	0x12a1,	0xb5,
	0x12a3,	0xc1,
	0x12c1,	0xb5,
	0x12c3,	0xc1,
	0x130d,	0xc3,
	0x130e,	0x00,
	0x130f,	0xef,
	0x1310,	0x00,
	0x1311,	0xff,
	0x1313,	0x2b,
	0x1314,	0x01,
	0x1315,	0x43,
	0x1316,	0x01,
	0x1317,	0x69,
	0x1514,	0x00,
	0x1515,	0xc9,
	0x1bd1,	0x85,
	0x1c01,	0xc3,
	0x1c02,	0x00,
	0x1c03,	0xef,
	0x1c04,	0x00,
	0x1c05,	0xff,
	0x1c06,	0x01,
	0x1c07,	0x2b,
	0x1c08,	0x01,
	0x1c09,	0x3b,
	0x24ef,	0x6b,
	0x2507,	0xb5,
	0x251d,	0xc1,
	0x25f9,	0xbf,
	0x25fa,	0x00,
	0x25fb,	0xc4,
	0x2611,	0xbf,
	0x2612,	0x00,
	0x2613,	0xc4,
	0x2629,	0xbf,
	0x262a,	0x00,
	0x262b,	0xc4,
	0x2649,	0xbf,
	0x264a,	0x00,
	0x264b,	0xc4,
	0x2665,	0xbf,
	0x2666,	0x00,
	0x2667,	0xc4,
	0x2685,	0xbf,
	0x2686,	0x00,
	0x2687,	0xc4,
	0x26a7,	0xb5,
	0x26d5,	0xc1,
	0x26ef,	0x6b,
	0x2705,	0xb3,
	0x2708,	0x00,
	0x2709,	0xef,
	0x270b,	0xc3,
	0x270d,	0x2b,
	0x270e,	0x00,
	0x270f,	0xff,
	0x2710,	0x01,
	0x2711,	0x69,
	0x2712,	0x01,
	0x2713,	0x3b,
	0x271d,	0xb3,
	0x2720,	0x00,
	0x2721,	0xef,
	0x2723,	0xc3,
	0x2725,	0x2b,
	0x2726,	0x00,
	0x2727,	0xff,
	0x2728,	0x01,
	0x2729,	0x69,
	0x272a,	0x01,
	0x272b,	0x3b,
	0x2735,	0xb3,
	0x2738,	0x00,
	0x2739,	0xef,
	0x273b,	0xc3,
	0x273d,	0x2b,
	0x273e,	0x00,
	0x273f,	0xff,
	0x2740,	0x01,
	0x2741,	0x69,
	0x2742,	0x01,
	0x2743,	0x3b,
	0x274d,	0xb3,
	0x2750,	0x00,
	0x2751,	0xef,
	0x2753,	0xc3,
	0x2755,	0x2b,
	0x2756,	0x00,
	0x2757,	0xff,
	0x2758,	0x01,
	0x2759,	0x69,
	0x275a,	0x01,
	0x275b,	0x3b,
	0x3010,	0x01,
	0x3402,	0xaf,
	0x3403,	0x19,
	0x3404,	0x19,
	0x3405,	0x0f,
	0x3406,	0x08,
	0x3408,	0x0f,
	0x3409,	0x08,
	0x340a,	0x03,
	0x341b,	0x30,
	0x344d,	0x02,
	0x344e,	0x02,
	0x3506,	0xf8,
	0x350d,	0x00,
	0x350e,	0xac,
	0x3546,	0xf8,
	0x354d,	0x00,
	0x354e,	0xac,
	0x3586,	0xf8,
	0x3608,	0x00,
	0x3622,	0xa8,
	0x3623,	0x04,
	0x3691,	0x00,
	0x3692,	0x00,
	0x3696,	0x00,
	0x369a,	0x10,
	0x369b,	0x00,
	0x36a5,	0x22,
	0x36a6,	0x80,
	0x36a7,	0x00,
	0x36b0,	0x84,
	0x36b1,	0x00,
	0x36c8,	0x00,
	0x3714,	0x68,
	0x37bc,	0x38,
	0x37c9,	0x00,
	0x3800,	0x08,
	0x3801,	0x00,
	0x3802,	0x06,
	0x3803,	0x00,
	0x3804,	0x18,
	0x3805,	0x1f,
	0x3806,	0x12,
	0x3807,	0x3f,
	0x3808,	0x10,
	0x3809,	0x00,
	0x380a,	0x0c,
	0x380b,	0x00,
	0x380c,	0x04,
	0x380d,	0xb0,
	0x380e,	0x0c,
	0x380f,	0xfa,
	0x3811,	0x10,
	0x3813,	0x22,
	0x3814,	0x11,
	0x3815,	0x11,
	0x3820,	0x44,
	0x3821,	0x00,
	0x3823,	0x04,
	0x3828,	0x08,
	0x3830,	0x08,
	0x3831,	0x10,
	0x3837,	0x10,
	0x383f,	0x00,
	0x384c,	0x04,
	0x384d,	0xb0,
	0x386d,	0x7c,
	0x3889,	0x10,
	0x388b,	0x20,
	0x388c,	0x10,
	0x388d,	0x00,
	0x388e,	0x0c,
	0x388f,	0x00,
	0x3894,	0x10,
	0x3896,	0x00,
	0x38a1,	0x1d,
	0x38a2,	0x98,
	0x38a4,	0x1d,
	0x38a5,	0x98,
	0x38a6,	0x20,
	0x38a9,	0x3b,
	0x38aa,	0x30,
	0x38ab,	0x00,
	0x38ad,	0x1d,
	0x38ae,	0x98,
	0x38b0,	0x01,
	0x38db,	0xe1,
	0x3f00,	0x06,
	0x3f30,	0x00,
	0x3f70,	0x02,
	0x3f72,	0x0a,
	0x3f74,	0x0a,
	0x3f76,	0x16,
	0x3f78,	0x16,
	0x3f7a,	0x16,
	0x3f7c,	0x0e,
	0x3f7e,	0x0e,
	0x3f80,	0x0e,
	0x3f8e,	0x02,
	0x3f90,	0x0a,
	0x3f92,	0x0a,
	0x400e,	0x14,
	0x400f,	0x30,
	0x4010,	0xf4,
	0x4012,	0x50,
	0x4016,	0x3d,
	0x4018,	0x1f,
	0x4506,	0x01,
	0x4509,	0x07,
	0x450c,	0x00,
	0x450d,	0x30,
	0x4546,	0x09,
	0x4547,	0x60,
	0x4549,	0x00,
	0x4580,	0x05,
	0x45c0,	0x05,
	0x45cb,	0xff,
	0x45cc,	0x02,
	0x45cd,	0x00,
	0x45ce,	0x00,
	0x4602,	0x00,
	0x4603,	0x15,
	0x460b,	0x07,
	0x4640,	0x00,
	0x4641,	0x80,
	0x4643,	0x08,
	0x4680,	0x19,
	0x468e,	0x30,
	0x4690,	0x12,
	0x4692,	0x56,
	0x4693,	0x00,
	0x4695,	0x11,
	0x4697,	0x11,
	0x46c0,	0x01,
	0x46c2,	0x04,
	0x46cb,	0xff,
	0x4701,	0x40,
	0x4703,	0x08,
	0x47c0,	0x05,
	0x47c2,	0x02,
	0x47c4,	0x05,
	0x47c6,	0x01,
	0x47c8,	0x05,
	0x47ca,	0x02,
	0x47cc,	0x05,
	0x47ce,	0x01,
	0x4808,	0x54,
	0x4813,	0x10,
	0x4836,	0x32,
	0x490e,	0x00,
	0x490f,	0x30,
	0x4910,	0x00,
	0x4912,	0x00,
	0x4a0e,	0x00,
	0x4a0f,	0x30,
	0x4a10,	0x00,
	0x4a12,	0x00,
	0x4b00,	0x00,
	0x4b10,	0x02,
	0x4b11,	0x06,
	0x4b12,	0x02,
	0x4b13,	0x06,
	0x4b14,	0x02,
	0x4b15,	0x06,
	0x4b16,	0x0a,
	0x4b17,	0x0e,
	0x4b20,	0x02,
	0x4b21,	0x06,
	0x4b22,	0x02,
	0x4b23,	0x06,
	0x4b24,	0x02,
	0x4b25,	0x06,
	0x4b26,	0x0a,
	0x4b27,	0x0e,
	0x4b30,	0x02,
	0x4b31,	0x06,
	0x4b32,	0x02,
	0x4b33,	0x06,
	0x4b34,	0x02,
	0x4b35,	0x06,
	0x4b36,	0x0a,
	0x4b37,	0x0e,
	0x4b3d,	0x00,
	0x4b3f,	0x00,
	0x4b41,	0x08,
	0x4b42,	0x00,
	0x4b43,	0x08,
	0x4b45,	0x08,
	0x4b46,	0x00,
	0x4b47,	0x08,
	0x4b48,	0x02,
	0x4b49,	0x00,
	0x4b4a,	0x01,
	0x4b4b,	0x00,
	0x4b51,	0x06,
	0x4b52,	0x02,
	0x4b53,	0x06,
	0x4b54,	0x02,
	0x4b55,	0x06,
	0x4b56,	0x0a,
	0x4b57,	0x0e,
	0x4b5a,	0x08,
	0x4b61,	0x06,
	0x4b62,	0x02,
	0x4b63,	0x06,
	0x4b64,	0x02,
	0x4b65,	0x06,
	0x4b66,	0x0a,
	0x4b67,	0x0e,
	0x4b6a,	0x08,
	0x4b71,	0x06,
	0x4b72,	0x02,
	0x4b73,	0x06,
	0x4b74,	0x02,
	0x4b75,	0x06,
	0x4b76,	0x0a,
	0x4b77,	0x0e,
	0x4b7a,	0x08,
	0x4b7d,	0x00,
	0x4b7f,	0x00,
	0x4b82,	0x00,
	0x4b83,	0x08,
	0x4b85,	0x08,
	0x4b86,	0x00,
	0x4b87,	0x08,
	0x4b88,	0x02,
	0x4b89,	0x00,
	0x4b8a,	0x01,
	0x4b8b,	0x00,
	0x4b91,	0x06,
	0x4b92,	0x02,
	0x4b93,	0x06,
	0x4b94,	0x02,
	0x4b95,	0x06,
	0x4b96,	0x0a,
	0x4b97,	0x0e,
	0x4b9a,	0x08,
	0x4ba1,	0x06,
	0x4ba2,	0x02,
	0x4ba3,	0x06,
	0x4ba4,	0x02,
	0x4ba5,	0x06,
	0x4ba6,	0x0a,
	0x4ba7,	0x0e,
	0x4baa,	0x08,
	0x4bb1,	0x06,
	0x4bb2,	0x02,
	0x4bb3,	0x06,
	0x4bb4,	0x02,
	0x4bb5,	0x06,
	0x4bb6,	0x0a,
	0x4bb7,	0x0e,
	0x4bba,	0x08,
	0x4bbd,	0x00,
	0x4bbf,	0x00,
	0x4bc2,	0x00,
	0x4bc3,	0x08,
	0x4bc5,	0x08,
	0x4bc6,	0x00,
	0x4bc7,	0x08,
	0x4bc8,	0x02,
	0x4bc9,	0x00,
	0x4bca,	0x01,
	0x4bcb,	0x00,
	0x5000,	0x5f,
	0x5001,	0x00,
	0x5002,	0x40,
	0x5003,	0xc0,
	0x5016,	0x11,
	0x5017,	0x00,
	0x50b3,	0x00,
	0x51a7,	0xc0,
	0x54a7,	0xc0,
	0x57a7,	0xc0,
	0x5a60,	0x7b,
	0x5b95,	0x45,
	0x5b97,	0x0c,
	0x5b98,	0x08,
	0x5b99,	0x00,
	0x5bc0,	0x1f,
	0x5e00,	0x7b,
	0x5f35,	0x45,
	0x5f37,	0x0c,
	0x5f38,	0x08,
	0x5f39,	0x00,
	0x5f60,	0x1f,
	0x6200,	0x21,
	0x6201,	0x20,
	0x6365,	0x00,
	0x6382,	0x04,
	0x6392,	0x04,
	0x64a0,	0x01,
	0x64a1,	0x00,
	0x64a2,	0x40,
	0xc400,	0x10,
	0xc405,	0x0a,
	0xc406,	0x0a,
	0xc407,	0x0a,
	0xc408,	0x0a,
	0xc409,	0x0a,
	0xc40a,	0x0a,
	0xc40b,	0x0a,
	0xc40c,	0x0a,
	0xc40d,	0x0a,
	0xc40e,	0x0a,
	0xc40f,	0x0a,
	0xc410,	0x0a,
	0xc411,	0x0a,
	0xc412,	0x0a,
	0xc413,	0x0a,
	0xc414,	0x0a,
	0xc41c,	0xc8,
	0xc41e,	0xc8,
	0xc420,	0xc8,
	0xc422,	0xc8,
	0xc424,	0xc8,
	0xc426,	0xc8,
	0xc428,	0xc8,
	0xc42a,	0xc8,
	0xc42c,	0xc8,
	0xc42e,	0xc8,
	0xc430,	0xc8,
	0xc432,	0xc8,
	0xc434,	0xc8,
	0xc435,	0x0a,
	0xc436,	0x0a,
	0xc437,	0x0a,
	0xc438,	0x0a,
	0xc439,	0x0a,
	0xc43a,	0x0a,
	0xc43b,	0x0a,
	0xc43c,	0x0a,
	0xc43d,	0x0a,
	0xc43e,	0x0a,
	0xc43f,	0x0a,
	0xc440,	0x0a,
	0xc441,	0x0a,
	0xc442,	0x0a,
	0xc443,	0x0a,
	0xc444,	0x0a,
	0xc464,	0x30,
	0xc465,	0x30,
	0xc466,	0x30,
	0xc804,	0x1e,
	0xc805,	0x1e,
	0xc806,	0x1d,
	0xc807,	0x1d,
	0xc808,	0x16,
	0xc809,	0x10,
	0xc80c,	0x3f,
	0xc81d,	0x03,
	0xc81e,	0x03,
	0xc820,	0x03,
	0xc829,	0x01,
	0xc82a,	0x10,
	0xc82b,	0x15,
	0xc82c,	0x1b,
	0xc82d,	0x1c,
	0xc85a,	0x2d,
	0xc85b,	0x2d,
	0xc85c,	0x1d,
	0xc85d,	0x2d,
	0xc85e,	0x2d,
	0xc85f,	0x1d,
	0xc860,	0x24,
	0xc861,	0x25,
	0xc862,	0x1d,
	0xc863,	0x24,
	0xc864,	0x25,
	0xc865,	0x1d,
	0xc873,	0x10,
	0xc874,	0x10,
	0xc875,	0x10,
	0xc898,	0x1b,
	0xc899,	0x1b,
	0xc89a,	0x2b,
	0xc89b,	0x1a,
	0xc89c,	0x1b,
	0xc89d,	0xfe,
	0xc8a5,	0x15,
	0xc8a6,	0x0f,
	0xc8a7,	0x09,
	0xc8a8,	0x08,
	0xc8aa,	0x07,
	0xc8b1,	0x06,
	0xc8b2,	0x10,
	0xc8b3,	0x24,
	0xc8b4,	0x40,
	0xc8b5,	0x3e,
	0xc8b6,	0x40,
	0xc8b7,	0x0c,
	0xc8b8,	0x0c,
	0xc8b9,	0x16,
	0xc8ba,	0x2a,
	0xc8bb,	0x28,
	0xc8bc,	0x24,
	0xc8bd,	0x00,
	0xc8be,	0x00,
	0xc8bf,	0x00,
	0xc8c3,	0x00,
	0xc8c4,	0x00,
	0xc8c5,	0x00,
	0xc8ca,	0x02,
	0xc8cb,	0x01,
	0xc8cc,	0x0d,
	0xc8cd,	0x02,
	0xc8ce,	0x03,
	0xc8cf,	0x02,
	0xc8d0,	0x03,
	0xc8d1,	0x00,
	0xc8d2,	0x02,
	0xc8d3,	0x00,
	0xc8d4,	0x00,
	0xc8d5,	0x00,
	0xc8d6,	0x00,
	0xc8d7,	0x68,
	0xc8d8,	0x68,
	0xc8d9,	0x68,
	0xc8da,	0x03,
	0xc8db,	0x66,
	0xc8dc,	0x66,
	0xc8dd,	0x66,
	0xc8de,	0x66,
	0xc8df,	0x66,
	0xc8e0,	0x66,
	0xc8e1,	0x67,
	0xc8e2,	0x67,
	0xc8e3,	0x67,
	0xc8e4,	0x67,
	0xc8e5,	0x0f,
	0xc8e6,	0x0f,
	0xc8e7,	0x0f,
	0xc8e9,	0x0f,
	0xc8ea,	0x0f,
	0xc8eb,	0x0f,
	0xc8ec,	0x0f,
	0xc8ed,	0x0f,
	0xc8ee,	0x0f,
	0xc8f3,	0x13,
	0xc8f4,	0x16,
	0xc8f5,	0x16,
	0xc8f6,	0x10,
	0xc8f7,	0x1a,
	0xc8f8,	0x15,
	0xc8f9,	0x10,
	0xc8fa,	0x10,
	0xc8fb,	0x10,
	0xc8fc,	0x14,
	0xc8fd,	0x14,
	0xc8fe,	0x1e,
	0xc8ff,	0x1e,
	0xc900,	0x16,
	0xc903,	0x0b,
	0xc904,	0x11,
	0xc906,	0x1a,
	0xc907,	0x1a,
	0xc908,	0x1a,
	0xc924,	0x03,
	0xc925,	0x03,
	0xc930,	0x05,
	0xc931,	0x13,
	0xc933,	0x1d,
	0xc95c,	0x2d,
	0xc95d,	0x25,
	0xc95e,	0x1b,
	0xc95f,	0x2d,
	0xc960,	0x25,
	0xc961,	0x1b,
	0xc962,	0x2d,
	0xc963,	0x1b,
	0xc964,	0x1b,
	0xc965,	0x2d,
	0xc966,	0x1b,
	0xc967,	0x1b,
	0xc975,	0x10,
	0xc976,	0x10,
	0xc977,	0x10,
	0xc999,	0x38,
	0xc99a,	0x00,
	0xc99c,	0x13,
	0xc99d,	0x21,
	0xc99f,	0xaa,
	0xc9a7,	0x00,
	0xc9a8,	0x20,
	0xc9a9,	0x00,
	0xc9aa,	0x00,
	0xc9b3,	0x06,
	0xc9b4,	0x06,
	0xc9b5,	0x0a,
	0xc9b9,	0x0a,
	0xc9ba,	0x0a,
	0xc9bb,	0x0a,
	0xc9bf,	0x00,
	0xc9c0,	0x04,
	0xc9c1,	0x07,
	0xc9c2,	0x07,
	0xc9c5,	0x00,
	0xc9c7,	0x14,
	0xc9c8,	0x26,
	0xc9cc,	0x00,
	0xc9cd,	0x00,
	0xc9ce,	0x08,
	0xc9cf,	0x01,
	0xc9d0,	0x02,
	0xc9d1,	0x01,
	0xc9d2,	0x02,
	0xc9d3,	0x01,
	0xc9d4,	0x02,
	0xc9d9,	0x9c,
	0xc9da,	0x9c,
	0xc9db,	0x9c,
	0xc9dc,	0x59,
	0xc9dd,	0x9c,
	0xc9de,	0x9c,
	0xc9df,	0x9c,
	0xc9e0,	0x9c,
	0xc9e1,	0x9c,
	0xc9e2,	0x9c,
	0xc9e3,	0x9c,
	0xc9e4,	0x9c,
	0xc9e5,	0x9c,
	0xc9e6,	0x9c,
	0xc9ea,	0x0f,
	0xc9eb,	0x0f,
	0xc9ec,	0x0f,
	0xc9f5,	0x12,
	0xc9f6,	0x12,
	0xc9f7,	0x08,
	0xc9f8,	0x12,
	0xc9f9,	0x0a,
	0xc9fa,	0x08,
	0xc9fb,	0x08,
	0xc9fc,	0x10,
	0xc9fd,	0x16,
	0xc9fe,	0x1f,
	0xca0b,	0x0b,
	0xca0c,	0x11,
	0xca0e,	0x1a,
	0xca0f,	0x1a,
	0xca10,	0x1a,
	0xca17,	0x21,
	0xca1b,	0x3f,
	0xd013,	0x36,
	0xd023,	0x36,
	0xd027,	0x64,
	0xd02b,	0xf0,
	0xd02f,	0x73,
	0xd034,	0x01,
	0xd03b,	0xd3,
	0xd083,	0x08,
	0xd087,	0x53,
	0xd08f,	0x08,
	0xd093,	0x53,
	0xd0a7,	0x04,
	0xd0ab,	0x08,
	0xd0af,	0x03,
	0xd0b3,	0x08,
	0xd0bb,	0x0d,
	0xd0c3,	0x08,
	0xd0ce,	0x00,
	0xd0cf,	0x00,
	0xd143,	0x8c,
	0xd1f9,	0xf1,
	0xd1fb,	0xfd,
	0xd211,	0xf1,
	0xd213,	0xfd,
	0xd241,	0xf1,
	0xd243,	0xfd,
	0xd261,	0xf1,
	0xd263,	0xfd,
	0xd2a1,	0xf1,
	0xd2a3,	0xfd,
	0xd2c1,	0xf1,
	0xd2c3,	0xfd,
	0xd309,	0xff,
	0xd30a,	0x01,
	0xd30b,	0x73,
	0xd30d,	0x00,
	0xd30e,	0x00,
	0xd30f,	0x00,
	0xd514,	0x01,
	0xd515,	0x05,
	0xdbfd,	0xff,
	0xdbff,	0x00,
	0xdc01,	0x00,
	0xddf7,	0x41,
	0xde7b,	0x41,
	0xdeef,	0x41,
	0xdf37,	0x41,
	0xe30c,	0x01,
	0xe30d,	0x0d,
	0xe30e,	0x01,
	0xe30f,	0x69,
	0xe310,	0x00,
	0xe311,	0x00,
	0xe312,	0x00,
	0xe313,	0x00,
	0xe4d7,	0xf1,
	0xe4ed,	0xfd,
	0xe507,	0xf1,
	0xe51d,	0xfd,
	0xe5f9,	0xfb,
	0xe5fa,	0x01,
	0xe5fb,	0x00,
	0xe611,	0xfb,
	0xe612,	0x01,
	0xe613,	0x00,
	0xe629,	0xfb,
	0xe62a,	0x01,
	0xe62b,	0x00,
	0xe649,	0xfb,
	0xe64a,	0x01,
	0xe64b,	0x00,
	0xe665,	0xfb,
	0xe666,	0x01,
	0xe667,	0x00,
	0xe685,	0xfb,
	0xe686,	0x01,
	0xe687,	0x00,
	0xe6a7,	0xf1,
	0xe6bf,	0xf1,
	0xe6d5,	0xfd,
	0xe6ed,	0xfd,
	0xe708,	0x01,
	0xe709,	0x73,
	0xe70b,	0xff,
	0xe70c,	0x00,
	0xe70d,	0x00,
	0xe70f,	0x00,
	0xe720,	0x01,
	0xe721,	0x73,
	0xe723,	0xff,
	0xe724,	0x00,
	0xe725,	0x00,
	0xe727,	0x00,
	0xe738,	0x01,
	0xe739,	0x73,
	0xe73b,	0xff,
	0xe73c,	0x00,
	0xe73d,	0x00,
	0xe73f,	0x00,
	0xe750,	0x01,
	0xe751,	0x73,
	0xe753,	0xff,
	0xe754,	0x00,
	0xe755,	0x00,
	0xe757,	0x00,
	// ois off
	0x3002, 0x00,	//	bit[7] = 1 ; set VSYNC as output
	0x3680, 0x00,	//	assign VSYNC for OIS pin
	0x38f3, 0x00,	//	Enable OIS function
	0x38f4, 0x08,	//	bit[7:0] offset1[7:0]
	0x38f5, 0x00,	//	bit[7:4] for offset2[11:8]; bit[3:0] for offset1[11:8]
	0x38f6, 0x08,	//	bit[7:4] offset2[7:0]
	0x38af, 0x40,	//	Bit[6]: OIS function signal polarity
};


//custom6 mode 10 : stagger 2
//mode_23
static u16 warholovx9500wide_custom6_setting[] = {
	0x0345,	0x40,
	0x0360,	0x01,
	0x100f,	0x62,
	0x101f,	0x62,
	0x1023,	0x37,
	0x1027,	0x4b,
	0x102b,	0xa2,
	0x102f,	0xd0,
	0x1034,	0x00,
	0x103b,	0xd0,
	0x1040,	0x00,
	0x1047,	0xb4,
	0x107a,	0x88,
	0x107b,	0x08,
	0x107e,	0x8b,
	0x107f,	0x03,
	0x1083,	0x0a,
	0x1087,	0x33,
	0x1093,	0x58,
	0x10a7,	0x02,
	0x10ab,	0x00,
	0x10ae,	0x8d,
	0x10af,	0x02,
	0x10b2,	0x8f,
	0x10b6,	0x92,
	0x10b7,	0x03,
	0x10ba,	0x95,
	0x10bb,	0x04,
	0x10be,	0x97,
	0x10c2,	0x9b,
	0x10c3,	0x10,
	0x10c6,	0x00,
	0x10c7,	0x00,
	0x1141,	0x00,
	0x1143,	0x00,
	0x11f9,	0xb5,
	0x11fb,	0xc1,
	0x1211,	0xb5,
	0x1213,	0xc1,
	0x1241,	0xb5,
	0x1243,	0xc1,
	0x1261,	0xb5,
	0x1263,	0xc1,
	0x12a1,	0xb5,
	0x12a3,	0xc1,
	0x12c1,	0xb5,
	0x12c3,	0xc1,
	0x130d,	0xc3,
	0x130e,	0x00,
	0x130f,	0xef,
	0x1310,	0x00,
	0x1311,	0xff,
	0x1313,	0x2b,
	0x1314,	0x01,
	0x1315,	0x43,
	0x1316,	0x01,
	0x1317,	0x69,
	0x1514,	0x00,
	0x1515,	0xc9,
	0x1bd1,	0x85,
	0x1c01,	0xc3,
	0x1c02,	0x00,
	0x1c03,	0xef,
	0x1c04,	0x00,
	0x1c05,	0xff,
	0x1c06,	0x01,
	0x1c07,	0x2b,
	0x1c08,	0x01,
	0x1c09,	0x3b,
	0x24ef,	0x6b,
	0x2507,	0xb5,
	0x251d,	0xc1,
	0x25f9,	0xbf,
	0x25fa,	0x00,
	0x25fb,	0xc4,
	0x2611,	0xbf,
	0x2612,	0x00,
	0x2613,	0xc4,
	0x2629,	0xbf,
	0x262a,	0x00,
	0x262b,	0xc4,
	0x2649,	0xbf,
	0x264a,	0x00,
	0x264b,	0xc4,
	0x2665,	0xbf,
	0x2666,	0x00,
	0x2667,	0xc4,
	0x2685,	0xbf,
	0x2686,	0x00,
	0x2687,	0xc4,
	0x26a7,	0xb5,
	0x26d5,	0xc1,
	0x26ef,	0x6b,
	0x2705,	0xb3,
	0x2708,	0x00,
	0x2709,	0xef,
	0x270b,	0xc3,
	0x270d,	0x2b,
	0x270e,	0x00,
	0x270f,	0xff,
	0x2710,	0x01,
	0x2711,	0x69,
	0x2712,	0x01,
	0x2713,	0x3b,
	0x271d,	0xb3,
	0x2720,	0x00,
	0x2721,	0xef,
	0x2723,	0xc3,
	0x2725,	0x2b,
	0x2726,	0x00,
	0x2727,	0xff,
	0x2728,	0x01,
	0x2729,	0x69,
	0x272a,	0x01,
	0x272b,	0x3b,
	0x2735,	0xb3,
	0x2738,	0x00,
	0x2739,	0xef,
	0x273b,	0xc3,
	0x273d,	0x2b,
	0x273e,	0x00,
	0x273f,	0xff,
	0x2740,	0x01,
	0x2741,	0x69,
	0x2742,	0x01,
	0x2743,	0x3b,
	0x274d,	0xb3,
	0x2750,	0x00,
	0x2751,	0xef,
	0x2753,	0xc3,
	0x2755,	0x2b,
	0x2756,	0x00,
	0x2757,	0xff,
	0x2758,	0x01,
	0x2759,	0x69,
	0x275a,	0x01,
	0x275b,	0x3b,
	0x3010,	0x01,
	0x3402,	0xaf,
	0x3403,	0x19,
	0x3404,	0x19,
	0x3405,	0x0f,
	0x3406,	0x08,
	0x3408,	0x0f,
	0x3409,	0x08,
	0x340a,	0x03,
	0x341b,	0x30,
	0x344d,	0x02,
	0x344e,	0x02,
	0x3506,	0xf8,
	0x350d,	0x00,
	0x350e,	0xb1,
	0x3546,	0xf8,
	0x354d,	0x00,
	0x354e,	0xb1,
	0x3586,	0xf8,
	0x3608,	0x01,
	0x3622,	0x88,
	0x3623,	0x08,
	0x3691,	0x00,
	0x3692,	0x00,
	0x3696,	0x00,
	0x369a,	0x10,
	0x369b,	0x00,
	0x36a5,	0x0a,
	0x36a6,	0x40,
	0x36a7,	0x00,
	0x36b0,	0x04,
	0x36b1,	0x00,
	0x36c8,	0x01,
	0x3714,	0x62,
	0x37bc,	0x08,
	0x37c9,	0x00,
	0x3800,	0x00,
	0x3801,	0x00,
	0x3802,	0x00,
	0x3803,	0x00,
	0x3804,	0x20,
	0x3805,	0x1f,
	0x3806,	0x18,
	0x3807,	0x3f,
	0x3808,	0x10,
	0x3809,	0x00,
	0x380a,	0x0c,
	0x380b,	0x00,
	0x380c,	0x04,
	0x380d,	0xb0,
	0x380e,	0x06,
	0x380f,	0x82,
	0x3811,	0x08,
	0x3813,	0x11,
	0x3814,	0x11,
	0x3815,	0x11,
	0x3820,	0x46,
	0x3821,	0x10,
	0x3823,	0x84,
	0x3828,	0x02,
	0x3830,	0x02,
	0x3831,	0x12,
	0x3837,	0x04,
	0x383f,	0x00,
	0x384c,	0x04,
	0x384d,	0xb0,
	0x386d,	0x7c,
	0x3889,	0x08,
	0x388b,	0x10,
	0x388c,	0x10,
	0x388d,	0x00,
	0x388e,	0x0c,
	0x388f,	0x00,
	0x3894,	0x10,
	0x3896,	0x30,
	0x38a1,	0x1d,
	0x38a2,	0x98,
	0x38a4,	0x1d,
	0x38a5,	0x98,
	0x38a6,	0x20,
	0x38a9,	0x3b,
	0x38aa,	0x30,
	0x38ab,	0x00,
	0x38ad,	0x1d,
	0x38ae,	0x98,
	0x38b0,	0x01,
	0x38db,	0xe1,
	0x3f00,	0x06,
	0x3f30,	0x04,
	0x3f70,	0x06,
	0x3f72,	0x14,
	0x3f74,	0x14,
	0x3f76,	0x08,
	0x3f78,	0x08,
	0x3f7a,	0x08,
	0x3f7c,	0x0e,
	0x3f7e,	0x0e,
	0x3f80,	0x0e,
	0x3f8e,	0x08,
	0x3f90,	0x08,
	0x3f92,	0x08,
	0x400e,	0x1c,
	0x400f,	0x60,
	0x4010,	0xf4,
	0x4012,	0x70,
	0x4016,	0x1d,
	0x4018,	0x0f,
	0x4506,	0x00,
	0x4509,	0x07,
	0x450c,	0x80,
	0x450d,	0x60,
	0x4546,	0x04,
	0x4547,	0xb0,
	0x4549,	0x00,
	0x4580,	0x01,
	0x45c0,	0x41,
	0x45cb,	0xf0,
	0x45cc,	0x02,
	0x45cd,	0x00,
	0x45ce,	0x00,
	0x4602,	0x08,
	0x4603,	0x05,
	0x460b,	0x06,
	0x4640,	0x01,
	0x4641,	0x00,
	0x4643,	0x0c,
	0x4680,	0x09,
	0x468e,	0x30,
	0x4690,	0x22,
	0x4692,	0x56,
	0x4693,	0x00,
	0x4695,	0x33,
	0x4697,	0x11,
	0x46c0,	0x01,
	0x46c2,	0x04,
	0x46cb,	0xff,
	0x4701,	0x40,
	0x4703,	0x08,
	0x47c0,	0x44,
	0x47c2,	0x00,
	0x47c4,	0x00,
	0x47c6,	0x00,
	0x47c8,	0x75,
	0x47ca,	0x00,
	0x47cc,	0x00,
	0x47ce,	0x00,
	0x4808,	0x54,
	0x4813,	0x10,
	0x4836,	0x32,
	0x490e,	0x08,
	0x490f,	0x60,
	0x4910,	0xc0,
	0x4912,	0x40,
	0x4a0e,	0x08,
	0x4a0f,	0x60,
	0x4a10,	0xc0,
	0x4a12,	0x40,
	0x4b00,	0x00,
	0x4b10,	0x02,
	0x4b11,	0x06,
	0x4b12,	0x02,
	0x4b13,	0x06,
	0x4b14,	0x02,
	0x4b15,	0x06,
	0x4b16,	0x0a,
	0x4b17,	0x0e,
	0x4b20,	0x02,
	0x4b21,	0x06,
	0x4b22,	0x02,
	0x4b23,	0x06,
	0x4b24,	0x02,
	0x4b25,	0x06,
	0x4b26,	0x0a,
	0x4b27,	0x0e,
	0x4b30,	0x02,
	0x4b31,	0x06,
	0x4b32,	0x02,
	0x4b33,	0x06,
	0x4b34,	0x02,
	0x4b35,	0x06,
	0x4b36,	0x0a,
	0x4b37,	0x0e,
	0x4b3d,	0x00,
	0x4b3f,	0x00,
	0x4b41,	0x08,
	0x4b42,	0x00,
	0x4b43,	0x08,
	0x4b45,	0x08,
	0x4b46,	0x00,
	0x4b47,	0x08,
	0x4b48,	0x02,
	0x4b49,	0x00,
	0x4b4a,	0x01,
	0x4b4b,	0x00,
	0x4b51,	0x06,
	0x4b52,	0x02,
	0x4b53,	0x06,
	0x4b54,	0x02,
	0x4b55,	0x06,
	0x4b56,	0x0a,
	0x4b57,	0x0e,
	0x4b5a,	0x08,
	0x4b61,	0x06,
	0x4b62,	0x02,
	0x4b63,	0x06,
	0x4b64,	0x02,
	0x4b65,	0x06,
	0x4b66,	0x0a,
	0x4b67,	0x0e,
	0x4b6a,	0x08,
	0x4b71,	0x06,
	0x4b72,	0x02,
	0x4b73,	0x06,
	0x4b74,	0x02,
	0x4b75,	0x06,
	0x4b76,	0x0a,
	0x4b77,	0x0e,
	0x4b7a,	0x08,
	0x4b7d,	0x00,
	0x4b7f,	0x00,
	0x4b82,	0x00,
	0x4b83,	0x08,
	0x4b85,	0x08,
	0x4b86,	0x00,
	0x4b87,	0x08,
	0x4b88,	0x02,
	0x4b89,	0x00,
	0x4b8a,	0x01,
	0x4b8b,	0x00,
	0x4b91,	0x06,
	0x4b92,	0x02,
	0x4b93,	0x06,
	0x4b94,	0x02,
	0x4b95,	0x06,
	0x4b96,	0x0a,
	0x4b97,	0x0e,
	0x4b9a,	0x08,
	0x4ba1,	0x06,
	0x4ba2,	0x02,
	0x4ba3,	0x06,
	0x4ba4,	0x02,
	0x4ba5,	0x06,
	0x4ba6,	0x0a,
	0x4ba7,	0x0e,
	0x4baa,	0x08,
	0x4bb1,	0x06,
	0x4bb2,	0x02,
	0x4bb3,	0x06,
	0x4bb4,	0x02,
	0x4bb5,	0x06,
	0x4bb6,	0x0a,
	0x4bb7,	0x0e,
	0x4bba,	0x08,
	0x4bbd,	0x00,
	0x4bbf,	0x00,
	0x4bc2,	0x00,
	0x4bc3,	0x08,
	0x4bc5,	0x08,
	0x4bc6,	0x00,
	0x4bc7,	0x08,
	0x4bc8,	0x02,
	0x4bc9,	0x00,
	0x4bca,	0x01,
	0x4bcb,	0x00,
	0x5000,	0x0f,
	0x5001,	0x00,
	0x5002,	0x40,
	0x5003,	0xc0,
	0x5016,	0x11,
	0x5017,	0x01,
	0x50b3,	0x00,
	0x51a7,	0xc0,
	0x54a7,	0xc0,
	0x57a7,	0xc0,
	0x5a60,	0x7b,
	0x5b95,	0x45,
	0x5b97,	0x0c,
	0x5b98,	0x08,
	0x5b99,	0x00,
	0x5bc0,	0x1f,
	0x5e00,	0x7b,
	0x5f35,	0x45,
	0x5f37,	0x0c,
	0x5f38,	0x08,
	0x5f39,	0x00,
	0x5f60,	0x1f,
	0x6200,	0x60,
	0x6201,	0x00,
	0x6365,	0x00,
	0x6382,	0x03,
	0x6392,	0x03,
	0x64a0,	0x01,
	0x64a1,	0x00,
	0x64a2,	0x40,
	0xc400,	0x19,
	0xc405,	0x12,
	0xc406,	0x12,
	0xc407,	0x00,
	0xc408,	0x00,
	0xc409,	0x00,
	0xc40a,	0x00,
	0xc40b,	0x00,
	0xc40c,	0x00,
	0xc40d,	0x00,
	0xc40e,	0x00,
	0xc40f,	0x00,
	0xc410,	0x00,
	0xc411,	0x00,
	0xc412,	0x00,
	0xc413,	0x00,
	0xc414,	0x00,
	0xc41c,	0x00,
	0xc41e,	0x00,
	0xc420,	0x00,
	0xc422,	0x00,
	0xc424,	0x00,
	0xc426,	0x00,
	0xc428,	0x00,
	0xc42a,	0x00,
	0xc42c,	0x00,
	0xc42e,	0x00,
	0xc430,	0x00,
	0xc432,	0x00,
	0xc434,	0x00,
	0xc435,	0x12,
	0xc436,	0x12,
	0xc437,	0x00,
	0xc438,	0x00,
	0xc439,	0x00,
	0xc43a,	0x00,
	0xc43b,	0x00,
	0xc43c,	0x00,
	0xc43d,	0x00,
	0xc43e,	0x00,
	0xc43f,	0x00,
	0xc440,	0x00,
	0xc441,	0x00,
	0xc442,	0x00,
	0xc443,	0x00,
	0xc444,	0x00,
	0xc464,	0x60,
	0xc465,	0x60,
	0xc466,	0x60,
	0xc804,	0x1d,
	0xc805,	0x1d,
	0xc806,	0x1c,
	0xc807,	0x1c,
	0xc808,	0x16,
	0xc809,	0x10,
	0xc80c,	0x0f,
	0xc81d,	0x1b,
	0xc81e,	0x15,
	0xc820,	0x1c,
	0xc829,	0x01,
	0xc82a,	0x10,
	0xc82b,	0x15,
	0xc82c,	0x1b,
	0xc82d,	0x1c,
	0xc85a,	0x3f,
	0xc85b,	0x3f,
	0xc85c,	0x3f,
	0xc85d,	0x3f,
	0xc85e,	0x3f,
	0xc85f,	0x3f,
	0xc860,	0x2d,
	0xc861,	0x2d,
	0xc862,	0x3f,
	0xc863,	0x2d,
	0xc864,	0x2d,
	0xc865,	0x3f,
	0xc873,	0x10,
	0xc874,	0x10,
	0xc875,	0x10,
	0xc898,	0x0b,
	0xc899,	0x00,
	0xc89a,	0x00,
	0xc89b,	0x00,
	0xc89c,	0x00,
	0xc89d,	0xea,
	0xc8a5,	0x1f,
	0xc8a6,	0x12,
	0xc8a7,	0x0b,
	0xc8a8,	0x0f,
	0xc8aa,	0x00,
	0xc8b1,	0x06,
	0xc8b2,	0x0a,
	0xc8b3,	0x18,
	0xc8b4,	0x37,
	0xc8b5,	0x00,
	0xc8b6,	0x00,
	0xc8b7,	0x0b,
	0xc8b8,	0x0b,
	0xc8b9,	0x16,
	0xc8ba,	0x2c,
	0xc8bb,	0x00,
	0xc8bc,	0x00,
	0xc8bd,	0x02,
	0xc8be,	0x02,
	0xc8bf,	0x04,
	0xc8c3,	0x0a,
	0xc8c4,	0x0a,
	0xc8c5,	0x0a,
	0xc8ca,	0x00,
	0xc8cb,	0x03,
	0xc8cc,	0x12,
	0xc8cd,	0x04,
	0xc8ce,	0x03,
	0xc8cf,	0x03,
	0xc8d0,	0x03,
	0xc8d1,	0x01,
	0xc8d2,	0x02,
	0xc8d3,	0x01,
	0xc8d4,	0x01,
	0xc8d5,	0x02,
	0xc8d6,	0x02,
	0xc8d7,	0x68,
	0xc8d8,	0x67,
	0xc8d9,	0x67,
	0xc8da,	0x03,
	0xc8db,	0x66,
	0xc8dc,	0x66,
	0xc8dd,	0x66,
	0xc8de,	0x66,
	0xc8df,	0x66,
	0xc8e0,	0x66,
	0xc8e1,	0x66,
	0xc8e2,	0x66,
	0xc8e3,	0x66,
	0xc8e4,	0x66,
	0xc8e5,	0x00,
	0xc8e6,	0x00,
	0xc8e7,	0x00,
	0xc8e9,	0x1a,
	0xc8ea,	0x00,
	0xc8eb,	0x0a,
	0xc8ec,	0x08,
	0xc8ed,	0x0c,
	0xc8ee,	0x0a,
	0xc8f3,	0x1e,
	0xc8f4,	0x1e,
	0xc8f5,	0x16,
	0xc8f6,	0x08,
	0xc8f7,	0x10,
	0xc8f8,	0x18,
	0xc8f9,	0x05,
	0xc8fa,	0x05,
	0xc8fb,	0x0a,
	0xc8fc,	0x0a,
	0xc8fd,	0x00,
	0xc8fe,	0x00,
	0xc8ff,	0x00,
	0xc900,	0x00,
	0xc903,	0x0b,
	0xc904,	0x11,
	0xc906,	0x1a,
	0xc907,	0x1a,
	0xc908,	0x1a,
	0xc924,	0x06,
	0xc925,	0x1d,
	0xc930,	0x05,
	0xc931,	0x13,
	0xc933,	0x1d,
	0xc95c,	0x34,
	0xc95d,	0x3f,
	0xc95e,	0x3f,
	0xc95f,	0x34,
	0xc960,	0x3f,
	0xc961,	0x3f,
	0xc962,	0x22,
	0xc963,	0x3f,
	0xc964,	0x3f,
	0xc965,	0x22,
	0xc966,	0x3f,
	0xc967,	0x3f,
	0xc975,	0x10,
	0xc976,	0x10,
	0xc977,	0x10,
	0xc999,	0x3f,
	0xc99a,	0x00,
	0xc99c,	0x00,
	0xc99d,	0x00,
	0xc99f,	0xd7,
	0xc9a7,	0x2e,
	0xc9a8,	0x2b,
	0xc9a9,	0x00,
	0xc9aa,	0x00,
	0xc9b3,	0x06,
	0xc9b4,	0x04,
	0xc9b5,	0x08,
	0xc9b9,	0x0b,
	0xc9ba,	0x0a,
	0xc9bb,	0x0b,
	0xc9bf,	0x02,
	0xc9c0,	0x02,
	0xc9c1,	0x0e,
	0xc9c2,	0x24,
	0xc9c5,	0x0a,
	0xc9c7,	0x14,
	0xc9c8,	0x27,
	0xc9cc,	0x01,
	0xc9cd,	0x01,
	0xc9ce,	0x00,
	0xc9cf,	0x01,
	0xc9d0,	0x02,
	0xc9d1,	0x00,
	0xc9d2,	0x00,
	0xc9d3,	0x00,
	0xc9d4,	0x00,
	0xc9d9,	0x9c,
	0xc9da,	0x9b,
	0xc9db,	0x9b,
	0xc9dc,	0x57,
	0xc9dd,	0x99,
	0xc9de,	0x99,
	0xc9df,	0x9c,
	0xc9e0,	0x9c,
	0xc9e1,	0x9c,
	0xc9e2,	0x9c,
	0xc9e3,	0x9c,
	0xc9e4,	0x9c,
	0xc9e5,	0x9c,
	0xc9e6,	0x9c,
	0xc9ea,	0x00,
	0xc9eb,	0x00,
	0xc9ec,	0x1f,
	0xc9f5,	0x14,
	0xc9f6,	0x0f,
	0xc9f7,	0x0f,
	0xc9f8,	0x0a,
	0xc9f9,	0x06,
	0xc9fa,	0x10,
	0xc9fb,	0x00,
	0xc9fc,	0x00,
	0xc9fd,	0x00,
	0xc9fe,	0x00,
	0xca0b,	0x0b,
	0xca0c,	0x11,
	0xca0e,	0x1a,
	0xca0f,	0x1a,
	0xca10,	0x1a,
	0xca17,	0x81,
	0xca1b,	0x3e,
	0xd013,	0x37,
	0xd023,	0x37,
	0xd027,	0x36,
	0xd02b,	0x96,
	0xd02f,	0x7a,
	0xd034,	0x00,
	0xd03b,	0x7a,
	0xd083,	0x00,
	0xd087,	0x02,
	0xd08f,	0x00,
	0xd093,	0x02,
	0xd0a7,	0x02,
	0xd0ab,	0x09,
	0xd0af,	0x00,
	0xd0b3,	0x00,
	0xd0bb,	0x08,
	0xd0c3,	0x10,
	0xd0ce,	0x41,
	0xd0cf,	0x05,
	0xd143,	0x50,
	0xd1f9,	0xb5,
	0xd1fb,	0xc1,
	0xd211,	0xb5,
	0xd213,	0xc1,
	0xd241,	0xb5,
	0xd243,	0xc1,
	0xd261,	0xb5,
	0xd263,	0xc1,
	0xd2a1,	0xb5,
	0xd2a3,	0xc1,
	0xd2c1,	0xb5,
	0xd2c3,	0xc1,
	0xd309,	0xc3,
	0xd30a,	0x00,
	0xd30b,	0xef,
	0xd30d,	0xff,
	0xd30e,	0x01,
	0xd30f,	0x73,
	0xd514,	0x00,
	0xd515,	0xc9,
	0xdbfd,	0xc3,
	0xdbff,	0xef,
	0xdc01,	0xff,
	0xddf7,	0x42,
	0xde7b,	0x42,
	0xdeef,	0x42,
	0xdf37,	0x42,
	0xe30c,	0x00,
	0xe30d,	0xd1,
	0xe30e,	0x00,
	0xe30f,	0xe7,
	0xe310,	0x01,
	0xe311,	0x0d,
	0xe312,	0x01,
	0xe313,	0x69,
	0xe4d7,	0xb5,
	0xe4ed,	0xc1,
	0xe507,	0xb5,
	0xe51d,	0xc1,
	0xe5f9,	0xbf,
	0xe5fa,	0x00,
	0xe5fb,	0xc4,
	0xe611,	0xbf,
	0xe612,	0x00,
	0xe613,	0xc4,
	0xe629,	0xbf,
	0xe62a,	0x00,
	0xe62b,	0xc4,
	0xe649,	0xbf,
	0xe64a,	0x00,
	0xe64b,	0xc4,
	0xe665,	0xbf,
	0xe666,	0x00,
	0xe667,	0xc4,
	0xe685,	0xbf,
	0xe686,	0x00,
	0xe687,	0xc4,
	0xe6a7,	0xb5,
	0xe6bf,	0xb5,
	0xe6d5,	0xc1,
	0xe6ed,	0xc1,
	0xe708,	0x00,
	0xe709,	0xef,
	0xe70b,	0xc3,
	0xe70c,	0x01,
	0xe70d,	0x73,
	0xe70f,	0xff,
	0xe720,	0x00,
	0xe721,	0xef,
	0xe723,	0xc3,
	0xe724,	0x01,
	0xe725,	0x73,
	0xe727,	0xff,
	0xe738,	0x00,
	0xe739,	0xef,
	0xe73b,	0xc3,
	0xe73c,	0x01,
	0xe73d,	0x73,
	0xe73f,	0xff,
	0xe750,	0x00,
	0xe751,	0xef,
	0xe753,	0xc3,
	0xe754,	0x01,
	0xe755,	0x73,
	0xe757,	0xff,
	// ois off
	0x3002, 0x00,	//	bit[7] = 1 ; set VSYNC as output
	0x3680, 0x00,	//	assign VSYNC for OIS pin
	0x38f3, 0x00,	//	Enable OIS function
	0x38f4, 0x08,	//	bit[7:0] offset1[7:0]
	0x38f5, 0x00,	//	bit[7:4] for offset2[11:8]; bit[3:0] for offset1[11:8]
	0x38f6, 0x08,	//	bit[7:4] offset2[7:0]
	0x38af, 0x40,	//	Bit[6]: OIS function signal polarity
};

//custom7 mode 11 : 2048*1536
// mode_6
static u16 warholovx9500wide_custom7_setting[] = {
	0x0345,	0x40,
	0x0360,	0x01,
	0x100f,	0x62,
	0x101f,	0x62,
	0x1023,	0x37,
	0x1027,	0x4b,
	0x102b,	0xa2,
	0x102f,	0xd0,
	0x1034,	0x00,
	0x103b,	0xd0,
	0x1040,	0x00,
	0x1047,	0xb4,
	0x107a,	0x88,
	0x107b,	0x08,
	0x107e,	0x8b,
	0x107f,	0x03,
	0x1083,	0x0a,
	0x1087,	0x33,
	0x1093,	0x58,
	0x10a7,	0x02,
	0x10ab,	0x00,
	0x10ae,	0x8d,
	0x10af,	0x02,
	0x10b2,	0x8f,
	0x10b6,	0x92,
	0x10b7,	0x03,
	0x10ba,	0x95,
	0x10bb,	0x04,
	0x10be,	0x97,
	0x10c2,	0x9b,
	0x10c3,	0x10,
	0x10c6,	0x00,
	0x10c7,	0x00,
	0x1141,	0x00,
	0x1143,	0x00,
	0x11f9,	0xb5,
	0x11fb,	0xc1,
	0x1211,	0xb5,
	0x1213,	0xc1,
	0x1241,	0xb5,
	0x1243,	0xc1,
	0x1261,	0xb5,
	0x1263,	0xc1,
	0x12a1,	0xb5,
	0x12a3,	0xc1,
	0x12c1,	0xb5,
	0x12c3,	0xc1,
	0x130d,	0xc3,
	0x130e,	0x00,
	0x130f,	0xef,
	0x1310,	0x00,
	0x1311,	0xff,
	0x1313,	0x2b,
	0x1314,	0x01,
	0x1315,	0x43,
	0x1316,	0x01,
	0x1317,	0x69,
	0x1514,	0x00,
	0x1515,	0xc9,
	0x1bd1,	0x85,
	0x1c01,	0xc3,
	0x1c02,	0x00,
	0x1c03,	0xef,
	0x1c04,	0x00,
	0x1c05,	0xff,
	0x1c06,	0x01,
	0x1c07,	0x2b,
	0x1c08,	0x01,
	0x1c09,	0x3b,
	0x24ef,	0x6b,
	0x2507,	0xb5,
	0x251d,	0xc1,
	0x25f9,	0xbf,
	0x25fa,	0x00,
	0x25fb,	0xc4,
	0x2611,	0xbf,
	0x2612,	0x00,
	0x2613,	0xc4,
	0x2629,	0xbf,
	0x262a,	0x00,
	0x262b,	0xc4,
	0x2649,	0xbf,
	0x264a,	0x00,
	0x264b,	0xc4,
	0x2665,	0xbf,
	0x2666,	0x00,
	0x2667,	0xc4,
	0x2685,	0xbf,
	0x2686,	0x00,
	0x2687,	0xc4,
	0x26a7,	0xb5,
	0x26d5,	0xc1,
	0x26ef,	0x6b,
	0x2705,	0xb3,
	0x2708,	0x00,
	0x2709,	0xef,
	0x270b,	0xc3,
	0x270d,	0x2b,
	0x270e,	0x00,
	0x270f,	0xff,
	0x2710,	0x01,
	0x2711,	0x69,
	0x2712,	0x01,
	0x2713,	0x3b,
	0x271d,	0xb3,
	0x2720,	0x00,
	0x2721,	0xef,
	0x2723,	0xc3,
	0x2725,	0x2b,
	0x2726,	0x00,
	0x2727,	0xff,
	0x2728,	0x01,
	0x2729,	0x69,
	0x272a,	0x01,
	0x272b,	0x3b,
	0x2735,	0xb3,
	0x2738,	0x00,
	0x2739,	0xef,
	0x273b,	0xc3,
	0x273d,	0x2b,
	0x273e,	0x00,
	0x273f,	0xff,
	0x2740,	0x01,
	0x2741,	0x69,
	0x2742,	0x01,
	0x2743,	0x3b,
	0x274d,	0xb3,
	0x2750,	0x00,
	0x2751,	0xef,
	0x2753,	0xc3,
	0x2755,	0x2b,
	0x2756,	0x00,
	0x2757,	0xff,
	0x2758,	0x01,
	0x2759,	0x69,
	0x275a,	0x01,
	0x275b,	0x3b,
	0x3010,	0x01,
	0x3402,	0xaf,
	0x3403,	0x19,
	0x3404,	0x19,
	0x3405,	0x0f,
	0x3406,	0x08,
	0x3408,	0x0f,
	0x3409,	0x08,
	0x340a,	0x03,
	0x341b,	0x30,
	0x344d,	0x02,
	0x344e,	0x02,
	0x3506,	0xf8,
	0x350d,	0x00,
	0x350e,	0xb1,
	0x3546,	0xf8,
	0x354d,	0x00,
	0x354e,	0xb1,
	0x3586,	0xf8,
	0x3608,	0x01,
	0x3622,	0x88,
	0x3623,	0x08,
	0x3691,	0x00,
	0x3692,	0x00,
	0x3696,	0x00,
	0x369a,	0x08,
	0x369b,	0x00,
	0x36a5,	0x02,
	0x36a6,	0x40,
	0x36a7,	0x00,
	0x36b0,	0x84,
	0x36b1,	0x00,
	0x36c8,	0x01,
	0x3714,	0x62,
	0x37bc,	0x00,
	0x37c9,	0x00,
	0x3800,	0x00,
	0x3801,	0x00,
	0x3802,	0x00,
	0x3803,	0x00,
	0x3804,	0x20,
	0x3805,	0x1f,
	0x3806,	0x18,
	0x3807,	0x3f,
	0x3808,	0x08,
	0x3809,	0x00,
	0x380a,	0x06,
	0x380b,	0x00,
	0x380c,	0x04,
	0x380d,	0xb0,
	0x380e,	0x0c,
	0x380f,	0xfa,
	0x3811,	0x04,
	0x3813,	0x09,
	0x3814,	0x31,
	0x3815,	0x31,
	0x3820,	0x47,
	0x3821,	0x50,
	0x3823,	0x04,
	0x3828,	0x02,
	0x3830,	0x02,
	0x3831,	0x12,
	0x3837,	0x04,
	0x383f,	0x00,
	0x384c,	0x04,
	0x384d,	0xb0,
	0x386d,	0x7c,
	0x3889,	0x04,
	0x388b,	0x08,
	0x388c,	0x08,
	0x388d,	0x00,
	0x388e,	0x06,
	0x388f,	0x00,
	0x3894,	0x10,
	0x3896,	0x00,
	0x38a1,	0x1d,
	0x38a2,	0x98,
	0x38a4,	0x1d,
	0x38a5,	0x98,
	0x38a6,	0x20,
	0x38a9,	0x3b,
	0x38aa,	0x30,
	0x38ab,	0x00,
	0x38ad,	0x1d,
	0x38ae,	0x98,
	0x38b0,	0x01,
	0x38db,	0xe1,
	0x3f00,	0x06,
	0x3f30,	0x04,
	0x3f70,	0x06,
	0x3f72,	0x14,
	0x3f74,	0x14,
	0x3f76,	0x08,
	0x3f78,	0x08,
	0x3f7a,	0x08,
	0x3f7c,	0x0e,
	0x3f7e,	0x0e,
	0x3f80,	0x0e,
	0x3f8e,	0x08,
	0x3f90,	0x08,
	0x3f92,	0x08,
	0x400e,	0x1c,
	0x400f,	0x60,
	0x4010,	0xf4,
	0x4012,	0x50,
	0x4016,	0x0f,
	0x4018,	0x07,
	0x4506,	0x01,
	0x4509,	0x07,
	0x450c,	0x00,
	0x450d,	0x60,
	0x4546,	0x04,
	0x4547,	0xb0,
	0x4549,	0x00,
	0x4580,	0x05,
	0x45c0,	0x45,
	0x45cb,	0xf0,
	0x45cc,	0x02,
	0x45cd,	0x00,
	0x45ce,	0x00,
	0x4602,	0x00,
	0x4603,	0x15,
	0x460b,	0x07,
	0x4640,	0x00,
	0x4641,	0x80,
	0x4643,	0x0c,
	0x4680,	0x09,
	0x468e,	0x30,
	0x4690,	0x11,
	0x4692,	0x56,
	0x4693,	0x00,
	0x4695,	0x11,
	0x4697,	0x11,
	0x46c0,	0x01,
	0x46c2,	0x04,
	0x46cb,	0xff,
	0x4701,	0x20,
	0x4703,	0x08,
	0x47c0,	0x05,
	0x47c2,	0x02,
	0x47c4,	0x05,
	0x47c6,	0x01,
	0x47c8,	0x05,
	0x47ca,	0x02,
	0x47cc,	0x05,
	0x47ce,	0x01,
	0x4808,	0x54,
	0x4813,	0x10,
	0x4836,	0x32,
	0x490e,	0x08,
	0x490f,	0x60,
	0x4910,	0x00,
	0x4912,	0x00,
	0x4a0e,	0x08,
	0x4a0f,	0x60,
	0x4a10,	0x00,
	0x4a12,	0x00,
	0x4b00,	0x00,
	0x4b10,	0x02,
	0x4b11,	0x06,
	0x4b12,	0x02,
	0x4b13,	0x06,
	0x4b14,	0x02,
	0x4b15,	0x06,
	0x4b16,	0x0a,
	0x4b17,	0x0e,
	0x4b20,	0x02,
	0x4b21,	0x06,
	0x4b22,	0x02,
	0x4b23,	0x06,
	0x4b24,	0x02,
	0x4b25,	0x06,
	0x4b26,	0x0a,
	0x4b27,	0x0e,
	0x4b30,	0x02,
	0x4b31,	0x06,
	0x4b32,	0x02,
	0x4b33,	0x06,
	0x4b34,	0x02,
	0x4b35,	0x06,
	0x4b36,	0x0a,
	0x4b37,	0x0e,
	0x4b3d,	0x00,
	0x4b3f,	0x00,
	0x4b41,	0x08,
	0x4b42,	0x00,
	0x4b43,	0x08,
	0x4b45,	0x08,
	0x4b46,	0x00,
	0x4b47,	0x08,
	0x4b48,	0x02,
	0x4b49,	0x00,
	0x4b4a,	0x01,
	0x4b4b,	0x00,
	0x4b51,	0x06,
	0x4b52,	0x02,
	0x4b53,	0x06,
	0x4b54,	0x02,
	0x4b55,	0x06,
	0x4b56,	0x0a,
	0x4b57,	0x0e,
	0x4b5a,	0x08,
	0x4b61,	0x06,
	0x4b62,	0x02,
	0x4b63,	0x06,
	0x4b64,	0x02,
	0x4b65,	0x06,
	0x4b66,	0x0a,
	0x4b67,	0x0e,
	0x4b6a,	0x08,
	0x4b71,	0x06,
	0x4b72,	0x02,
	0x4b73,	0x06,
	0x4b74,	0x02,
	0x4b75,	0x06,
	0x4b76,	0x0a,
	0x4b77,	0x0e,
	0x4b7a,	0x08,
	0x4b7d,	0x00,
	0x4b7f,	0x00,
	0x4b82,	0x00,
	0x4b83,	0x08,
	0x4b85,	0x08,
	0x4b86,	0x00,
	0x4b87,	0x08,
	0x4b88,	0x02,
	0x4b89,	0x00,
	0x4b8a,	0x01,
	0x4b8b,	0x00,
	0x4b91,	0x06,
	0x4b92,	0x02,
	0x4b93,	0x06,
	0x4b94,	0x02,
	0x4b95,	0x06,
	0x4b96,	0x0a,
	0x4b97,	0x0e,
	0x4b9a,	0x08,
	0x4ba1,	0x06,
	0x4ba2,	0x02,
	0x4ba3,	0x06,
	0x4ba4,	0x02,
	0x4ba5,	0x06,
	0x4ba6,	0x0a,
	0x4ba7,	0x0e,
	0x4baa,	0x08,
	0x4bb1,	0x06,
	0x4bb2,	0x02,
	0x4bb3,	0x06,
	0x4bb4,	0x02,
	0x4bb5,	0x06,
	0x4bb6,	0x0a,
	0x4bb7,	0x0e,
	0x4bba,	0x08,
	0x4bbd,	0x00,
	0x4bbf,	0x00,
	0x4bc2,	0x00,
	0x4bc3,	0x08,
	0x4bc5,	0x08,
	0x4bc6,	0x00,
	0x4bc7,	0x08,
	0x4bc8,	0x02,
	0x4bc9,	0x00,
	0x4bca,	0x01,
	0x4bcb,	0x00,
	0x5000,	0x0f,
	0x5001,	0x00,
	0x5002,	0x40,
	0x5003,	0xc0,
	0x5016,	0x11,
	0x5017,	0x00,
	0x50b3,	0x00,
	0x51a7,	0xc0,
	0x54a7,	0xc0,
	0x57a7,	0xc0,
	0x5a60,	0x7b,
	0x5b95,	0x45,
	0x5b97,	0x0c,
	0x5b98,	0x08,
	0x5b99,	0x00,
	0x5bc0,	0x1f,
	0x5e00,	0x7b,
	0x5f35,	0x45,
	0x5f37,	0x0c,
	0x5f38,	0x08,
	0x5f39,	0x00,
	0x5f60,	0x1f,
	0x6200,	0x20,
	0x6201,	0x00,
	0x6365,	0x00,
	0x6382,	0x03,
	0x6392,	0x03,
	0x64a0,	0x01,
	0x64a1,	0x00,
	0x64a2,	0x40,
	0xc400,	0x11,
	0xc405,	0x12,
	0xc406,	0x12,
	0xc407,	0x00,
	0xc408,	0x00,
	0xc409,	0x00,
	0xc40a,	0x00,
	0xc40b,	0x00,
	0xc40c,	0x00,
	0xc40d,	0x00,
	0xc40e,	0x00,
	0xc40f,	0x00,
	0xc410,	0x00,
	0xc411,	0x00,
	0xc412,	0x00,
	0xc413,	0x00,
	0xc414,	0x00,
	0xc41c,	0x00,
	0xc41e,	0x00,
	0xc420,	0x00,
	0xc422,	0x00,
	0xc424,	0x00,
	0xc426,	0x00,
	0xc428,	0x00,
	0xc42a,	0x00,
	0xc42c,	0x00,
	0xc42e,	0x00,
	0xc430,	0x00,
	0xc432,	0x00,
	0xc434,	0x00,
	0xc435,	0x12,
	0xc436,	0x12,
	0xc437,	0x00,
	0xc438,	0x00,
	0xc439,	0x00,
	0xc43a,	0x00,
	0xc43b,	0x00,
	0xc43c,	0x00,
	0xc43d,	0x00,
	0xc43e,	0x00,
	0xc43f,	0x00,
	0xc440,	0x00,
	0xc441,	0x00,
	0xc442,	0x00,
	0xc443,	0x00,
	0xc444,	0x00,
	0xc464,	0x60,
	0xc465,	0x60,
	0xc466,	0x60,
	0xc804,	0x1d,
	0xc805,	0x1d,
	0xc806,	0x1c,
	0xc807,	0x1c,
	0xc808,	0x16,
	0xc809,	0x10,
	0xc80c,	0x0f,
	0xc81d,	0x03,
	0xc81e,	0x03,
	0xc820,	0x03,
	0xc829,	0x01,
	0xc82a,	0x10,
	0xc82b,	0x15,
	0xc82c,	0x1b,
	0xc82d,	0x1c,
	0xc85a,	0x3f,
	0xc85b,	0x3f,
	0xc85c,	0x3f,
	0xc85d,	0x3f,
	0xc85e,	0x3f,
	0xc85f,	0x3f,
	0xc860,	0x2d,
	0xc861,	0x2d,
	0xc862,	0x3f,
	0xc863,	0x2d,
	0xc864,	0x2d,
	0xc865,	0x3f,
	0xc873,	0x10,
	0xc874,	0x10,
	0xc875,	0x10,
	0xc898,	0x0b,
	0xc899,	0x00,
	0xc89a,	0x00,
	0xc89b,	0x00,
	0xc89c,	0x00,
	0xc89d,	0xea,
	0xc8a5,	0x1f,
	0xc8a6,	0x12,
	0xc8a7,	0x0b,
	0xc8a8,	0x0f,
	0xc8aa,	0x00,
	0xc8b1,	0x06,
	0xc8b2,	0x0a,
	0xc8b3,	0x18,
	0xc8b4,	0x37,
	0xc8b5,	0x00,
	0xc8b6,	0x00,
	0xc8b7,	0x0b,
	0xc8b8,	0x0b,
	0xc8b9,	0x16,
	0xc8ba,	0x2c,
	0xc8bb,	0x00,
	0xc8bc,	0x00,
	0xc8bd,	0x02,
	0xc8be,	0x02,
	0xc8bf,	0x04,
	0xc8c3,	0x0a,
	0xc8c4,	0x0a,
	0xc8c5,	0x0a,
	0xc8ca,	0x00,
	0xc8cb,	0x03,
	0xc8cc,	0x12,
	0xc8cd,	0x04,
	0xc8ce,	0x03,
	0xc8cf,	0x03,
	0xc8d0,	0x03,
	0xc8d1,	0x01,
	0xc8d2,	0x02,
	0xc8d3,	0x01,
	0xc8d4,	0x01,
	0xc8d5,	0x02,
	0xc8d6,	0x02,
	0xc8d7,	0x68,
	0xc8d8,	0x67,
	0xc8d9,	0x67,
	0xc8da,	0x03,
	0xc8db,	0x66,
	0xc8dc,	0x66,
	0xc8dd,	0x66,
	0xc8de,	0x66,
	0xc8df,	0x66,
	0xc8e0,	0x66,
	0xc8e1,	0x66,
	0xc8e2,	0x66,
	0xc8e3,	0x66,
	0xc8e4,	0x66,
	0xc8e5,	0x0f,
	0xc8e6,	0x0f,
	0xc8e7,	0x0f,
	0xc8e9,	0x0f,
	0xc8ea,	0x0f,
	0xc8eb,	0x0f,
	0xc8ec,	0x0f,
	0xc8ed,	0x0f,
	0xc8ee,	0x0f,
	0xc8f3,	0x1e,
	0xc8f4,	0x1e,
	0xc8f5,	0x1c,
	0xc8f6,	0x08,
	0xc8f7,	0x0f,
	0xc8f8,	0x18,
	0xc8f9,	0x05,
	0xc8fa,	0x05,
	0xc8fb,	0x10,
	0xc8fc,	0x14,
	0xc8fd,	0x00,
	0xc8fe,	0x00,
	0xc8ff,	0x00,
	0xc900,	0x00,
	0xc903,	0x0b,
	0xc904,	0x11,
	0xc906,	0x1a,
	0xc907,	0x1a,
	0xc908,	0x1a,
	0xc924,	0x03,
	0xc925,	0x03,
	0xc930,	0x05,
	0xc931,	0x13,
	0xc933,	0x1d,
	0xc95c,	0x34,
	0xc95d,	0x3f,
	0xc95e,	0x3f,
	0xc95f,	0x34,
	0xc960,	0x3f,
	0xc961,	0x3f,
	0xc962,	0x22,
	0xc963,	0x3f,
	0xc964,	0x3f,
	0xc965,	0x22,
	0xc966,	0x3f,
	0xc967,	0x3f,
	0xc975,	0x10,
	0xc976,	0x10,
	0xc977,	0x10,
	0xc999,	0x3f,
	0xc99a,	0x00,
	0xc99c,	0x00,
	0xc99d,	0x00,
	0xc99f,	0xd7,
	0xc9a7,	0x2e,
	0xc9a8,	0x2b,
	0xc9a9,	0x00,
	0xc9aa,	0x00,
	0xc9b3,	0x06,
	0xc9b4,	0x04,
	0xc9b5,	0x08,
	0xc9b9,	0x0b,
	0xc9ba,	0x0a,
	0xc9bb,	0x0b,
	0xc9bf,	0x02,
	0xc9c0,	0x02,
	0xc9c1,	0x0e,
	0xc9c2,	0x24,
	0xc9c5,	0x0a,
	0xc9c7,	0x14,
	0xc9c8,	0x27,
	0xc9cc,	0x01,
	0xc9cd,	0x01,
	0xc9ce,	0x00,
	0xc9cf,	0x01,
	0xc9d0,	0x02,
	0xc9d1,	0x00,
	0xc9d2,	0x00,
	0xc9d3,	0x00,
	0xc9d4,	0x00,
	0xc9d9,	0x9c,
	0xc9da,	0x9b,
	0xc9db,	0x9b,
	0xc9dc,	0x57,
	0xc9dd,	0x99,
	0xc9de,	0x99,
	0xc9df,	0x9c,
	0xc9e0,	0x9c,
	0xc9e1,	0x9c,
	0xc9e2,	0x9c,
	0xc9e3,	0x9c,
	0xc9e4,	0x9c,
	0xc9e5,	0x9c,
	0xc9e6,	0x9c,
	0xc9ea,	0x0f,
	0xc9eb,	0x0f,
	0xc9ec,	0x0f,
	0xc9f5,	0x14,
	0xc9f6,	0x0f,
	0xc9f7,	0x0f,
	0xc9f8,	0x0a,
	0xc9f9,	0x06,
	0xc9fa,	0x10,
	0xc9fb,	0x00,
	0xc9fc,	0x00,
	0xc9fd,	0x10,
	0xc9fe,	0x1a,
	0xca0b,	0x0b,
	0xca0c,	0x11,
	0xca0e,	0x1a,
	0xca0f,	0x1a,
	0xca10,	0x1a,
	0xca17,	0x81,
	0xca1b,	0x3e,
	0xd013,	0x37,
	0xd023,	0x37,
	0xd027,	0x36,
	0xd02b,	0x96,
	0xd02f,	0x7a,
	0xd034,	0x00,
	0xd03b,	0x7a,
	0xd083,	0x00,
	0xd087,	0x02,
	0xd08f,	0x00,
	0xd093,	0x02,
	0xd0a7,	0x02,
	0xd0ab,	0x09,
	0xd0af,	0x00,
	0xd0b3,	0x00,
	0xd0bb,	0x08,
	0xd0c3,	0x10,
	0xd0ce,	0x41,
	0xd0cf,	0x05,
	0xd143,	0x50,
	0xd1f9,	0xb5,
	0xd1fb,	0xc1,
	0xd211,	0xb5,
	0xd213,	0xc1,
	0xd241,	0xb5,
	0xd243,	0xc1,
	0xd261,	0xb5,
	0xd263,	0xc1,
	0xd2a1,	0xb5,
	0xd2a3,	0xc1,
	0xd2c1,	0xb5,
	0xd2c3,	0xc1,
	0xd309,	0xc3,
	0xd30a,	0x00,
	0xd30b,	0xef,
	0xd30d,	0xff,
	0xd30e,	0x01,
	0xd30f,	0x73,
	0xd514,	0x00,
	0xd515,	0xc9,
	0xdbfd,	0xc3,
	0xdbff,	0xef,
	0xdc01,	0xff,
	0xddf7,	0x42,
	0xde7b,	0x42,
	0xdeef,	0x42,
	0xdf37,	0x42,
	0xe30c,	0x00,
	0xe30d,	0xd1,
	0xe30e,	0x00,
	0xe30f,	0xe7,
	0xe310,	0x01,
	0xe311,	0x0d,
	0xe312,	0x01,
	0xe313,	0x69,
	0xe4d7,	0xb5,
	0xe4ed,	0xc1,
	0xe507,	0xb5,
	0xe51d,	0xc1,
	0xe5f9,	0xbf,
	0xe5fa,	0x00,
	0xe5fb,	0xc4,
	0xe611,	0xbf,
	0xe612,	0x00,
	0xe613,	0xc4,
	0xe629,	0xbf,
	0xe62a,	0x00,
	0xe62b,	0xc4,
	0xe649,	0xbf,
	0xe64a,	0x00,
	0xe64b,	0xc4,
	0xe665,	0xbf,
	0xe666,	0x00,
	0xe667,	0xc4,
	0xe685,	0xbf,
	0xe686,	0x00,
	0xe687,	0xc4,
	0xe6a7,	0xb5,
	0xe6bf,	0xb5,
	0xe6d5,	0xc1,
	0xe6ed,	0xc1,
	0xe708,	0x00,
	0xe709,	0xef,
	0xe70b,	0xc3,
	0xe70c,	0x01,
	0xe70d,	0x73,
	0xe70f,	0xff,
	0xe720,	0x00,
	0xe721,	0xef,
	0xe723,	0xc3,
	0xe724,	0x01,
	0xe725,	0x73,
	0xe727,	0xff,
	0xe738,	0x00,
	0xe739,	0xef,
	0xe73b,	0xc3,
	0xe73c,	0x01,
	0xe73d,	0x73,
	0xe73f,	0xff,
	0xe750,	0x00,
	0xe751,	0xef,
	0xe753,	0xc3,
	0xe754,	0x01,
	0xe755,	0x73,
	0xe757,	0xff,
	// ois off
	0x3002, 0x00,	//	bit[7] = 1 ; set VSYNC as output
	0x3680, 0x00,	//	assign VSYNC for OIS pin
	0x38f3, 0x00,	//	Enable OIS function
	0x38f4, 0x08,	//	bit[7:0] offset1[7:0]
	0x38f5, 0x00,	//	bit[7:4] for offset2[11:8]; bit[3:0] for offset1[11:8]
	0x38f6, 0x08,	//	bit[7:4] offset2[7:0]
	0x38af, 0x40,	//	Bit[6]: OIS function signal polarity
};


// custom8 mode 12 : fullsize 10bit 
// mode_2
static u16 warholovx9500wide_custom8_setting[] = {
	0x0345,	0x45,
	0x0360,	0x01,
	0x100f,	0x62,
	0x101f,	0x62,
	0x1023,	0x37,
	0x1027,	0x4b,
	0x102b,	0xa2,
	0x102f,	0xd0,
	0x1034,	0x00,
	0x103b,	0xd0,
	0x1040,	0x00,
	0x1047,	0xb4,
	0x107a,	0x88,
	0x107b,	0x08,
	0x107e,	0x8b,
	0x107f,	0x03,
	0x1083,	0x0a,
	0x1087,	0x33,
	0x1093,	0x58,
	0x10a7,	0x02,
	0x10ab,	0x00,
	0x10ae,	0x8d,
	0x10af,	0x02,
	0x10b2,	0x8f,
	0x10b6,	0x92,
	0x10b7,	0x03,
	0x10ba,	0x95,
	0x10bb,	0x04,
	0x10be,	0x97,
	0x10c2,	0x9b,
	0x10c3,	0x10,
	0x10c6,	0x00,
	0x10c7,	0x00,
	0x1141,	0x00,
	0x1143,	0x00,
	0x11f9,	0xb5,
	0x11fb,	0xc1,
	0x1211,	0xb5,
	0x1213,	0xc1,
	0x1241,	0xb5,
	0x1243,	0xc1,
	0x1261,	0xb5,
	0x1263,	0xc1,
	0x12a1,	0xb5,
	0x12a3,	0xc1,
	0x12c1,	0xb5,
	0x12c3,	0xc1,
	0x130d,	0xc3,
	0x130e,	0x00,
	0x130f,	0xef,
	0x1310,	0x00,
	0x1311,	0xff,
	0x1313,	0x2b,
	0x1314,	0x01,
	0x1315,	0x43,
	0x1316,	0x01,
	0x1317,	0x69,
	0x1514,	0x00,
	0x1515,	0xc9,
	0x1bd1,	0x85,
	0x1c01,	0xc3,
	0x1c02,	0x00,
	0x1c03,	0xef,
	0x1c04,	0x00,
	0x1c05,	0xff,
	0x1c06,	0x01,
	0x1c07,	0x2b,
	0x1c08,	0x01,
	0x1c09,	0x3b,
	0x24ef,	0x6b,
	0x2507,	0xb5,
	0x251d,	0xc1,
	0x25f9,	0xbf,
	0x25fa,	0x00,
	0x25fb,	0xc4,
	0x2611,	0xbf,
	0x2612,	0x00,
	0x2613,	0xc4,
	0x2629,	0xbf,
	0x262a,	0x00,
	0x262b,	0xc4,
	0x2649,	0xbf,
	0x264a,	0x00,
	0x264b,	0xc4,
	0x2665,	0xbf,
	0x2666,	0x00,
	0x2667,	0xc4,
	0x2685,	0xbf,
	0x2686,	0x00,
	0x2687,	0xc4,
	0x26a7,	0xb5,
	0x26d5,	0xc1,
	0x26ef,	0x6b,
	0x2705,	0xb3,
	0x2708,	0x00,
	0x2709,	0xef,
	0x270b,	0xc3,
	0x270d,	0x2b,
	0x270e,	0x00,
	0x270f,	0xff,
	0x2710,	0x01,
	0x2711,	0x69,
	0x2712,	0x01,
	0x2713,	0x3b,
	0x271d,	0xb3,
	0x2720,	0x00,
	0x2721,	0xef,
	0x2723,	0xc3,
	0x2725,	0x2b,
	0x2726,	0x00,
	0x2727,	0xff,
	0x2728,	0x01,
	0x2729,	0x69,
	0x272a,	0x01,
	0x272b,	0x3b,
	0x2735,	0xb3,
	0x2738,	0x00,
	0x2739,	0xef,
	0x273b,	0xc3,
	0x273d,	0x2b,
	0x273e,	0x00,
	0x273f,	0xff,
	0x2740,	0x01,
	0x2741,	0x69,
	0x2742,	0x01,
	0x2743,	0x3b,
	0x274d,	0xb3,
	0x2750,	0x00,
	0x2751,	0xef,
	0x2753,	0xc3,
	0x2755,	0x2b,
	0x2756,	0x00,
	0x2757,	0xff,
	0x2758,	0x01,
	0x2759,	0x69,
	0x275a,	0x01,
	0x275b,	0x3b,
	0x3010,	0x01,
	0x3402,	0xaf,
	0x3403,	0x19,
	0x3404,	0x19,
	0x3405,	0x0f,
	0x3406,	0x08,
	0x3408,	0x0f,
	0x3409,	0x08,
	0x340a,	0x03,
	0x341b,	0x30,
	0x344d,	0x02,
	0x344e,	0x02,
	0x3506,	0xf8,
	0x350d,	0x00,
	0x350e,	0xac,
	0x3546,	0xf8,
	0x354d,	0x00,
	0x354e,	0xac,
	0x3586,	0xf8,
	0x3608,	0x00,
	0x3622,	0xa8,
	0x3623,	0x04,
	0x3691,	0x00,
	0x3692,	0x00,
	0x3696,	0x00,
	0x369a,	0x20,
	0x369b,	0x00,
	0x36a5,	0x22,
	0x36a6,	0x80,
	0x36a7,	0x00,
	0x36b0,	0x04,
	0x36b1,	0x00,
	0x36c8,	0x00,
	0x3714,	0x68,
	0x37bc,	0x38,
	0x37c9,	0x00,
	0x3800,	0x00,
	0x3801,	0x00,
	0x3802,	0x00,
	0x3803,	0x00,
	0x3804,	0x20,
	0x3805,	0x1f,
	0x3806,	0x18,
	0x3807,	0x3f,
	0x3808,	0x20,
	0x3809,	0x00,
	0x380a,	0x18,
	0x380b,	0x00,
	0x380c,	0x04,
	0x380d,	0xb0,
	0x380e,	0x0d,
	0x380f,	0x05,
	0x3811,	0x10,
	0x3813,	0x21,
	0x3814,	0x11,
	0x3815,	0x11,
	0x3820,	0x44,
	0x3821,	0x00,
	0x3823,	0x04,
	0x3828,	0x08,
	0x3830,	0x08,
	0x3831,	0x10,
	0x3837,	0x10,
	0x383f,	0x00,
	0x384c,	0x04,
	0x384d,	0xb0,
	0x386d,	0x7c,
	0x3889,	0x10,
	0x388b,	0x20,
	0x388c,	0x20,
	0x388d,	0x00,
	0x388e,	0x18,
	0x388f,	0x00,
	0x3894,	0x10,
	0x3896,	0x00,
	0x38a1,	0x1d,
	0x38a2,	0x98,
	0x38a4,	0x1d,
	0x38a5,	0x98,
	0x38a6,	0x20,
	0x38a9,	0x3b,
	0x38aa,	0x30,
	0x38ab,	0x00,
	0x38ad,	0x1d,
	0x38ae,	0x98,
	0x38b0,	0x01,
	0x38db,	0xe1,
	0x3f00,	0x06,
	0x3f30,	0x02,
	0x3f70,	0x04,
	0x3f72,	0x0a,
	0x3f74,	0x0a,
	0x3f76,	0x16,
	0x3f78,	0x16,
	0x3f7a,	0x16,
	0x3f7c,	0x0e,
	0x3f7e,	0x0e,
	0x3f80,	0x0e,
	0x3f8e,	0x04,
	0x3f90,	0x0a,
	0x3f92,	0x0a,
	0x400e,	0x14,
	0x400f,	0x30,
	0x4010,	0xf4,
	0x4012,	0x50,
	0x4016,	0x3d,
	0x4018,	0x1f,
	0x4506,	0x01,
	0x4509,	0x07,
	0x450c,	0x00,
	0x450d,	0x30,
	0x4546,	0x09,
	0x4547,	0x60,
	0x4549,	0x00,
	0x4580,	0x05,
	0x45c0,	0x04,
	0x45cb,	0xff,
	0x45cc,	0x02,
	0x45cd,	0x00,
	0x45ce,	0x00,
	0x4602,	0x00,
	0x4603,	0x15,
	0x460b,	0x07,
	0x4640,	0x01,
	0x4641,	0x00,
	0x4643,	0x08,
	0x4680,	0x09,
	0x468e,	0x30,
	0x4690,	0x11,
	0x4692,	0x56,
	0x4693,	0x00,
	0x4695,	0x11,
	0x4697,	0x11,
	0x46c0,	0x01,
	0x46c2,	0x04,
	0x46cb,	0xff,
	0x4701,	0x80,
	0x4703,	0x08,
	0x47c0,	0x05,
	0x47c2,	0x02,
	0x47c4,	0x05,
	0x47c6,	0x01,
	0x47c8,	0x05,
	0x47ca,	0x02,
	0x47cc,	0x05,
	0x47ce,	0x01,
	0x4808,	0x54,
	0x4813,	0x10,
	0x4836,	0x32,
	0x490e,	0x00,
	0x490f,	0x30,
	0x4910,	0x00,
	0x4912,	0x00,
	0x4a0e,	0x00,
	0x4a0f,	0x30,
	0x4a10,	0x00,
	0x4a12,	0x00,
	0x4b00,	0x00,
	0x4b10,	0x02,
	0x4b11,	0x06,
	0x4b12,	0x02,
	0x4b13,	0x06,
	0x4b14,	0x02,
	0x4b15,	0x06,
	0x4b16,	0x0a,
	0x4b17,	0x0e,
	0x4b20,	0x02,
	0x4b21,	0x06,
	0x4b22,	0x02,
	0x4b23,	0x06,
	0x4b24,	0x02,
	0x4b25,	0x06,
	0x4b26,	0x0a,
	0x4b27,	0x0e,
	0x4b30,	0x02,
	0x4b31,	0x06,
	0x4b32,	0x02,
	0x4b33,	0x06,
	0x4b34,	0x02,
	0x4b35,	0x06,
	0x4b36,	0x0a,
	0x4b37,	0x0e,
	0x4b3d,	0x00,
	0x4b3f,	0x00,
	0x4b41,	0x08,
	0x4b42,	0x00,
	0x4b43,	0x08,
	0x4b45,	0x08,
	0x4b46,	0x00,
	0x4b47,	0x08,
	0x4b48,	0x02,
	0x4b49,	0x00,
	0x4b4a,	0x01,
	0x4b4b,	0x00,
	0x4b51,	0x06,
	0x4b52,	0x02,
	0x4b53,	0x06,
	0x4b54,	0x02,
	0x4b55,	0x06,
	0x4b56,	0x0a,
	0x4b57,	0x0e,
	0x4b5a,	0x08,
	0x4b61,	0x06,
	0x4b62,	0x02,
	0x4b63,	0x06,
	0x4b64,	0x02,
	0x4b65,	0x06,
	0x4b66,	0x0a,
	0x4b67,	0x0e,
	0x4b6a,	0x08,
	0x4b71,	0x06,
	0x4b72,	0x02,
	0x4b73,	0x06,
	0x4b74,	0x02,
	0x4b75,	0x06,
	0x4b76,	0x0a,
	0x4b77,	0x0e,
	0x4b7a,	0x08,
	0x4b7d,	0x00,
	0x4b7f,	0x00,
	0x4b82,	0x00,
	0x4b83,	0x08,
	0x4b85,	0x08,
	0x4b86,	0x00,
	0x4b87,	0x08,
	0x4b88,	0x02,
	0x4b89,	0x00,
	0x4b8a,	0x01,
	0x4b8b,	0x00,
	0x4b91,	0x06,
	0x4b92,	0x02,
	0x4b93,	0x06,
	0x4b94,	0x02,
	0x4b95,	0x06,
	0x4b96,	0x0a,
	0x4b97,	0x0e,
	0x4b9a,	0x08,
	0x4ba1,	0x06,
	0x4ba2,	0x02,
	0x4ba3,	0x06,
	0x4ba4,	0x02,
	0x4ba5,	0x06,
	0x4ba6,	0x0a,
	0x4ba7,	0x0e,
	0x4baa,	0x08,
	0x4bb1,	0x06,
	0x4bb2,	0x02,
	0x4bb3,	0x06,
	0x4bb4,	0x02,
	0x4bb5,	0x06,
	0x4bb6,	0x0a,
	0x4bb7,	0x0e,
	0x4bba,	0x08,
	0x4bbd,	0x00,
	0x4bbf,	0x00,
	0x4bc2,	0x00,
	0x4bc3,	0x08,
	0x4bc5,	0x08,
	0x4bc6,	0x00,
	0x4bc7,	0x08,
	0x4bc8,	0x02,
	0x4bc9,	0x00,
	0x4bca,	0x01,
	0x4bcb,	0x00,
	0x5000,	0xdf,
	0x5001,	0x00,
	0x5002,	0x40,
	0x5003,	0xc0,
	0x5016,	0x11,
	0x5017,	0x00,
	0x50b3,	0x00,
	0x51a7,	0xc0,
	0x54a7,	0xc0,
	0x57a7,	0xc0,
	0x5a60,	0x7b,
	0x5b95,	0x45,
	0x5b97,	0x0c,
	0x5b98,	0x08,
	0x5b99,	0x00,
	0x5bc0,	0x1f,
	0x5e00,	0x7b,
	0x5f35,	0x45,
	0x5f37,	0x0c,
	0x5f38,	0x08,
	0x5f39,	0x00,
	0x5f60,	0x1f,
	0x6200,	0x21,
	0x6201,	0x00,
	0x6365,	0x00,
	0x6382,	0x04,
	0x6392,	0x04,
	0x64a0,	0x01,
	0x64a1,	0x00,
	0x64a2,	0x40,
	0xc400,	0x10,
	0xc405,	0x0a,
	0xc406,	0x0a,
	0xc407,	0x0a,
	0xc408,	0x0a,
	0xc409,	0x0a,
	0xc40a,	0x0a,
	0xc40b,	0x0a,
	0xc40c,	0x0a,
	0xc40d,	0x0a,
	0xc40e,	0x0a,
	0xc40f,	0x0a,
	0xc410,	0x0a,
	0xc411,	0x0a,
	0xc412,	0x0a,
	0xc413,	0x0a,
	0xc414,	0x0a,
	0xc41c,	0xc8,
	0xc41e,	0xc8,
	0xc420,	0xc8,
	0xc422,	0xc8,
	0xc424,	0xc8,
	0xc426,	0xc8,
	0xc428,	0xc8,
	0xc42a,	0xc8,
	0xc42c,	0xc8,
	0xc42e,	0xc8,
	0xc430,	0xc8,
	0xc432,	0xc8,
	0xc434,	0xc8,
	0xc435,	0x0a,
	0xc436,	0x0a,
	0xc437,	0x0a,
	0xc438,	0x0a,
	0xc439,	0x0a,
	0xc43a,	0x0a,
	0xc43b,	0x0a,
	0xc43c,	0x0a,
	0xc43d,	0x0a,
	0xc43e,	0x0a,
	0xc43f,	0x0a,
	0xc440,	0x0a,
	0xc441,	0x0a,
	0xc442,	0x0a,
	0xc443,	0x0a,
	0xc444,	0x0a,
	0xc464,	0x30,
	0xc465,	0x30,
	0xc466,	0x30,
	0xc804,	0x1e,
	0xc805,	0x1e,
	0xc806,	0x1d,
	0xc807,	0x1d,
	0xc808,	0x16,
	0xc809,	0x10,
	0xc80c,	0x3f,
	0xc81d,	0x03,
	0xc81e,	0x03,
	0xc820,	0x03,
	0xc829,	0x01,
	0xc82a,	0x10,
	0xc82b,	0x15,
	0xc82c,	0x1b,
	0xc82d,	0x1c,
	0xc85a,	0x2d,
	0xc85b,	0x2d,
	0xc85c,	0x1d,
	0xc85d,	0x2d,
	0xc85e,	0x2d,
	0xc85f,	0x1d,
	0xc860,	0x24,
	0xc861,	0x25,
	0xc862,	0x1d,
	0xc863,	0x24,
	0xc864,	0x25,
	0xc865,	0x1d,
	0xc873,	0x10,
	0xc874,	0x10,
	0xc875,	0x10,
	0xc898,	0x1b,
	0xc899,	0x1b,
	0xc89a,	0x2b,
	0xc89b,	0x1a,
	0xc89c,	0x1b,
	0xc89d,	0xfe,
	0xc8a5,	0x15,
	0xc8a6,	0x0f,
	0xc8a7,	0x09,
	0xc8a8,	0x08,
	0xc8aa,	0x07,
	0xc8b1,	0x06,
	0xc8b2,	0x10,
	0xc8b3,	0x24,
	0xc8b4,	0x40,
	0xc8b5,	0x3e,
	0xc8b6,	0x40,
	0xc8b7,	0x0c,
	0xc8b8,	0x0c,
	0xc8b9,	0x16,
	0xc8ba,	0x2a,
	0xc8bb,	0x28,
	0xc8bc,	0x24,
	0xc8bd,	0x00,
	0xc8be,	0x00,
	0xc8bf,	0x00,
	0xc8c3,	0x00,
	0xc8c4,	0x00,
	0xc8c5,	0x00,
	0xc8ca,	0x02,
	0xc8cb,	0x01,
	0xc8cc,	0x0d,
	0xc8cd,	0x02,
	0xc8ce,	0x03,
	0xc8cf,	0x02,
	0xc8d0,	0x03,
	0xc8d1,	0x00,
	0xc8d2,	0x02,
	0xc8d3,	0x00,
	0xc8d4,	0x00,
	0xc8d5,	0x00,
	0xc8d6,	0x00,
	0xc8d7,	0x68,
	0xc8d8,	0x68,
	0xc8d9,	0x68,
	0xc8da,	0x03,
	0xc8db,	0x66,
	0xc8dc,	0x66,
	0xc8dd,	0x66,
	0xc8de,	0x66,
	0xc8df,	0x66,
	0xc8e0,	0x66,
	0xc8e1,	0x67,
	0xc8e2,	0x67,
	0xc8e3,	0x67,
	0xc8e4,	0x67,
	0xc8e5,	0x0f,
	0xc8e6,	0x0f,
	0xc8e7,	0x0f,
	0xc8e9,	0x0f,
	0xc8ea,	0x0f,
	0xc8eb,	0x0f,
	0xc8ec,	0x0f,
	0xc8ed,	0x0f,
	0xc8ee,	0x0f,
	0xc8f3,	0x13,
	0xc8f4,	0x16,
	0xc8f5,	0x16,
	0xc8f6,	0x10,
	0xc8f7,	0x1a,
	0xc8f8,	0x15,
	0xc8f9,	0x10,
	0xc8fa,	0x10,
	0xc8fb,	0x10,
	0xc8fc,	0x14,
	0xc8fd,	0x14,
	0xc8fe,	0x1e,
	0xc8ff,	0x1e,
	0xc900,	0x16,
	0xc903,	0x0b,
	0xc904,	0x11,
	0xc906,	0x1a,
	0xc907,	0x1a,
	0xc908,	0x1a,
	0xc924,	0x03,
	0xc925,	0x03,
	0xc930,	0x05,
	0xc931,	0x13,
	0xc933,	0x1d,
	0xc95c,	0x2d,
	0xc95d,	0x25,
	0xc95e,	0x1b,
	0xc95f,	0x2d,
	0xc960,	0x25,
	0xc961,	0x1b,
	0xc962,	0x2d,
	0xc963,	0x1b,
	0xc964,	0x1b,
	0xc965,	0x2d,
	0xc966,	0x1b,
	0xc967,	0x1b,
	0xc975,	0x10,
	0xc976,	0x10,
	0xc977,	0x10,
	0xc999,	0x38,
	0xc99a,	0x00,
	0xc99c,	0x13,
	0xc99d,	0x21,
	0xc99f,	0xaa,
	0xc9a7,	0x00,
	0xc9a8,	0x20,
	0xc9a9,	0x00,
	0xc9aa,	0x00,
	0xc9b3,	0x06,
	0xc9b4,	0x06,
	0xc9b5,	0x0a,
	0xc9b9,	0x0a,
	0xc9ba,	0x0a,
	0xc9bb,	0x0a,
	0xc9bf,	0x00,
	0xc9c0,	0x04,
	0xc9c1,	0x07,
	0xc9c2,	0x07,
	0xc9c5,	0x00,
	0xc9c7,	0x14,
	0xc9c8,	0x26,
	0xc9cc,	0x00,
	0xc9cd,	0x00,
	0xc9ce,	0x08,
	0xc9cf,	0x01,
	0xc9d0,	0x02,
	0xc9d1,	0x01,
	0xc9d2,	0x02,
	0xc9d3,	0x01,
	0xc9d4,	0x02,
	0xc9d9,	0x9c,
	0xc9da,	0x9c,
	0xc9db,	0x9c,
	0xc9dc,	0x59,
	0xc9dd,	0x9c,
	0xc9de,	0x9c,
	0xc9df,	0x9c,
	0xc9e0,	0x9c,
	0xc9e1,	0x9c,
	0xc9e2,	0x9c,
	0xc9e3,	0x9c,
	0xc9e4,	0x9c,
	0xc9e5,	0x9c,
	0xc9e6,	0x9c,
	0xc9ea,	0x0f,
	0xc9eb,	0x0f,
	0xc9ec,	0x0f,
	0xc9f5,	0x12,
	0xc9f6,	0x12,
	0xc9f7,	0x08,
	0xc9f8,	0x12,
	0xc9f9,	0x0a,
	0xc9fa,	0x08,
	0xc9fb,	0x08,
	0xc9fc,	0x10,
	0xc9fd,	0x16,
	0xc9fe,	0x1f,
	0xca0b,	0x0b,
	0xca0c,	0x11,
	0xca0e,	0x1a,
	0xca0f,	0x1a,
	0xca10,	0x1a,
	0xca17,	0x81,
	0xca1b,	0x3e,
	0xd013,	0x36,
	0xd023,	0x36,
	0xd027,	0x64,
	0xd02b,	0xf0,
	0xd02f,	0x73,
	0xd034,	0x01,
	0xd03b,	0xd3,
	0xd083,	0x08,
	0xd087,	0x53,
	0xd08f,	0x08,
	0xd093,	0x53,
	0xd0a7,	0x04,
	0xd0ab,	0x08,
	0xd0af,	0x03,
	0xd0b3,	0x08,
	0xd0bb,	0x0d,
	0xd0c3,	0x08,
	0xd0ce,	0x00,
	0xd0cf,	0x00,
	0xd143,	0x8c,
	0xd1f9,	0xf1,
	0xd1fb,	0xfd,
	0xd211,	0xf1,
	0xd213,	0xfd,
	0xd241,	0xf1,
	0xd243,	0xfd,
	0xd261,	0xf1,
	0xd263,	0xfd,
	0xd2a1,	0xf1,
	0xd2a3,	0xfd,
	0xd2c1,	0xf1,
	0xd2c3,	0xfd,
	0xd309,	0xff,
	0xd30a,	0x01,
	0xd30b,	0x73,
	0xd30d,	0x00,
	0xd30e,	0x00,
	0xd30f,	0x00,
	0xd514,	0x01,
	0xd515,	0x05,
	0xdbfd,	0xff,
	0xdbff,	0x00,
	0xdc01,	0x00,
	0xddf7,	0x41,
	0xde7b,	0x41,
	0xdeef,	0x41,
	0xdf37,	0x41,
	0xe30c,	0x01,
	0xe30d,	0x0d,
	0xe30e,	0x01,
	0xe30f,	0x69,
	0xe310,	0x00,
	0xe311,	0x00,
	0xe312,	0x00,
	0xe313,	0x00,
	0xe4d7,	0xf1,
	0xe4ed,	0xfd,
	0xe507,	0xf1,
	0xe51d,	0xfd,
	0xe5f9,	0xfb,
	0xe5fa,	0x01,
	0xe5fb,	0x00,
	0xe611,	0xfb,
	0xe612,	0x01,
	0xe613,	0x00,
	0xe629,	0xfb,
	0xe62a,	0x01,
	0xe62b,	0x00,
	0xe649,	0xfb,
	0xe64a,	0x01,
	0xe64b,	0x00,
	0xe665,	0xfb,
	0xe666,	0x01,
	0xe667,	0x00,
	0xe685,	0xfb,
	0xe686,	0x01,
	0xe687,	0x00,
	0xe6a7,	0xf1,
	0xe6bf,	0xf1,
	0xe6d5,	0xfd,
	0xe6ed,	0xfd,
	0xe708,	0x01,
	0xe709,	0x73,
	0xe70b,	0xff,
	0xe70c,	0x00,
	0xe70d,	0x00,
	0xe70f,	0x00,
	0xe720,	0x01,
	0xe721,	0x73,
	0xe723,	0xff,
	0xe724,	0x00,
	0xe725,	0x00,
	0xe727,	0x00,
	0xe738,	0x01,
	0xe739,	0x73,
	0xe73b,	0xff,
	0xe73c,	0x00,
	0xe73d,	0x00,
	0xe73f,	0x00,
	0xe750,	0x01,
	0xe751,	0x73,
	0xe753,	0xff,
	0xe754,	0x00,
	0xe755,	0x00,
	0xe757,	0x00,
	// ois off
	0x3002, 0x00,	//	bit[7] = 1 ; set VSYNC as output
	0x3680, 0x00,	//	assign VSYNC for OIS pin
	0x38f3, 0x00,	//	Enable OIS function
	0x38f4, 0x08,	//	bit[7:0] offset1[7:0]
	0x38f5, 0x00,	//	bit[7:4] for offset2[11:8]; bit[3:0] for offset1[11:8]
	0x38f6, 0x08,	//	bit[7:4] offset2[7:0]
	0x38af, 0x40,	//	Bit[6]: OIS function signal polarity
};

// custom9 mode 13 : full size crop bayer
// mode_3
static u16 warholovx9500wide_custom9_setting[] = {
	0x0345,	0x45,
	0x0360,	0x01,
	0x100f,	0x62,
	0x101f,	0x62,
	0x1023,	0x37,
	0x1027,	0x4b,
	0x102b,	0xa2,
	0x102f,	0xd0,
	0x1034,	0x00,
	0x103b,	0xd0,
	0x1040,	0x00,
	0x1047,	0xb4,
	0x107a,	0x88,
	0x107b,	0x08,
	0x107e,	0x8b,
	0x107f,	0x03,
	0x1083,	0x0a,
	0x1087,	0x33,
	0x1093,	0x58,
	0x10a7,	0x02,
	0x10ab,	0x00,
	0x10ae,	0x8d,
	0x10af,	0x02,
	0x10b2,	0x8f,
	0x10b6,	0x92,
	0x10b7,	0x03,
	0x10ba,	0x95,
	0x10bb,	0x04,
	0x10be,	0x97,
	0x10c2,	0x9b,
	0x10c3,	0x10,
	0x10c6,	0x00,
	0x10c7,	0x00,
	0x1141,	0x00,
	0x1143,	0x00,
	0x11f9,	0xb5,
	0x11fb,	0xc1,
	0x1211,	0xb5,
	0x1213,	0xc1,
	0x1241,	0xb5,
	0x1243,	0xc1,
	0x1261,	0xb5,
	0x1263,	0xc1,
	0x12a1,	0xb5,
	0x12a3,	0xc1,
	0x12c1,	0xb5,
	0x12c3,	0xc1,
	0x130d,	0xc3,
	0x130e,	0x00,
	0x130f,	0xef,
	0x1310,	0x00,
	0x1311,	0xff,
	0x1313,	0x2b,
	0x1314,	0x01,
	0x1315,	0x43,
	0x1316,	0x01,
	0x1317,	0x69,
	0x1514,	0x00,
	0x1515,	0xc9,
	0x1bd1,	0x85,
	0x1c01,	0xc3,
	0x1c02,	0x00,
	0x1c03,	0xef,
	0x1c04,	0x00,
	0x1c05,	0xff,
	0x1c06,	0x01,
	0x1c07,	0x2b,
	0x1c08,	0x01,
	0x1c09,	0x3b,
	0x24ef,	0x6b,
	0x2507,	0xb5,
	0x251d,	0xc1,
	0x25f9,	0xbf,
	0x25fa,	0x00,
	0x25fb,	0xc4,
	0x2611,	0xbf,
	0x2612,	0x00,
	0x2613,	0xc4,
	0x2629,	0xbf,
	0x262a,	0x00,
	0x262b,	0xc4,
	0x2649,	0xbf,
	0x264a,	0x00,
	0x264b,	0xc4,
	0x2665,	0xbf,
	0x2666,	0x00,
	0x2667,	0xc4,
	0x2685,	0xbf,
	0x2686,	0x00,
	0x2687,	0xc4,
	0x26a7,	0xb5,
	0x26d5,	0xc1,
	0x26ef,	0x6b,
	0x2705,	0xb3,
	0x2708,	0x00,
	0x2709,	0xef,
	0x270b,	0xc3,
	0x270d,	0x2b,
	0x270e,	0x00,
	0x270f,	0xff,
	0x2710,	0x01,
	0x2711,	0x69,
	0x2712,	0x01,
	0x2713,	0x3b,
	0x271d,	0xb3,
	0x2720,	0x00,
	0x2721,	0xef,
	0x2723,	0xc3,
	0x2725,	0x2b,
	0x2726,	0x00,
	0x2727,	0xff,
	0x2728,	0x01,
	0x2729,	0x69,
	0x272a,	0x01,
	0x272b,	0x3b,
	0x2735,	0xb3,
	0x2738,	0x00,
	0x2739,	0xef,
	0x273b,	0xc3,
	0x273d,	0x2b,
	0x273e,	0x00,
	0x273f,	0xff,
	0x2740,	0x01,
	0x2741,	0x69,
	0x2742,	0x01,
	0x2743,	0x3b,
	0x274d,	0xb3,
	0x2750,	0x00,
	0x2751,	0xef,
	0x2753,	0xc3,
	0x2755,	0x2b,
	0x2756,	0x00,
	0x2757,	0xff,
	0x2758,	0x01,
	0x2759,	0x69,
	0x275a,	0x01,
	0x275b,	0x3b,
	0x3010,	0x01,
	0x3402,	0xaf,
	0x3403,	0x19,
	0x3404,	0x19,
	0x3405,	0x0f,
	0x3406,	0x08,
	0x3408,	0x0f,
	0x3409,	0x08,
	0x340a,	0x03,
	0x341b,	0x30,
	0x344d,	0x02,
	0x344e,	0x02,
	0x3506,	0xf8,
	0x350d,	0x00,
	0x350e,	0xac,
	0x3546,	0xf8,
	0x354d,	0x00,
	0x354e,	0xac,
	0x3586,	0xf8,
	0x3608,	0x00,
	0x3622,	0xa8,
	0x3623,	0x04,
	0x3691,	0x00,
	0x3692,	0x00,
	0x3696,	0x00,
	0x369a,	0x10,
	0x369b,	0x00,
	0x36a5,	0x22,
	0x36a6,	0x80,
	0x36a7,	0x00,
	0x36b0,	0x84,
	0x36b1,	0x00,
	0x36c8,	0x00,
	0x3714,	0x68,
	0x37bc,	0x38,
	0x37c9,	0x00,
	0x3800,	0x08,
	0x3801,	0x00,
	0x3802,	0x06,
	0x3803,	0x00,
	0x3804,	0x18,
	0x3805,	0x1f,
	0x3806,	0x12,
	0x3807,	0x3f,
	0x3808,	0x10,
	0x3809,	0x00,
	0x380a,	0x0c,
	0x380b,	0x00,
	0x380c,	0x04,
	0x380d,	0xb0,
	0x380e,	0x0c,
	0x380f,	0xfa,
	0x3811,	0x10,
	0x3813,	0x21,
	0x3814,	0x11,
	0x3815,	0x11,
	0x3820,	0x44,
	0x3821,	0x00,
	0x3823,	0x04,
	0x3828,	0x08,
	0x3830,	0x08,
	0x3831,	0x10,
	0x3837,	0x10,
	0x383f,	0x00,
	0x384c,	0x04,
	0x384d,	0xb0,
	0x386d,	0x7c,
	0x3889,	0x10,
	0x388b,	0x20,
	0x388c,	0x10,
	0x388d,	0x00,
	0x388e,	0x0c,
	0x388f,	0x00,
	0x3894,	0x10,
	0x3896,	0x00,
	0x38a1,	0x1d,
	0x38a2,	0x98,
	0x38a4,	0x1d,
	0x38a5,	0x98,
	0x38a6,	0x20,
	0x38a9,	0x3b,
	0x38aa,	0x30,
	0x38ab,	0x00,
	0x38ad,	0x1d,
	0x38ae,	0x98,
	0x38b0,	0x01,
	0x38db,	0xe1,
	0x3f00,	0x06,
	0x3f30,	0x00,
	0x3f70,	0x02,
	0x3f72,	0x0a,
	0x3f74,	0x0a,
	0x3f76,	0x16,
	0x3f78,	0x16,
	0x3f7a,	0x16,
	0x3f7c,	0x0e,
	0x3f7e,	0x0e,
	0x3f80,	0x0e,
	0x3f8e,	0x02,
	0x3f90,	0x0a,
	0x3f92,	0x0a,
	0x400e,	0x14,
	0x400f,	0x30,
	0x4010,	0xf4,
	0x4012,	0x50,
	0x4016,	0x3d,
	0x4018,	0x1f,
	0x4506,	0x01,
	0x4509,	0x07,
	0x450c,	0x00,
	0x450d,	0x30,
	0x4546,	0x09,
	0x4547,	0x60,
	0x4549,	0x00,
	0x4580,	0x05,
	0x45c0,	0x05,
	0x45cb,	0xff,
	0x45cc,	0x02,
	0x45cd,	0x00,
	0x45ce,	0x00,
	0x4602,	0x00,
	0x4603,	0x15,
	0x460b,	0x07,
	0x4640,	0x00,
	0x4641,	0x80,
	0x4643,	0x08,
	0x4680,	0x19,
	0x468e,	0x30,
	0x4690,	0x12,
	0x4692,	0x56,
	0x4693,	0x00,
	0x4695,	0x11,
	0x4697,	0x11,
	0x46c0,	0x01,
	0x46c2,	0x04,
	0x46cb,	0xff,
	0x4701,	0x40,
	0x4703,	0x08,
	0x47c0,	0x05,
	0x47c2,	0x02,
	0x47c4,	0x05,
	0x47c6,	0x01,
	0x47c8,	0x05,
	0x47ca,	0x02,
	0x47cc,	0x05,
	0x47ce,	0x01,
	0x4808,	0x54,
	0x4813,	0x10,
	0x4836,	0x32,
	0x490e,	0x00,
	0x490f,	0x30,
	0x4910,	0x00,
	0x4912,	0x00,
	0x4a0e,	0x00,
	0x4a0f,	0x30,
	0x4a10,	0x00,
	0x4a12,	0x00,
	0x4b00,	0x00,
	0x4b10,	0x02,
	0x4b11,	0x06,
	0x4b12,	0x02,
	0x4b13,	0x06,
	0x4b14,	0x02,
	0x4b15,	0x06,
	0x4b16,	0x0a,
	0x4b17,	0x0e,
	0x4b20,	0x02,
	0x4b21,	0x06,
	0x4b22,	0x02,
	0x4b23,	0x06,
	0x4b24,	0x02,
	0x4b25,	0x06,
	0x4b26,	0x0a,
	0x4b27,	0x0e,
	0x4b30,	0x02,
	0x4b31,	0x06,
	0x4b32,	0x02,
	0x4b33,	0x06,
	0x4b34,	0x02,
	0x4b35,	0x06,
	0x4b36,	0x0a,
	0x4b37,	0x0e,
	0x4b3d,	0x00,
	0x4b3f,	0x00,
	0x4b41,	0x08,
	0x4b42,	0x00,
	0x4b43,	0x08,
	0x4b45,	0x08,
	0x4b46,	0x00,
	0x4b47,	0x08,
	0x4b48,	0x02,
	0x4b49,	0x00,
	0x4b4a,	0x01,
	0x4b4b,	0x00,
	0x4b51,	0x06,
	0x4b52,	0x02,
	0x4b53,	0x06,
	0x4b54,	0x02,
	0x4b55,	0x06,
	0x4b56,	0x0a,
	0x4b57,	0x0e,
	0x4b5a,	0x08,
	0x4b61,	0x06,
	0x4b62,	0x02,
	0x4b63,	0x06,
	0x4b64,	0x02,
	0x4b65,	0x06,
	0x4b66,	0x0a,
	0x4b67,	0x0e,
	0x4b6a,	0x08,
	0x4b71,	0x06,
	0x4b72,	0x02,
	0x4b73,	0x06,
	0x4b74,	0x02,
	0x4b75,	0x06,
	0x4b76,	0x0a,
	0x4b77,	0x0e,
	0x4b7a,	0x08,
	0x4b7d,	0x00,
	0x4b7f,	0x00,
	0x4b82,	0x00,
	0x4b83,	0x08,
	0x4b85,	0x08,
	0x4b86,	0x00,
	0x4b87,	0x08,
	0x4b88,	0x02,
	0x4b89,	0x00,
	0x4b8a,	0x01,
	0x4b8b,	0x00,
	0x4b91,	0x06,
	0x4b92,	0x02,
	0x4b93,	0x06,
	0x4b94,	0x02,
	0x4b95,	0x06,
	0x4b96,	0x0a,
	0x4b97,	0x0e,
	0x4b9a,	0x08,
	0x4ba1,	0x06,
	0x4ba2,	0x02,
	0x4ba3,	0x06,
	0x4ba4,	0x02,
	0x4ba5,	0x06,
	0x4ba6,	0x0a,
	0x4ba7,	0x0e,
	0x4baa,	0x08,
	0x4bb1,	0x06,
	0x4bb2,	0x02,
	0x4bb3,	0x06,
	0x4bb4,	0x02,
	0x4bb5,	0x06,
	0x4bb6,	0x0a,
	0x4bb7,	0x0e,
	0x4bba,	0x08,
	0x4bbd,	0x00,
	0x4bbf,	0x00,
	0x4bc2,	0x00,
	0x4bc3,	0x08,
	0x4bc5,	0x08,
	0x4bc6,	0x00,
	0x4bc7,	0x08,
	0x4bc8,	0x02,
	0x4bc9,	0x00,
	0x4bca,	0x01,
	0x4bcb,	0x00,
	0x5000,	0xdf,
	0x5001,	0x00,
	0x5002,	0x40,
	0x5003,	0xc0,
	0x5016,	0x11,
	0x5017,	0x00,
	0x50b3,	0x00,
	0x51a7,	0xc0,
	0x54a7,	0xc0,
	0x57a7,	0xc0,
	0x5a60,	0x7b,
	0x5b95,	0x45,
	0x5b97,	0x0c,
	0x5b98,	0x08,
	0x5b99,	0x00,
	0x5bc0,	0x1f,
	0x5e00,	0x7b,
	0x5f35,	0x45,
	0x5f37,	0x0c,
	0x5f38,	0x08,
	0x5f39,	0x00,
	0x5f60,	0x1f,
	0x6200,	0x21,
	0x6201,	0x20,
	0x6365,	0x00,
	0x6382,	0x04,
	0x6392,	0x04,
	0x64a0,	0x01,
	0x64a1,	0x00,
	0x64a2,	0x40,
	0xc400,	0x10,
	0xc405,	0x0a,
	0xc406,	0x0a,
	0xc407,	0x0a,
	0xc408,	0x0a,
	0xc409,	0x0a,
	0xc40a,	0x0a,
	0xc40b,	0x0a,
	0xc40c,	0x0a,
	0xc40d,	0x0a,
	0xc40e,	0x0a,
	0xc40f,	0x0a,
	0xc410,	0x0a,
	0xc411,	0x0a,
	0xc412,	0x0a,
	0xc413,	0x0a,
	0xc414,	0x0a,
	0xc41c,	0xc8,
	0xc41e,	0xc8,
	0xc420,	0xc8,
	0xc422,	0xc8,
	0xc424,	0xc8,
	0xc426,	0xc8,
	0xc428,	0xc8,
	0xc42a,	0xc8,
	0xc42c,	0xc8,
	0xc42e,	0xc8,
	0xc430,	0xc8,
	0xc432,	0xc8,
	0xc434,	0xc8,
	0xc435,	0x0a,
	0xc436,	0x0a,
	0xc437,	0x0a,
	0xc438,	0x0a,
	0xc439,	0x0a,
	0xc43a,	0x0a,
	0xc43b,	0x0a,
	0xc43c,	0x0a,
	0xc43d,	0x0a,
	0xc43e,	0x0a,
	0xc43f,	0x0a,
	0xc440,	0x0a,
	0xc441,	0x0a,
	0xc442,	0x0a,
	0xc443,	0x0a,
	0xc444,	0x0a,
	0xc464,	0x30,
	0xc465,	0x30,
	0xc466,	0x30,
	0xc804,	0x1e,
	0xc805,	0x1e,
	0xc806,	0x1d,
	0xc807,	0x1d,
	0xc808,	0x16,
	0xc809,	0x10,
	0xc80c,	0x3f,
	0xc81d,	0x03,
	0xc81e,	0x03,
	0xc820,	0x03,
	0xc829,	0x01,
	0xc82a,	0x10,
	0xc82b,	0x15,
	0xc82c,	0x1b,
	0xc82d,	0x1c,
	0xc85a,	0x2d,
	0xc85b,	0x2d,
	0xc85c,	0x1d,
	0xc85d,	0x2d,
	0xc85e,	0x2d,
	0xc85f,	0x1d,
	0xc860,	0x24,
	0xc861,	0x25,
	0xc862,	0x1d,
	0xc863,	0x24,
	0xc864,	0x25,
	0xc865,	0x1d,
	0xc873,	0x10,
	0xc874,	0x10,
	0xc875,	0x10,
	0xc898,	0x1b,
	0xc899,	0x1b,
	0xc89a,	0x2b,
	0xc89b,	0x1a,
	0xc89c,	0x1b,
	0xc89d,	0xfe,
	0xc8a5,	0x15,
	0xc8a6,	0x0f,
	0xc8a7,	0x09,
	0xc8a8,	0x08,
	0xc8aa,	0x07,
	0xc8b1,	0x06,
	0xc8b2,	0x10,
	0xc8b3,	0x24,
	0xc8b4,	0x40,
	0xc8b5,	0x3e,
	0xc8b6,	0x40,
	0xc8b7,	0x0c,
	0xc8b8,	0x0c,
	0xc8b9,	0x16,
	0xc8ba,	0x2a,
	0xc8bb,	0x28,
	0xc8bc,	0x24,
	0xc8bd,	0x00,
	0xc8be,	0x00,
	0xc8bf,	0x00,
	0xc8c3,	0x00,
	0xc8c4,	0x00,
	0xc8c5,	0x00,
	0xc8ca,	0x02,
	0xc8cb,	0x01,
	0xc8cc,	0x0d,
	0xc8cd,	0x02,
	0xc8ce,	0x03,
	0xc8cf,	0x02,
	0xc8d0,	0x03,
	0xc8d1,	0x00,
	0xc8d2,	0x02,
	0xc8d3,	0x00,
	0xc8d4,	0x00,
	0xc8d5,	0x00,
	0xc8d6,	0x00,
	0xc8d7,	0x68,
	0xc8d8,	0x68,
	0xc8d9,	0x68,
	0xc8da,	0x03,
	0xc8db,	0x66,
	0xc8dc,	0x66,
	0xc8dd,	0x66,
	0xc8de,	0x66,
	0xc8df,	0x66,
	0xc8e0,	0x66,
	0xc8e1,	0x67,
	0xc8e2,	0x67,
	0xc8e3,	0x67,
	0xc8e4,	0x67,
	0xc8e5,	0x0f,
	0xc8e6,	0x0f,
	0xc8e7,	0x0f,
	0xc8e9,	0x0f,
	0xc8ea,	0x0f,
	0xc8eb,	0x0f,
	0xc8ec,	0x0f,
	0xc8ed,	0x0f,
	0xc8ee,	0x0f,
	0xc8f3,	0x13,
	0xc8f4,	0x16,
	0xc8f5,	0x16,
	0xc8f6,	0x10,
	0xc8f7,	0x1a,
	0xc8f8,	0x15,
	0xc8f9,	0x10,
	0xc8fa,	0x10,
	0xc8fb,	0x10,
	0xc8fc,	0x14,
	0xc8fd,	0x14,
	0xc8fe,	0x1e,
	0xc8ff,	0x1e,
	0xc900,	0x16,
	0xc903,	0x0b,
	0xc904,	0x11,
	0xc906,	0x1a,
	0xc907,	0x1a,
	0xc908,	0x1a,
	0xc924,	0x03,
	0xc925,	0x03,
	0xc930,	0x05,
	0xc931,	0x13,
	0xc933,	0x1d,
	0xc95c,	0x2d,
	0xc95d,	0x25,
	0xc95e,	0x1b,
	0xc95f,	0x2d,
	0xc960,	0x25,
	0xc961,	0x1b,
	0xc962,	0x2d,
	0xc963,	0x1b,
	0xc964,	0x1b,
	0xc965,	0x2d,
	0xc966,	0x1b,
	0xc967,	0x1b,
	0xc975,	0x10,
	0xc976,	0x10,
	0xc977,	0x10,
	0xc999,	0x38,
	0xc99a,	0x00,
	0xc99c,	0x13,
	0xc99d,	0x21,
	0xc99f,	0xaa,
	0xc9a7,	0x00,
	0xc9a8,	0x20,
	0xc9a9,	0x00,
	0xc9aa,	0x00,
	0xc9b3,	0x06,
	0xc9b4,	0x06,
	0xc9b5,	0x0a,
	0xc9b9,	0x0a,
	0xc9ba,	0x0a,
	0xc9bb,	0x0a,
	0xc9bf,	0x00,
	0xc9c0,	0x04,
	0xc9c1,	0x07,
	0xc9c2,	0x07,
	0xc9c5,	0x00,
	0xc9c7,	0x14,
	0xc9c8,	0x26,
	0xc9cc,	0x00,
	0xc9cd,	0x00,
	0xc9ce,	0x08,
	0xc9cf,	0x01,
	0xc9d0,	0x02,
	0xc9d1,	0x01,
	0xc9d2,	0x02,
	0xc9d3,	0x01,
	0xc9d4,	0x02,
	0xc9d9,	0x9c,
	0xc9da,	0x9c,
	0xc9db,	0x9c,
	0xc9dc,	0x59,
	0xc9dd,	0x9c,
	0xc9de,	0x9c,
	0xc9df,	0x9c,
	0xc9e0,	0x9c,
	0xc9e1,	0x9c,
	0xc9e2,	0x9c,
	0xc9e3,	0x9c,
	0xc9e4,	0x9c,
	0xc9e5,	0x9c,
	0xc9e6,	0x9c,
	0xc9ea,	0x0f,
	0xc9eb,	0x0f,
	0xc9ec,	0x0f,
	0xc9f5,	0x12,
	0xc9f6,	0x12,
	0xc9f7,	0x08,
	0xc9f8,	0x12,
	0xc9f9,	0x0a,
	0xc9fa,	0x08,
	0xc9fb,	0x08,
	0xc9fc,	0x10,
	0xc9fd,	0x16,
	0xc9fe,	0x1f,
	0xca0b,	0x0b,
	0xca0c,	0x11,
	0xca0e,	0x1a,
	0xca0f,	0x1a,
	0xca10,	0x1a,
	0xca17,	0x21,
	0xca1b,	0x3f,
	0xd013,	0x36,
	0xd023,	0x36,
	0xd027,	0x64,
	0xd02b,	0xf0,
	0xd02f,	0x73,
	0xd034,	0x01,
	0xd03b,	0xd3,
	0xd083,	0x08,
	0xd087,	0x53,
	0xd08f,	0x08,
	0xd093,	0x53,
	0xd0a7,	0x04,
	0xd0ab,	0x08,
	0xd0af,	0x03,
	0xd0b3,	0x08,
	0xd0bb,	0x0d,
	0xd0c3,	0x08,
	0xd0ce,	0x00,
	0xd0cf,	0x00,
	0xd143,	0x8c,
	0xd1f9,	0xf1,
	0xd1fb,	0xfd,
	0xd211,	0xf1,
	0xd213,	0xfd,
	0xd241,	0xf1,
	0xd243,	0xfd,
	0xd261,	0xf1,
	0xd263,	0xfd,
	0xd2a1,	0xf1,
	0xd2a3,	0xfd,
	0xd2c1,	0xf1,
	0xd2c3,	0xfd,
	0xd309,	0xff,
	0xd30a,	0x01,
	0xd30b,	0x73,
	0xd30d,	0x00,
	0xd30e,	0x00,
	0xd30f,	0x00,
	0xd514,	0x01,
	0xd515,	0x05,
	0xdbfd,	0xff,
	0xdbff,	0x00,
	0xdc01,	0x00,
	0xddf7,	0x41,
	0xde7b,	0x41,
	0xdeef,	0x41,
	0xdf37,	0x41,
	0xe30c,	0x01,
	0xe30d,	0x0d,
	0xe30e,	0x01,
	0xe30f,	0x69,
	0xe310,	0x00,
	0xe311,	0x00,
	0xe312,	0x00,
	0xe313,	0x00,
	0xe4d7,	0xf1,
	0xe4ed,	0xfd,
	0xe507,	0xf1,
	0xe51d,	0xfd,
	0xe5f9,	0xfb,
	0xe5fa,	0x01,
	0xe5fb,	0x00,
	0xe611,	0xfb,
	0xe612,	0x01,
	0xe613,	0x00,
	0xe629,	0xfb,
	0xe62a,	0x01,
	0xe62b,	0x00,
	0xe649,	0xfb,
	0xe64a,	0x01,
	0xe64b,	0x00,
	0xe665,	0xfb,
	0xe666,	0x01,
	0xe667,	0x00,
	0xe685,	0xfb,
	0xe686,	0x01,
	0xe687,	0x00,
	0xe6a7,	0xf1,
	0xe6bf,	0xf1,
	0xe6d5,	0xfd,
	0xe6ed,	0xfd,
	0xe708,	0x01,
	0xe709,	0x73,
	0xe70b,	0xff,
	0xe70c,	0x00,
	0xe70d,	0x00,
	0xe70f,	0x00,
	0xe720,	0x01,
	0xe721,	0x73,
	0xe723,	0xff,
	0xe724,	0x00,
	0xe725,	0x00,
	0xe727,	0x00,
	0xe738,	0x01,
	0xe739,	0x73,
	0xe73b,	0xff,
	0xe73c,	0x00,
	0xe73d,	0x00,
	0xe73f,	0x00,
	0xe750,	0x01,
	0xe751,	0x73,
	0xe753,	0xff,
	0xe754,	0x00,
	0xe755,	0x00,
	0xe757,	0x00,
	// ois off
	0x3002, 0x00,	//	bit[7] = 1 ; set VSYNC as output
	0x3680, 0x00,	//	assign VSYNC for OIS pin
	0x38f3, 0x00,	//	Enable OIS function
	0x38f4, 0x08,	//	bit[7:0] offset1[7:0]
	0x38f5, 0x00,	//	bit[7:4] for offset2[11:8]; bit[3:0] for offset1[11:8]
	0x38f6, 0x08,	//	bit[7:4] offset2[7:0]
	0x38af, 0x40,	//	Bit[6]: OIS function signal polarity
};

// custom10 mode 14: 2x bokeh
// Mode_
static u16 warholovx9500wide_custom10_setting[] = {
	0x0345,	0x40,
	0x0360,	0x01,
	0x100f,	0x62,
	0x101f,	0x62,
	0x1023,	0x37,
	0x1027,	0x4b,
	0x102b,	0xa2,
	0x102f,	0xd0,
	0x1034,	0x00,
	0x103b,	0xd0,
	0x1040,	0x00,
	0x1047,	0xb4,
	0x107a,	0x88,
	0x107b,	0x08,
	0x107e,	0x8b,
	0x107f,	0x03,
	0x1083,	0x0a,
	0x1087,	0x33,
	0x1093,	0x58,
	0x10a7,	0x02,
	0x10ab,	0x00,
	0x10ae,	0x8d,
	0x10af,	0x02,
	0x10b2,	0x8f,
	0x10b6,	0x92,
	0x10b7,	0x03,
	0x10ba,	0x95,
	0x10bb,	0x04,
	0x10be,	0x97,
	0x10c2,	0x9b,
	0x10c3,	0x10,
	0x10c6,	0x00,
	0x10c7,	0x00,
	0x1141,	0x00,
	0x1143,	0x00,
	0x11f9,	0xb5,
	0x11fb,	0xc1,
	0x1211,	0xb5,
	0x1213,	0xc1,
	0x1241,	0xb5,
	0x1243,	0xc1,
	0x1261,	0xb5,
	0x1263,	0xc1,
	0x12a1,	0xb5,
	0x12a3,	0xc1,
	0x12c1,	0xb5,
	0x12c3,	0xc1,
	0x130d,	0xc3,
	0x130e,	0x00,
	0x130f,	0xef,
	0x1310,	0x00,
	0x1311,	0xff,
	0x1313,	0x2b,
	0x1314,	0x01,
	0x1315,	0x43,
	0x1316,	0x01,
	0x1317,	0x69,
	0x1514,	0x00,
	0x1515,	0xc9,
	0x1bd1,	0x85,
	0x1c01,	0xc3,
	0x1c02,	0x00,
	0x1c03,	0xef,
	0x1c04,	0x00,
	0x1c05,	0xff,
	0x1c06,	0x01,
	0x1c07,	0x2b,
	0x1c08,	0x01,
	0x1c09,	0x3b,
	0x24ef,	0x6b,
	0x2507,	0xb5,
	0x251d,	0xc1,
	0x25f9,	0xbf,
	0x25fa,	0x00,
	0x25fb,	0xc4,
	0x2611,	0xbf,
	0x2612,	0x00,
	0x2613,	0xc4,
	0x2629,	0xbf,
	0x262a,	0x00,
	0x262b,	0xc4,
	0x2649,	0xbf,
	0x264a,	0x00,
	0x264b,	0xc4,
	0x2665,	0xbf,
	0x2666,	0x00,
	0x2667,	0xc4,
	0x2685,	0xbf,
	0x2686,	0x00,
	0x2687,	0xc4,
	0x26a7,	0xb5,
	0x26d5,	0xc1,
	0x26ef,	0x6b,
	0x2705,	0xb3,
	0x2708,	0x00,
	0x2709,	0xef,
	0x270b,	0xc3,
	0x270d,	0x2b,
	0x270e,	0x00,
	0x270f,	0xff,
	0x2710,	0x01,
	0x2711,	0x69,
	0x2712,	0x01,
	0x2713,	0x3b,
	0x271d,	0xb3,
	0x2720,	0x00,
	0x2721,	0xef,
	0x2723,	0xc3,
	0x2725,	0x2b,
	0x2726,	0x00,
	0x2727,	0xff,
	0x2728,	0x01,
	0x2729,	0x69,
	0x272a,	0x01,
	0x272b,	0x3b,
	0x2735,	0xb3,
	0x2738,	0x00,
	0x2739,	0xef,
	0x273b,	0xc3,
	0x273d,	0x2b,
	0x273e,	0x00,
	0x273f,	0xff,
	0x2740,	0x01,
	0x2741,	0x69,
	0x2742,	0x01,
	0x2743,	0x3b,
	0x274d,	0xb3,
	0x2750,	0x00,
	0x2751,	0xef,
	0x2753,	0xc3,
	0x2755,	0x2b,
	0x2756,	0x00,
	0x2757,	0xff,
	0x2758,	0x01,
	0x2759,	0x69,
	0x275a,	0x01,
	0x275b,	0x3b,
	0x3010,	0x01,
	0x3402,	0xaf,
	0x3403,	0x19,
	0x3404,	0x19,
	0x3405,	0x0f,
	0x3406,	0x08,
	0x3408,	0x0f,
	0x3409,	0x08,
	0x340a,	0x03,
	0x341b,	0x30,
	0x344d,	0x02,
	0x344e,	0x02,
	0x3506,	0xf8,
	0x350d,	0x00,
	0x350e,	0xb1,
	0x3546,	0xf8,
	0x354d,	0x00,
	0x354e,	0xb1,
	0x3586,	0xf8,
	0x3608,	0x01,
	0x3622,	0x88,
	0x3623,	0x08,
	0x3691,	0x00,
	0x3692,	0x00,
	0x3696,	0x00,
	0x369a,	0x10,
	0x369b,	0x00,
	0x36a5,	0x02,
	0x36a6,	0x40,
	0x36a7,	0x00,
	0x36b0,	0x84,
	0x36b1,	0x00,
	0x36c8,	0x01,
	0x3714,	0x62,
	0x37bc,	0x08,
	0x37c9,	0x00,
	0x3800,	0x00,
	0x3801,	0x00,
	0x3802,	0x00,
	0x3803,	0x00,
	0x3804,	0x20,
	0x3805,	0x1f,
	0x3806,	0x18,
	0x3807,	0x3f,
	0x3808,	0x10,
	0x3809,	0x00,
	0x380a,	0x0c,
	0x380b,	0x00,
	0x380c,	0x04,
	0x380d,	0xb0,
	0x380e,	0x0c,
	0x380f,	0xfa,
	0x3811,	0x08,
	0x3813,	0x18,
	0x3814,	0x11,
	0x3815,	0x11,
	0x3820,	0x46,
	0x3821,	0x10,
	0x3823,	0x04,
	0x3828,	0x02,
	0x3830,	0x02,
	0x3831,	0x12,
	0x3837,	0x04,
	0x383f,	0x00,
	0x384c,	0x04,
	0x384d,	0xb0,
	0x386d,	0x7c,
	0x3889,	0x08,
	0x388b,	0x10,
	0x388c,	0x10,
	0x388d,	0x00,
	0x388e,	0x0c,
	0x388f,	0x00,
	0x3894,	0x10,
	0x3896,	0x00,
	0x38a1,	0x1d,
	0x38a2,	0x98,
	0x38a4,	0x1d,
	0x38a5,	0x98,
	0x38a6,	0x20,
	0x38a9,	0x3b,
	0x38aa,	0x30,
	0x38ab,	0x00,
	0x38ad,	0x1d,
	0x38ae,	0x98,
	0x38b0,	0x01,
	0x38db,	0xe1,
	0x3f00,	0x06,
	0x3f30,	0x04,
	0x3f70,	0x06,
	0x3f72,	0x14,
	0x3f74,	0x14,
	0x3f76,	0x08,
	0x3f78,	0x08,
	0x3f7a,	0x08,
	0x3f7c,	0x0e,
	0x3f7e,	0x0e,
	0x3f80,	0x0e,
	0x3f8e,	0x08,
	0x3f90,	0x08,
	0x3f92,	0x08,
	0x400e,	0x1c,
	0x400f,	0x60,
	0x4010,	0xf4,
	0x4012,	0x50,
	0x4016,	0x1d,
	0x4018,	0x0f,
	0x4506,	0x01,
	0x4509,	0x07,
	0x450c,	0x00,
	0x450d,	0x60,
	0x4546,	0x04,
	0x4547,	0xb0,
	0x4549,	0x00,
	0x4580,	0x05,
	0x45c0,	0x45,
	0x45cb,	0xf0,
	0x45cc,	0x02,
	0x45cd,	0x00,
	0x45ce,	0x00,
	0x4602,	0x00,
	0x4603,	0x15,
	0x460b,	0x07,
	0x4640,	0x01,
	0x4641,	0x00,
	0x4643,	0x0c,
	0x4680,	0x09,
	0x468e,	0x30,
	0x4690,	0x11,
	0x4692,	0x56,
	0x4693,	0x00,
	0x4695,	0x11,
	0x4697,	0x11,
	0x46c0,	0x01,
	0x46c2,	0x04,
	0x46cb,	0xff,
	0x4701,	0x40,
	0x4703,	0x08,
	0x47c0,	0x05,
	0x47c2,	0x02,
	0x47c4,	0x05,
	0x47c6,	0x01,
	0x47c8,	0x05,
	0x47ca,	0x02,
	0x47cc,	0x05,
	0x47ce,	0x01,
	0x4808,	0x54,
	0x4813,	0x10,
	0x4836,	0x32,
	0x490e,	0x08,
	0x490f,	0x60,
	0x4910,	0x00,
	0x4912,	0x00,
	0x4a0e,	0x08,
	0x4a0f,	0x60,
	0x4a10,	0x00,
	0x4a12,	0x00,
	0x4b00,	0x00,
	0x4b10,	0x02,
	0x4b11,	0x06,
	0x4b12,	0x02,
	0x4b13,	0x06,
	0x4b14,	0x02,
	0x4b15,	0x06,
	0x4b16,	0x0a,
	0x4b17,	0x0e,
	0x4b20,	0x02,
	0x4b21,	0x06,
	0x4b22,	0x02,
	0x4b23,	0x06,
	0x4b24,	0x02,
	0x4b25,	0x06,
	0x4b26,	0x0a,
	0x4b27,	0x0e,
	0x4b30,	0x02,
	0x4b31,	0x06,
	0x4b32,	0x02,
	0x4b33,	0x06,
	0x4b34,	0x02,
	0x4b35,	0x06,
	0x4b36,	0x0a,
	0x4b37,	0x0e,
	0x4b3d,	0x00,
	0x4b3f,	0x00,
	0x4b41,	0x08,
	0x4b42,	0x00,
	0x4b43,	0x08,
	0x4b45,	0x08,
	0x4b46,	0x00,
	0x4b47,	0x08,
	0x4b48,	0x02,
	0x4b49,	0x00,
	0x4b4a,	0x01,
	0x4b4b,	0x00,
	0x4b51,	0x06,
	0x4b52,	0x02,
	0x4b53,	0x06,
	0x4b54,	0x02,
	0x4b55,	0x06,
	0x4b56,	0x0a,
	0x4b57,	0x0e,
	0x4b5a,	0x08,
	0x4b61,	0x06,
	0x4b62,	0x02,
	0x4b63,	0x06,
	0x4b64,	0x02,
	0x4b65,	0x06,
	0x4b66,	0x0a,
	0x4b67,	0x0e,
	0x4b6a,	0x08,
	0x4b71,	0x06,
	0x4b72,	0x02,
	0x4b73,	0x06,
	0x4b74,	0x02,
	0x4b75,	0x06,
	0x4b76,	0x0a,
	0x4b77,	0x0e,
	0x4b7a,	0x08,
	0x4b7d,	0x00,
	0x4b7f,	0x00,
	0x4b82,	0x00,
	0x4b83,	0x08,
	0x4b85,	0x08,
	0x4b86,	0x00,
	0x4b87,	0x08,
	0x4b88,	0x02,
	0x4b89,	0x00,
	0x4b8a,	0x01,
	0x4b8b,	0x00,
	0x4b91,	0x06,
	0x4b92,	0x02,
	0x4b93,	0x06,
	0x4b94,	0x02,
	0x4b95,	0x06,
	0x4b96,	0x0a,
	0x4b97,	0x0e,
	0x4b9a,	0x08,
	0x4ba1,	0x06,
	0x4ba2,	0x02,
	0x4ba3,	0x06,
	0x4ba4,	0x02,
	0x4ba5,	0x06,
	0x4ba6,	0x0a,
	0x4ba7,	0x0e,
	0x4baa,	0x08,
	0x4bb1,	0x06,
	0x4bb2,	0x02,
	0x4bb3,	0x06,
	0x4bb4,	0x02,
	0x4bb5,	0x06,
	0x4bb6,	0x0a,
	0x4bb7,	0x0e,
	0x4bba,	0x08,
	0x4bbd,	0x00,
	0x4bbf,	0x00,
	0x4bc2,	0x00,
	0x4bc3,	0x08,
	0x4bc5,	0x08,
	0x4bc6,	0x00,
	0x4bc7,	0x08,
	0x4bc8,	0x02,
	0x4bc9,	0x00,
	0x4bca,	0x01,
	0x4bcb,	0x00,
	0x5000,	0x0f,
	0x5001,	0x00,
	0x5002,	0x40,
	0x5003,	0xc0,
	0x5016,	0x11,
	0x5017,	0x00,
	0x50b3,	0x00,
	0x51a7,	0xc0,
	0x54a7,	0xc0,
	0x57a7,	0xc0,
	0x5a60,	0x7b,
	0x5b95,	0x45,
	0x5b97,	0x0c,
	0x5b98,	0x08,
	0x5b99,	0x00,
	0x5bc0,	0x1f,
	0x5e00,	0x7b,
	0x5f35,	0x45,
	0x5f37,	0x0c,
	0x5f38,	0x08,
	0x5f39,	0x00,
	0x5f60,	0x1f,
	0x6200,	0x60,
	0x6201,	0x00,
	0x6365,	0x00,
	0x6382,	0x03,
	0x6392,	0x03,
	0x64a0,	0x01,
	0x64a1,	0x00,
	0x64a2,	0x40,
	0xc400,	0x11,
	0xc405,	0x12,
	0xc406,	0x12,
	0xc407,	0x00,
	0xc408,	0x00,
	0xc409,	0x00,
	0xc40a,	0x00,
	0xc40b,	0x00,
	0xc40c,	0x00,
	0xc40d,	0x00,
	0xc40e,	0x00,
	0xc40f,	0x00,
	0xc410,	0x00,
	0xc411,	0x00,
	0xc412,	0x00,
	0xc413,	0x00,
	0xc414,	0x00,
	0xc41c,	0x00,
	0xc41e,	0x00,
	0xc420,	0x00,
	0xc422,	0x00,
	0xc424,	0x00,
	0xc426,	0x00,
	0xc428,	0x00,
	0xc42a,	0x00,
	0xc42c,	0x00,
	0xc42e,	0x00,
	0xc430,	0x00,
	0xc432,	0x00,
	0xc434,	0x00,
	0xc435,	0x12,
	0xc436,	0x12,
	0xc437,	0x00,
	0xc438,	0x00,
	0xc439,	0x00,
	0xc43a,	0x00,
	0xc43b,	0x00,
	0xc43c,	0x00,
	0xc43d,	0x00,
	0xc43e,	0x00,
	0xc43f,	0x00,
	0xc440,	0x00,
	0xc441,	0x00,
	0xc442,	0x00,
	0xc443,	0x00,
	0xc444,	0x00,
	0xc464,	0x60,
	0xc465,	0x60,
	0xc466,	0x60,
	0xc804,	0x1d,
	0xc805,	0x1d,
	0xc806,	0x1c,
	0xc807,	0x1c,
	0xc808,	0x16,
	0xc809,	0x10,
	0xc80c,	0x0f,
	0xc81d,	0x03,
	0xc81e,	0x03,
	0xc820,	0x03,
	0xc829,	0x01,
	0xc82a,	0x10,
	0xc82b,	0x15,
	0xc82c,	0x1b,
	0xc82d,	0x1c,
	0xc85a,	0x3f,
	0xc85b,	0x3f,
	0xc85c,	0x3f,
	0xc85d,	0x3f,
	0xc85e,	0x3f,
	0xc85f,	0x3f,
	0xc860,	0x2d,
	0xc861,	0x2d,
	0xc862,	0x3f,
	0xc863,	0x2d,
	0xc864,	0x2d,
	0xc865,	0x3f,
	0xc873,	0x10,
	0xc874,	0x10,
	0xc875,	0x10,
	0xc898,	0x0b,
	0xc899,	0x00,
	0xc89a,	0x00,
	0xc89b,	0x00,
	0xc89c,	0x00,
	0xc89d,	0xea,
	0xc8a5,	0x1f,
	0xc8a6,	0x12,
	0xc8a7,	0x0b,
	0xc8a8,	0x0f,
	0xc8aa,	0x00,
	0xc8b1,	0x06,
	0xc8b2,	0x0a,
	0xc8b3,	0x18,
	0xc8b4,	0x37,
	0xc8b5,	0x00,
	0xc8b6,	0x00,
	0xc8b7,	0x0b,
	0xc8b8,	0x0b,
	0xc8b9,	0x16,
	0xc8ba,	0x2c,
	0xc8bb,	0x00,
	0xc8bc,	0x00,
	0xc8bd,	0x02,
	0xc8be,	0x02,
	0xc8bf,	0x04,
	0xc8c3,	0x0a,
	0xc8c4,	0x0a,
	0xc8c5,	0x0a,
	0xc8ca,	0x00,
	0xc8cb,	0x03,
	0xc8cc,	0x12,
	0xc8cd,	0x04,
	0xc8ce,	0x03,
	0xc8cf,	0x03,
	0xc8d0,	0x03,
	0xc8d1,	0x01,
	0xc8d2,	0x02,
	0xc8d3,	0x01,
	0xc8d4,	0x01,
	0xc8d5,	0x02,
	0xc8d6,	0x02,
	0xc8d7,	0x68,
	0xc8d8,	0x67,
	0xc8d9,	0x67,
	0xc8da,	0x03,
	0xc8db,	0x66,
	0xc8dc,	0x66,
	0xc8dd,	0x66,
	0xc8de,	0x66,
	0xc8df,	0x66,
	0xc8e0,	0x66,
	0xc8e1,	0x66,
	0xc8e2,	0x66,
	0xc8e3,	0x66,
	0xc8e4,	0x66,
	0xc8e5,	0x0f,
	0xc8e6,	0x0f,
	0xc8e7,	0x0f,
	0xc8e9,	0x0f,
	0xc8ea,	0x0f,
	0xc8eb,	0x0f,
	0xc8ec,	0x0f,
	0xc8ed,	0x0f,
	0xc8ee,	0x0f,
	0xc8f3,	0x1e,
	0xc8f4,	0x1e,
	0xc8f5,	0x16,
	0xc8f6,	0x08,
	0xc8f7,	0x10,
	0xc8f8,	0x18,
	0xc8f9,	0x05,
	0xc8fa,	0x05,
	0xc8fb,	0x0a,
	0xc8fc,	0x0a,
	0xc8fd,	0x00,
	0xc8fe,	0x00,
	0xc8ff,	0x00,
	0xc900,	0x00,
	0xc903,	0x0b,
	0xc904,	0x11,
	0xc906,	0x1a,
	0xc907,	0x1a,
	0xc908,	0x1a,
	0xc924,	0x03,
	0xc925,	0x03,
	0xc930,	0x05,
	0xc931,	0x13,
	0xc933,	0x1d,
	0xc95c,	0x34,
	0xc95d,	0x3f,
	0xc95e,	0x3f,
	0xc95f,	0x34,
	0xc960,	0x3f,
	0xc961,	0x3f,
	0xc962,	0x22,
	0xc963,	0x3f,
	0xc964,	0x3f,
	0xc965,	0x22,
	0xc966,	0x3f,
	0xc967,	0x3f,
	0xc975,	0x10,
	0xc976,	0x10,
	0xc977,	0x10,
	0xc999,	0x3f,
	0xc99a,	0x00,
	0xc99c,	0x00,
	0xc99d,	0x00,
	0xc99f,	0xd7,
	0xc9a7,	0x2e,
	0xc9a8,	0x2b,
	0xc9a9,	0x00,
	0xc9aa,	0x00,
	0xc9b3,	0x06,
	0xc9b4,	0x04,
	0xc9b5,	0x08,
	0xc9b9,	0x0b,
	0xc9ba,	0x0a,
	0xc9bb,	0x0b,
	0xc9bf,	0x02,
	0xc9c0,	0x02,
	0xc9c1,	0x0e,
	0xc9c2,	0x24,
	0xc9c5,	0x0a,
	0xc9c7,	0x14,
	0xc9c8,	0x27,
	0xc9cc,	0x01,
	0xc9cd,	0x01,
	0xc9ce,	0x00,
	0xc9cf,	0x01,
	0xc9d0,	0x02,
	0xc9d1,	0x00,
	0xc9d2,	0x00,
	0xc9d3,	0x00,
	0xc9d4,	0x00,
	0xc9d9,	0x9c,
	0xc9da,	0x9b,
	0xc9db,	0x9b,
	0xc9dc,	0x57,
	0xc9dd,	0x99,
	0xc9de,	0x99,
	0xc9df,	0x9c,
	0xc9e0,	0x9c,
	0xc9e1,	0x9c,
	0xc9e2,	0x9c,
	0xc9e3,	0x9c,
	0xc9e4,	0x9c,
	0xc9e5,	0x9c,
	0xc9e6,	0x9c,
	0xc9ea,	0x0f,
	0xc9eb,	0x0f,
	0xc9ec,	0x0f,
	0xc9f5,	0x14,
	0xc9f6,	0x0f,
	0xc9f7,	0x0f,
	0xc9f8,	0x0a,
	0xc9f9,	0x06,
	0xc9fa,	0x10,
	0xc9fb,	0x00,
	0xc9fc,	0x00,
	0xc9fd,	0x00,
	0xc9fe,	0x00,
	0xca0b,	0x0b,
	0xca0c,	0x11,
	0xca0e,	0x1a,
	0xca0f,	0x1a,
	0xca10,	0x1a,
	0xca17,	0x81,
	0xca1b,	0x3e,
	0xd013,	0x37,
	0xd023,	0x37,
	0xd027,	0x36,
	0xd02b,	0x96,
	0xd02f,	0x7a,
	0xd034,	0x00,
	0xd03b,	0x7a,
	0xd083,	0x00,
	0xd087,	0x02,
	0xd08f,	0x00,
	0xd093,	0x02,
	0xd0a7,	0x02,
	0xd0ab,	0x09,
	0xd0af,	0x00,
	0xd0b3,	0x00,
	0xd0bb,	0x08,
	0xd0c3,	0x10,
	0xd0ce,	0x41,
	0xd0cf,	0x05,
	0xd143,	0x50,
	0xd1f9,	0xb5,
	0xd1fb,	0xc1,
	0xd211,	0xb5,
	0xd213,	0xc1,
	0xd241,	0xb5,
	0xd243,	0xc1,
	0xd261,	0xb5,
	0xd263,	0xc1,
	0xd2a1,	0xb5,
	0xd2a3,	0xc1,
	0xd2c1,	0xb5,
	0xd2c3,	0xc1,
	0xd309,	0xc3,
	0xd30a,	0x00,
	0xd30b,	0xef,
	0xd30d,	0xff,
	0xd30e,	0x01,
	0xd30f,	0x73,
	0xd514,	0x00,
	0xd515,	0xc9,
	0xdbfd,	0xc3,
	0xdbff,	0xef,
	0xdc01,	0xff,
	0xddf7,	0x42,
	0xde7b,	0x42,
	0xdeef,	0x42,
	0xdf37,	0x42,
	0xe30c,	0x00,
	0xe30d,	0xd1,
	0xe30e,	0x00,
	0xe30f,	0xe7,
	0xe310,	0x01,
	0xe311,	0x0d,
	0xe312,	0x01,
	0xe313,	0x69,
	0xe4d7,	0xb5,
	0xe4ed,	0xc1,
	0xe507,	0xb5,
	0xe51d,	0xc1,
	0xe5f9,	0xbf,
	0xe5fa,	0x00,
	0xe5fb,	0xc4,
	0xe611,	0xbf,
	0xe612,	0x00,
	0xe613,	0xc4,
	0xe629,	0xbf,
	0xe62a,	0x00,
	0xe62b,	0xc4,
	0xe649,	0xbf,
	0xe64a,	0x00,
	0xe64b,	0xc4,
	0xe665,	0xbf,
	0xe666,	0x00,
	0xe667,	0xc4,
	0xe685,	0xbf,
	0xe686,	0x00,
	0xe687,	0xc4,
	0xe6a7,	0xb5,
	0xe6bf,	0xb5,
	0xe6d5,	0xc1,
	0xe6ed,	0xc1,
	0xe708,	0x00,
	0xe709,	0xef,
	0xe70b,	0xc3,
	0xe70c,	0x01,
	0xe70d,	0x73,
	0xe70f,	0xff,
	0xe720,	0x00,
	0xe721,	0xef,
	0xe723,	0xc3,
	0xe724,	0x01,
	0xe725,	0x73,
	0xe727,	0xff,
	0xe738,	0x00,
	0xe739,	0xef,
	0xe73b,	0xc3,
	0xe73c,	0x01,
	0xe73d,	0x73,
	0xe73f,	0xff,
	0xe750,	0x00,
	0xe751,	0xef,
	0xe753,	0xc3,
	0xe754,	0x01,
	0xe755,	0x73,
	0xe757,	0xff,
	// ois off
	0x3002, 0x00,	//	bit[7] = 1 ; set VSYNC as output
	0x3680, 0x00,	//	assign VSYNC for OIS pin
	0x38f3, 0x00,	//	Enable OIS function
	0x38f4, 0x08,	//	bit[7:0] offset1[7:0]
	0x38f5, 0x00,	//	bit[7:4] for offset2[11:8]; bit[3:0] for offset1[11:8]
	0x38f6, 0x08,	//	bit[7:4] offset2[7:0]
	0x38af, 0x40,	//	Bit[6]: OIS function signal polarity
};


// custom11 mode 15: 2x bokeh
// mode
static u16 warholovx9500wide_custom11_setting[] = {
	0x0345,	0x40,
	0x0360,	0x01,
	0x100f,	0x62,
	0x101f,	0x62,
	0x1023,	0x37,
	0x1027,	0x4b,
	0x102b,	0xa2,
	0x102f,	0xd0,
	0x1034,	0x00,
	0x103b,	0xd0,
	0x1040,	0x00,
	0x1047,	0xb4,
	0x107a,	0x88,
	0x107b,	0x08,
	0x107e,	0x8b,
	0x107f,	0x03,
	0x1083,	0x0a,
	0x1087,	0x33,
	0x1093,	0x58,
	0x10a7,	0x02,
	0x10ab,	0x00,
	0x10ae,	0x8d,
	0x10af,	0x02,
	0x10b2,	0x8f,
	0x10b6,	0x92,
	0x10b7,	0x03,
	0x10ba,	0x95,
	0x10bb,	0x04,
	0x10be,	0x97,
	0x10c2,	0x9b,
	0x10c3,	0x10,
	0x10c6,	0x00,
	0x10c7,	0x00,
	0x1141,	0x00,
	0x1143,	0x00,
	0x11f9,	0xb5,
	0x11fb,	0xc1,
	0x1211,	0xb5,
	0x1213,	0xc1,
	0x1241,	0xb5,
	0x1243,	0xc1,
	0x1261,	0xb5,
	0x1263,	0xc1,
	0x12a1,	0xb5,
	0x12a3,	0xc1,
	0x12c1,	0xb5,
	0x12c3,	0xc1,
	0x130d,	0xc3,
	0x130e,	0x00,
	0x130f,	0xef,
	0x1310,	0x00,
	0x1311,	0xff,
	0x1313,	0x2b,
	0x1314,	0x01,
	0x1315,	0x43,
	0x1316,	0x01,
	0x1317,	0x69,
	0x1514,	0x00,
	0x1515,	0xc9,
	0x1bd1,	0x85,
	0x1c01,	0xc3,
	0x1c02,	0x00,
	0x1c03,	0xef,
	0x1c04,	0x00,
	0x1c05,	0xff,
	0x1c06,	0x01,
	0x1c07,	0x2b,
	0x1c08,	0x01,
	0x1c09,	0x3b,
	0x24ef,	0x6b,
	0x2507,	0xb5,
	0x251d,	0xc1,
	0x25f9,	0xbf,
	0x25fa,	0x00,
	0x25fb,	0xc4,
	0x2611,	0xbf,
	0x2612,	0x00,
	0x2613,	0xc4,
	0x2629,	0xbf,
	0x262a,	0x00,
	0x262b,	0xc4,
	0x2649,	0xbf,
	0x264a,	0x00,
	0x264b,	0xc4,
	0x2665,	0xbf,
	0x2666,	0x00,
	0x2667,	0xc4,
	0x2685,	0xbf,
	0x2686,	0x00,
	0x2687,	0xc4,
	0x26a7,	0xb5,
	0x26d5,	0xc1,
	0x26ef,	0x6b,
	0x2705,	0xb3,
	0x2708,	0x00,
	0x2709,	0xef,
	0x270b,	0xc3,
	0x270d,	0x2b,
	0x270e,	0x00,
	0x270f,	0xff,
	0x2710,	0x01,
	0x2711,	0x69,
	0x2712,	0x01,
	0x2713,	0x3b,
	0x271d,	0xb3,
	0x2720,	0x00,
	0x2721,	0xef,
	0x2723,	0xc3,
	0x2725,	0x2b,
	0x2726,	0x00,
	0x2727,	0xff,
	0x2728,	0x01,
	0x2729,	0x69,
	0x272a,	0x01,
	0x272b,	0x3b,
	0x2735,	0xb3,
	0x2738,	0x00,
	0x2739,	0xef,
	0x273b,	0xc3,
	0x273d,	0x2b,
	0x273e,	0x00,
	0x273f,	0xff,
	0x2740,	0x01,
	0x2741,	0x69,
	0x2742,	0x01,
	0x2743,	0x3b,
	0x274d,	0xb3,
	0x2750,	0x00,
	0x2751,	0xef,
	0x2753,	0xc3,
	0x2755,	0x2b,
	0x2756,	0x00,
	0x2757,	0xff,
	0x2758,	0x01,
	0x2759,	0x69,
	0x275a,	0x01,
	0x275b,	0x3b,
	0x3010,	0x01,
	0x3402,	0xaf,
	0x3403,	0x19,
	0x3404,	0x19,
	0x3405,	0x0f,
	0x3406,	0x08,
	0x3408,	0x0f,
	0x3409,	0x08,
	0x340a,	0x03,
	0x341b,	0x30,
	0x344d,	0x02,
	0x344e,	0x02,
	0x3506,	0xf8,
	0x350d,	0x00,
	0x350e,	0xb1,
	0x3546,	0xf8,
	0x354d,	0x00,
	0x354e,	0xb1,
	0x3586,	0xf8,
	0x3608,	0x01,
	0x3622,	0x88,
	0x3623,	0x08,
	0x3691,	0x00,
	0x3692,	0x00,
	0x3696,	0x00,
	0x369a,	0x10,
	0x369b,	0x00,
	0x36a5,	0x02,
	0x36a6,	0x40,
	0x36a7,	0x00,
	0x36b0,	0x84,
	0x36b1,	0x00,
	0x36c8,	0x01,
	0x3714,	0x62,
	0x37bc,	0x08,
	0x37c9,	0x00,
	0x3800,	0x00,
	0x3801,	0x00,
	0x3802,	0x00,
	0x3803,	0x00,
	0x3804,	0x20,
	0x3805,	0x1f,
	0x3806,	0x18,
	0x3807,	0x3f,
	0x3808,	0x10,
	0x3809,	0x00,
	0x380a,	0x0c,
	0x380b,	0x00,
	0x380c,	0x04,
	0x380d,	0xb0,
	0x380e,	0x0c,
	0x380f,	0xfa,
	0x3811,	0x08,
	0x3813,	0x18,
	0x3814,	0x11,
	0x3815,	0x11,
	0x3820,	0x46,
	0x3821,	0x10,
	0x3823,	0x04,
	0x3828,	0x02,
	0x3830,	0x02,
	0x3831,	0x12,
	0x3837,	0x04,
	0x383f,	0x00,
	0x384c,	0x04,
	0x384d,	0xb0,
	0x386d,	0x7c,
	0x3889,	0x08,
	0x388b,	0x10,
	0x388c,	0x10,
	0x388d,	0x00,
	0x388e,	0x0c,
	0x388f,	0x00,
	0x3894,	0x10,
	0x3896,	0x00,
	0x38a1,	0x1d,
	0x38a2,	0x98,
	0x38a4,	0x1d,
	0x38a5,	0x98,
	0x38a6,	0x20,
	0x38a9,	0x3b,
	0x38aa,	0x30,
	0x38ab,	0x00,
	0x38ad,	0x1d,
	0x38ae,	0x98,
	0x38b0,	0x01,
	0x38db,	0xe1,
	0x3f00,	0x06,
	0x3f30,	0x04,
	0x3f70,	0x06,
	0x3f72,	0x14,
	0x3f74,	0x14,
	0x3f76,	0x08,
	0x3f78,	0x08,
	0x3f7a,	0x08,
	0x3f7c,	0x0e,
	0x3f7e,	0x0e,
	0x3f80,	0x0e,
	0x3f8e,	0x08,
	0x3f90,	0x08,
	0x3f92,	0x08,
	0x400e,	0x1c,
	0x400f,	0x60,
	0x4010,	0xf4,
	0x4012,	0x50,
	0x4016,	0x1d,
	0x4018,	0x0f,
	0x4506,	0x01,
	0x4509,	0x07,
	0x450c,	0x00,
	0x450d,	0x60,
	0x4546,	0x04,
	0x4547,	0xb0,
	0x4549,	0x00,
	0x4580,	0x05,
	0x45c0,	0x45,
	0x45cb,	0xf0,
	0x45cc,	0x02,
	0x45cd,	0x00,
	0x45ce,	0x00,
	0x4602,	0x00,
	0x4603,	0x15,
	0x460b,	0x07,
	0x4640,	0x01,
	0x4641,	0x00,
	0x4643,	0x0c,
	0x4680,	0x09,
	0x468e,	0x30,
	0x4690,	0x11,
	0x4692,	0x56,
	0x4693,	0x00,
	0x4695,	0x11,
	0x4697,	0x11,
	0x46c0,	0x01,
	0x46c2,	0x04,
	0x46cb,	0xff,
	0x4701,	0x40,
	0x4703,	0x08,
	0x47c0,	0x05,
	0x47c2,	0x02,
	0x47c4,	0x05,
	0x47c6,	0x01,
	0x47c8,	0x05,
	0x47ca,	0x02,
	0x47cc,	0x05,
	0x47ce,	0x01,
	0x4808,	0x54,
	0x4813,	0x10,
	0x4836,	0x32,
	0x490e,	0x08,
	0x490f,	0x60,
	0x4910,	0x00,
	0x4912,	0x00,
	0x4a0e,	0x08,
	0x4a0f,	0x60,
	0x4a10,	0x00,
	0x4a12,	0x00,
	0x4b00,	0x00,
	0x4b10,	0x02,
	0x4b11,	0x06,
	0x4b12,	0x02,
	0x4b13,	0x06,
	0x4b14,	0x02,
	0x4b15,	0x06,
	0x4b16,	0x0a,
	0x4b17,	0x0e,
	0x4b20,	0x02,
	0x4b21,	0x06,
	0x4b22,	0x02,
	0x4b23,	0x06,
	0x4b24,	0x02,
	0x4b25,	0x06,
	0x4b26,	0x0a,
	0x4b27,	0x0e,
	0x4b30,	0x02,
	0x4b31,	0x06,
	0x4b32,	0x02,
	0x4b33,	0x06,
	0x4b34,	0x02,
	0x4b35,	0x06,
	0x4b36,	0x0a,
	0x4b37,	0x0e,
	0x4b3d,	0x00,
	0x4b3f,	0x00,
	0x4b41,	0x08,
	0x4b42,	0x00,
	0x4b43,	0x08,
	0x4b45,	0x08,
	0x4b46,	0x00,
	0x4b47,	0x08,
	0x4b48,	0x02,
	0x4b49,	0x00,
	0x4b4a,	0x01,
	0x4b4b,	0x00,
	0x4b51,	0x06,
	0x4b52,	0x02,
	0x4b53,	0x06,
	0x4b54,	0x02,
	0x4b55,	0x06,
	0x4b56,	0x0a,
	0x4b57,	0x0e,
	0x4b5a,	0x08,
	0x4b61,	0x06,
	0x4b62,	0x02,
	0x4b63,	0x06,
	0x4b64,	0x02,
	0x4b65,	0x06,
	0x4b66,	0x0a,
	0x4b67,	0x0e,
	0x4b6a,	0x08,
	0x4b71,	0x06,
	0x4b72,	0x02,
	0x4b73,	0x06,
	0x4b74,	0x02,
	0x4b75,	0x06,
	0x4b76,	0x0a,
	0x4b77,	0x0e,
	0x4b7a,	0x08,
	0x4b7d,	0x00,
	0x4b7f,	0x00,
	0x4b82,	0x00,
	0x4b83,	0x08,
	0x4b85,	0x08,
	0x4b86,	0x00,
	0x4b87,	0x08,
	0x4b88,	0x02,
	0x4b89,	0x00,
	0x4b8a,	0x01,
	0x4b8b,	0x00,
	0x4b91,	0x06,
	0x4b92,	0x02,
	0x4b93,	0x06,
	0x4b94,	0x02,
	0x4b95,	0x06,
	0x4b96,	0x0a,
	0x4b97,	0x0e,
	0x4b9a,	0x08,
	0x4ba1,	0x06,
	0x4ba2,	0x02,
	0x4ba3,	0x06,
	0x4ba4,	0x02,
	0x4ba5,	0x06,
	0x4ba6,	0x0a,
	0x4ba7,	0x0e,
	0x4baa,	0x08,
	0x4bb1,	0x06,
	0x4bb2,	0x02,
	0x4bb3,	0x06,
	0x4bb4,	0x02,
	0x4bb5,	0x06,
	0x4bb6,	0x0a,
	0x4bb7,	0x0e,
	0x4bba,	0x08,
	0x4bbd,	0x00,
	0x4bbf,	0x00,
	0x4bc2,	0x00,
	0x4bc3,	0x08,
	0x4bc5,	0x08,
	0x4bc6,	0x00,
	0x4bc7,	0x08,
	0x4bc8,	0x02,
	0x4bc9,	0x00,
	0x4bca,	0x01,
	0x4bcb,	0x00,
	0x5000,	0x0f,
	0x5001,	0x00,
	0x5002,	0x40,
	0x5003,	0xc0,
	0x5016,	0x11,
	0x5017,	0x00,
	0x50b3,	0x00,
	0x51a7,	0xc0,
	0x54a7,	0xc0,
	0x57a7,	0xc0,
	0x5a60,	0x7b,
	0x5b95,	0x45,
	0x5b97,	0x0c,
	0x5b98,	0x08,
	0x5b99,	0x00,
	0x5bc0,	0x1f,
	0x5e00,	0x7b,
	0x5f35,	0x45,
	0x5f37,	0x0c,
	0x5f38,	0x08,
	0x5f39,	0x00,
	0x5f60,	0x1f,
	0x6200,	0x60,
	0x6201,	0x00,
	0x6365,	0x00,
	0x6382,	0x03,
	0x6392,	0x03,
	0x64a0,	0x01,
	0x64a1,	0x00,
	0x64a2,	0x40,
	0xc400,	0x11,
	0xc405,	0x12,
	0xc406,	0x12,
	0xc407,	0x00,
	0xc408,	0x00,
	0xc409,	0x00,
	0xc40a,	0x00,
	0xc40b,	0x00,
	0xc40c,	0x00,
	0xc40d,	0x00,
	0xc40e,	0x00,
	0xc40f,	0x00,
	0xc410,	0x00,
	0xc411,	0x00,
	0xc412,	0x00,
	0xc413,	0x00,
	0xc414,	0x00,
	0xc41c,	0x00,
	0xc41e,	0x00,
	0xc420,	0x00,
	0xc422,	0x00,
	0xc424,	0x00,
	0xc426,	0x00,
	0xc428,	0x00,
	0xc42a,	0x00,
	0xc42c,	0x00,
	0xc42e,	0x00,
	0xc430,	0x00,
	0xc432,	0x00,
	0xc434,	0x00,
	0xc435,	0x12,
	0xc436,	0x12,
	0xc437,	0x00,
	0xc438,	0x00,
	0xc439,	0x00,
	0xc43a,	0x00,
	0xc43b,	0x00,
	0xc43c,	0x00,
	0xc43d,	0x00,
	0xc43e,	0x00,
	0xc43f,	0x00,
	0xc440,	0x00,
	0xc441,	0x00,
	0xc442,	0x00,
	0xc443,	0x00,
	0xc444,	0x00,
	0xc464,	0x60,
	0xc465,	0x60,
	0xc466,	0x60,
	0xc804,	0x1d,
	0xc805,	0x1d,
	0xc806,	0x1c,
	0xc807,	0x1c,
	0xc808,	0x16,
	0xc809,	0x10,
	0xc80c,	0x0f,
	0xc81d,	0x03,
	0xc81e,	0x03,
	0xc820,	0x03,
	0xc829,	0x01,
	0xc82a,	0x10,
	0xc82b,	0x15,
	0xc82c,	0x1b,
	0xc82d,	0x1c,
	0xc85a,	0x3f,
	0xc85b,	0x3f,
	0xc85c,	0x3f,
	0xc85d,	0x3f,
	0xc85e,	0x3f,
	0xc85f,	0x3f,
	0xc860,	0x2d,
	0xc861,	0x2d,
	0xc862,	0x3f,
	0xc863,	0x2d,
	0xc864,	0x2d,
	0xc865,	0x3f,
	0xc873,	0x10,
	0xc874,	0x10,
	0xc875,	0x10,
	0xc898,	0x0b,
	0xc899,	0x00,
	0xc89a,	0x00,
	0xc89b,	0x00,
	0xc89c,	0x00,
	0xc89d,	0xea,
	0xc8a5,	0x1f,
	0xc8a6,	0x12,
	0xc8a7,	0x0b,
	0xc8a8,	0x0f,
	0xc8aa,	0x00,
	0xc8b1,	0x06,
	0xc8b2,	0x0a,
	0xc8b3,	0x18,
	0xc8b4,	0x37,
	0xc8b5,	0x00,
	0xc8b6,	0x00,
	0xc8b7,	0x0b,
	0xc8b8,	0x0b,
	0xc8b9,	0x16,
	0xc8ba,	0x2c,
	0xc8bb,	0x00,
	0xc8bc,	0x00,
	0xc8bd,	0x02,
	0xc8be,	0x02,
	0xc8bf,	0x04,
	0xc8c3,	0x0a,
	0xc8c4,	0x0a,
	0xc8c5,	0x0a,
	0xc8ca,	0x00,
	0xc8cb,	0x03,
	0xc8cc,	0x12,
	0xc8cd,	0x04,
	0xc8ce,	0x03,
	0xc8cf,	0x03,
	0xc8d0,	0x03,
	0xc8d1,	0x01,
	0xc8d2,	0x02,
	0xc8d3,	0x01,
	0xc8d4,	0x01,
	0xc8d5,	0x02,
	0xc8d6,	0x02,
	0xc8d7,	0x68,
	0xc8d8,	0x67,
	0xc8d9,	0x67,
	0xc8da,	0x03,
	0xc8db,	0x66,
	0xc8dc,	0x66,
	0xc8dd,	0x66,
	0xc8de,	0x66,
	0xc8df,	0x66,
	0xc8e0,	0x66,
	0xc8e1,	0x66,
	0xc8e2,	0x66,
	0xc8e3,	0x66,
	0xc8e4,	0x66,
	0xc8e5,	0x0f,
	0xc8e6,	0x0f,
	0xc8e7,	0x0f,
	0xc8e9,	0x0f,
	0xc8ea,	0x0f,
	0xc8eb,	0x0f,
	0xc8ec,	0x0f,
	0xc8ed,	0x0f,
	0xc8ee,	0x0f,
	0xc8f3,	0x1e,
	0xc8f4,	0x1e,
	0xc8f5,	0x16,
	0xc8f6,	0x08,
	0xc8f7,	0x10,
	0xc8f8,	0x18,
	0xc8f9,	0x05,
	0xc8fa,	0x05,
	0xc8fb,	0x0a,
	0xc8fc,	0x0a,
	0xc8fd,	0x00,
	0xc8fe,	0x00,
	0xc8ff,	0x00,
	0xc900,	0x00,
	0xc903,	0x0b,
	0xc904,	0x11,
	0xc906,	0x1a,
	0xc907,	0x1a,
	0xc908,	0x1a,
	0xc924,	0x03,
	0xc925,	0x03,
	0xc930,	0x05,
	0xc931,	0x13,
	0xc933,	0x1d,
	0xc95c,	0x34,
	0xc95d,	0x3f,
	0xc95e,	0x3f,
	0xc95f,	0x34,
	0xc960,	0x3f,
	0xc961,	0x3f,
	0xc962,	0x22,
	0xc963,	0x3f,
	0xc964,	0x3f,
	0xc965,	0x22,
	0xc966,	0x3f,
	0xc967,	0x3f,
	0xc975,	0x10,
	0xc976,	0x10,
	0xc977,	0x10,
	0xc999,	0x3f,
	0xc99a,	0x00,
	0xc99c,	0x00,
	0xc99d,	0x00,
	0xc99f,	0xd7,
	0xc9a7,	0x2e,
	0xc9a8,	0x2b,
	0xc9a9,	0x00,
	0xc9aa,	0x00,
	0xc9b3,	0x06,
	0xc9b4,	0x04,
	0xc9b5,	0x08,
	0xc9b9,	0x0b,
	0xc9ba,	0x0a,
	0xc9bb,	0x0b,
	0xc9bf,	0x02,
	0xc9c0,	0x02,
	0xc9c1,	0x0e,
	0xc9c2,	0x24,
	0xc9c5,	0x0a,
	0xc9c7,	0x14,
	0xc9c8,	0x27,
	0xc9cc,	0x01,
	0xc9cd,	0x01,
	0xc9ce,	0x00,
	0xc9cf,	0x01,
	0xc9d0,	0x02,
	0xc9d1,	0x00,
	0xc9d2,	0x00,
	0xc9d3,	0x00,
	0xc9d4,	0x00,
	0xc9d9,	0x9c,
	0xc9da,	0x9b,
	0xc9db,	0x9b,
	0xc9dc,	0x57,
	0xc9dd,	0x99,
	0xc9de,	0x99,
	0xc9df,	0x9c,
	0xc9e0,	0x9c,
	0xc9e1,	0x9c,
	0xc9e2,	0x9c,
	0xc9e3,	0x9c,
	0xc9e4,	0x9c,
	0xc9e5,	0x9c,
	0xc9e6,	0x9c,
	0xc9ea,	0x0f,
	0xc9eb,	0x0f,
	0xc9ec,	0x0f,
	0xc9f5,	0x14,
	0xc9f6,	0x0f,
	0xc9f7,	0x0f,
	0xc9f8,	0x0a,
	0xc9f9,	0x06,
	0xc9fa,	0x10,
	0xc9fb,	0x00,
	0xc9fc,	0x00,
	0xc9fd,	0x00,
	0xc9fe,	0x00,
	0xca0b,	0x0b,
	0xca0c,	0x11,
	0xca0e,	0x1a,
	0xca0f,	0x1a,
	0xca10,	0x1a,
	0xca17,	0x81,
	0xca1b,	0x3e,
	0xd013,	0x37,
	0xd023,	0x37,
	0xd027,	0x36,
	0xd02b,	0x96,
	0xd02f,	0x7a,
	0xd034,	0x00,
	0xd03b,	0x7a,
	0xd083,	0x00,
	0xd087,	0x02,
	0xd08f,	0x00,
	0xd093,	0x02,
	0xd0a7,	0x02,
	0xd0ab,	0x09,
	0xd0af,	0x00,
	0xd0b3,	0x00,
	0xd0bb,	0x08,
	0xd0c3,	0x10,
	0xd0ce,	0x41,
	0xd0cf,	0x05,
	0xd143,	0x50,
	0xd1f9,	0xb5,
	0xd1fb,	0xc1,
	0xd211,	0xb5,
	0xd213,	0xc1,
	0xd241,	0xb5,
	0xd243,	0xc1,
	0xd261,	0xb5,
	0xd263,	0xc1,
	0xd2a1,	0xb5,
	0xd2a3,	0xc1,
	0xd2c1,	0xb5,
	0xd2c3,	0xc1,
	0xd309,	0xc3,
	0xd30a,	0x00,
	0xd30b,	0xef,
	0xd30d,	0xff,
	0xd30e,	0x01,
	0xd30f,	0x73,
	0xd514,	0x00,
	0xd515,	0xc9,
	0xdbfd,	0xc3,
	0xdbff,	0xef,
	0xdc01,	0xff,
	0xddf7,	0x42,
	0xde7b,	0x42,
	0xdeef,	0x42,
	0xdf37,	0x42,
	0xe30c,	0x00,
	0xe30d,	0xd1,
	0xe30e,	0x00,
	0xe30f,	0xe7,
	0xe310,	0x01,
	0xe311,	0x0d,
	0xe312,	0x01,
	0xe313,	0x69,
	0xe4d7,	0xb5,
	0xe4ed,	0xc1,
	0xe507,	0xb5,
	0xe51d,	0xc1,
	0xe5f9,	0xbf,
	0xe5fa,	0x00,
	0xe5fb,	0xc4,
	0xe611,	0xbf,
	0xe612,	0x00,
	0xe613,	0xc4,
	0xe629,	0xbf,
	0xe62a,	0x00,
	0xe62b,	0xc4,
	0xe649,	0xbf,
	0xe64a,	0x00,
	0xe64b,	0xc4,
	0xe665,	0xbf,
	0xe666,	0x00,
	0xe667,	0xc4,
	0xe685,	0xbf,
	0xe686,	0x00,
	0xe687,	0xc4,
	0xe6a7,	0xb5,
	0xe6bf,	0xb5,
	0xe6d5,	0xc1,
	0xe6ed,	0xc1,
	0xe708,	0x00,
	0xe709,	0xef,
	0xe70b,	0xc3,
	0xe70c,	0x01,
	0xe70d,	0x73,
	0xe70f,	0xff,
	0xe720,	0x00,
	0xe721,	0xef,
	0xe723,	0xc3,
	0xe724,	0x01,
	0xe725,	0x73,
	0xe727,	0xff,
	0xe738,	0x00,
	0xe739,	0xef,
	0xe73b,	0xc3,
	0xe73c,	0x01,
	0xe73d,	0x73,
	0xe73f,	0xff,
	0xe750,	0x00,
	0xe751,	0xef,
	0xe753,	0xc3,
	0xe754,	0x01,
	0xe755,	0x73,
	0xe757,	0xff,
	// ois off
	0x3002, 0x00,	//	bit[7] = 1 ; set VSYNC as output
	0x3680, 0x00,	//	assign VSYNC for OIS pin
	0x38f3, 0x00,	//	Enable OIS function
	0x38f4, 0x08,	//	bit[7:0] offset1[7:0]
	0x38f5, 0x00,	//	bit[7:4] for offset2[11:8]; bit[3:0] for offset1[11:8]
	0x38f6, 0x08,	//	bit[7:4] offset2[7:0]
	0x38af, 0x40,	//	Bit[6]: OIS function signal polarity
};


// c// custom12 mode 16: tele + wide bokeh
// mode_20
static u16 warholovx9500wide_custom12_setting[] = {
	0x0345,	0x45,
	0x0360,	0x01,
	0x100f,	0x62,
	0x101f,	0x62,
	0x1023,	0x37,
	0x1027,	0x4b,
	0x102b,	0xa2,
	0x102f,	0xd0,
	0x1034,	0x00,
	0x103b,	0xd0,
	0x1040,	0x00,
	0x1047,	0xb4,
	0x107a,	0x88,
	0x107b,	0x08,
	0x107e,	0x8b,
	0x107f,	0x03,
	0x1083,	0x0a,
	0x1087,	0x33,
	0x1093,	0x58,
	0x10a7,	0x02,
	0x10ab,	0x00,
	0x10ae,	0x8d,
	0x10af,	0x02,
	0x10b2,	0x8f,
	0x10b6,	0x92,
	0x10b7,	0x03,
	0x10ba,	0x95,
	0x10bb,	0x04,
	0x10be,	0x97,
	0x10c2,	0x9b,
	0x10c3,	0x10,
	0x10c6,	0x00,
	0x10c7,	0x00,
	0x1141,	0x00,
	0x1143,	0x00,
	0x11f9,	0xb5,
	0x11fb,	0xc1,
	0x1211,	0xb5,
	0x1213,	0xc1,
	0x1241,	0xb5,
	0x1243,	0xc1,
	0x1261,	0xb5,
	0x1263,	0xc1,
	0x12a1,	0xb5,
	0x12a3,	0xc1,
	0x12c1,	0xb5,
	0x12c3,	0xc1,
	0x130d,	0xc3,
	0x130e,	0x00,
	0x130f,	0xef,
	0x1310,	0x00,
	0x1311,	0xff,
	0x1313,	0x2b,
	0x1314,	0x01,
	0x1315,	0x43,
	0x1316,	0x01,
	0x1317,	0x69,
	0x1514,	0x00,
	0x1515,	0xc9,
	0x1bd1,	0x85,
	0x1c01,	0xc3,
	0x1c02,	0x00,
	0x1c03,	0xef,
	0x1c04,	0x00,
	0x1c05,	0xff,
	0x1c06,	0x01,
	0x1c07,	0x2b,
	0x1c08,	0x01,
	0x1c09,	0x3b,
	0x24ef,	0x6b,
	0x2507,	0xb5,
	0x251d,	0xc1,
	0x25f9,	0xbf,
	0x25fa,	0x00,
	0x25fb,	0xc4,
	0x2611,	0xbf,
	0x2612,	0x00,
	0x2613,	0xc4,
	0x2629,	0xbf,
	0x262a,	0x00,
	0x262b,	0xc4,
	0x2649,	0xbf,
	0x264a,	0x00,
	0x264b,	0xc4,
	0x2665,	0xbf,
	0x2666,	0x00,
	0x2667,	0xc4,
	0x2685,	0xbf,
	0x2686,	0x00,
	0x2687,	0xc4,
	0x26a7,	0xb5,
	0x26d5,	0xc1,
	0x26ef,	0x6b,
	0x2705,	0xb3,
	0x2708,	0x00,
	0x2709,	0xef,
	0x270b,	0xc3,
	0x270d,	0x2b,
	0x270e,	0x00,
	0x270f,	0xff,
	0x2710,	0x01,
	0x2711,	0x69,
	0x2712,	0x01,
	0x2713,	0x3b,
	0x271d,	0xb3,
	0x2720,	0x00,
	0x2721,	0xef,
	0x2723,	0xc3,
	0x2725,	0x2b,
	0x2726,	0x00,
	0x2727,	0xff,
	0x2728,	0x01,
	0x2729,	0x69,
	0x272a,	0x01,
	0x272b,	0x3b,
	0x2735,	0xb3,
	0x2738,	0x00,
	0x2739,	0xef,
	0x273b,	0xc3,
	0x273d,	0x2b,
	0x273e,	0x00,
	0x273f,	0xff,
	0x2740,	0x01,
	0x2741,	0x69,
	0x2742,	0x01,
	0x2743,	0x3b,
	0x274d,	0xb3,
	0x2750,	0x00,
	0x2751,	0xef,
	0x2753,	0xc3,
	0x2755,	0x2b,
	0x2756,	0x00,
	0x2757,	0xff,
	0x2758,	0x01,
	0x2759,	0x69,
	0x275a,	0x01,
	0x275b,	0x3b,
	0x3010,	0x01,
	0x3402,	0xaf,
	0x3403,	0x19,
	0x3404,	0x19,
	0x3405,	0x0f,
	0x3406,	0x08,
	0x3408,	0x0f,
	0x3409,	0x08,
	0x340a,	0x03,
	0x341b,	0x30,
	0x344d,	0x02,
	0x344e,	0x02,
	0x3506,	0xf8,
	0x350d,	0x00,
	0x350e,	0xac,
	0x3546,	0xf8,
	0x354d,	0x00,
	0x354e,	0xac,
	0x3586,	0xf8,
	0x3608,	0x00,
	0x3622,	0xa8,
	0x3623,	0x04,
	0x3691,	0x00,
	0x3692,	0x00,
	0x3696,	0x00,
	0x369a,	0x0a,
	0x369b,	0x00,
	0x36a5,	0x22,
	0x36a6,	0x80,
	0x36a7,	0x00,
	0x36b0,	0x84,
	0x36b1,	0x00,
	0x36c8,	0x00,
	0x3714,	0x68,
	0x37bc,	0x38,
	0x37c9,	0x00,
	0x3800,	0x0b,
	0x3801,	0x00,
	0x3802,	0x08,
	0x3803,	0x40,
	0x3804,	0x15,
	0x3805,	0x1f,
	0x3806,	0x0f,
	0x3807,	0xff,
	0x3808,	0x0a,
	0x3809,	0x00,
	0x380a,	0x07,
	0x380b,	0x80,
	0x380c,	0x04,
	0x380d,	0xb0,
	0x380e,	0x0d,
	0x380f,	0x05,
	0x3811,	0x10,
	0x3813,	0x21,
	0x3814,	0x11,
	0x3815,	0x11,
	0x3820,	0x44,
	0x3821,	0x00,
	0x3823,	0x04,
	0x3828,	0x08,
	0x3830,	0x08,
	0x3831,	0x10,
	0x3837,	0x10,
	0x383f,	0x00,
	0x384c,	0x04,
	0x384d,	0xb0,
	0x386d,	0x7c,
	0x3889,	0x10,
	0x388b,	0x20,
	0x388c,	0x0a,
	0x388d,	0x00,
	0x388e,	0x07,
	0x388f,	0x80,
	0x3894,	0x10,
	0x3896,	0x00,
	0x38a1,	0x1d,
	0x38a2,	0x98,
	0x38a4,	0x1d,
	0x38a5,	0x98,
	0x38a6,	0x20,
	0x38a9,	0x3b,
	0x38aa,	0x30,
	0x38ab,	0x00,
	0x38ad,	0x1d,
	0x38ae,	0x98,
	0x38b0,	0x01,
	0x38db,	0xe1,
	0x3f00,	0x06,
	0x3f30,	0x02,
	0x3f70,	0x0a,
	0x3f72,	0x0a,
	0x3f74,	0x0a,
	0x3f76,	0x16,
	0x3f78,	0x16,
	0x3f7a,	0x16,
	0x3f7c,	0x0e,
	0x3f7e,	0x0e,
	0x3f80,	0x0e,
	0x3f8e,	0x0a,
	0x3f90,	0x0a,
	0x3f92,	0x0a,
	0x400e,	0x14,
	0x400f,	0x30,
	0x4010,	0xf4,
	0x4012,	0x50,
	0x4016,	0x3d,
	0x4018,	0x1f,
	0x4506,	0x01,
	0x4509,	0x07,
	0x450c,	0x00,
	0x450d,	0x30,
	0x4546,	0x09,
	0x4547,	0x60,
	0x4549,	0x00,
	0x4580,	0x05,
	0x45c0,	0x05,
	0x45cb,	0xff,
	0x45cc,	0x02,
	0x45cd,	0x00,
	0x45ce,	0x00,
	0x4602,	0x00,
	0x4603,	0x15,
	0x460b,	0x07,
	0x4640,	0x00,
	0x4641,	0x50,
	0x4643,	0x08,
	0x4680,	0x19,
	0x468e,	0x30,
	0x4690,	0x12,
	0x4692,	0x56,
	0x4693,	0x00,
	0x4695,	0x11,
	0x4697,	0x11,
	0x46c0,	0x01,
	0x46c2,	0x04,
	0x46cb,	0xff,
	0x4701,	0x28,
	0x4703,	0x08,
	0x47c0,	0x05,
	0x47c2,	0x02,
	0x47c4,	0x05,
	0x47c6,	0x01,
	0x47c8,	0x05,
	0x47ca,	0x02,
	0x47cc,	0x05,
	0x47ce,	0x01,
	0x4808,	0x54,
	0x4813,	0x10,
	0x4836,	0x32,
	0x490e,	0x00,
	0x490f,	0x30,
	0x4910,	0x00,
	0x4912,	0x00,
	0x4a0e,	0x00,
	0x4a0f,	0x30,
	0x4a10,	0x00,
	0x4a12,	0x00,
	0x4b00,	0x00,
	0x4b10,	0x02,
	0x4b11,	0x06,
	0x4b12,	0x02,
	0x4b13,	0x06,
	0x4b14,	0x02,
	0x4b15,	0x06,
	0x4b16,	0x0a,
	0x4b17,	0x0e,
	0x4b20,	0x02,
	0x4b21,	0x06,
	0x4b22,	0x02,
	0x4b23,	0x06,
	0x4b24,	0x02,
	0x4b25,	0x06,
	0x4b26,	0x0a,
	0x4b27,	0x0e,
	0x4b30,	0x02,
	0x4b31,	0x06,
	0x4b32,	0x02,
	0x4b33,	0x06,
	0x4b34,	0x02,
	0x4b35,	0x06,
	0x4b36,	0x0a,
	0x4b37,	0x0e,
	0x4b3d,	0x00,
	0x4b3f,	0x00,
	0x4b41,	0x08,
	0x4b42,	0x00,
	0x4b43,	0x08,
	0x4b45,	0x08,
	0x4b46,	0x00,
	0x4b47,	0x08,
	0x4b48,	0x02,
	0x4b49,	0x00,
	0x4b4a,	0x01,
	0x4b4b,	0x00,
	0x4b51,	0x06,
	0x4b52,	0x02,
	0x4b53,	0x06,
	0x4b54,	0x02,
	0x4b55,	0x06,
	0x4b56,	0x0a,
	0x4b57,	0x0e,
	0x4b5a,	0x08,
	0x4b61,	0x06,
	0x4b62,	0x02,
	0x4b63,	0x06,
	0x4b64,	0x02,
	0x4b65,	0x06,
	0x4b66,	0x0a,
	0x4b67,	0x0e,
	0x4b6a,	0x08,
	0x4b71,	0x06,
	0x4b72,	0x02,
	0x4b73,	0x06,
	0x4b74,	0x02,
	0x4b75,	0x06,
	0x4b76,	0x0a,
	0x4b77,	0x0e,
	0x4b7a,	0x08,
	0x4b7d,	0x00,
	0x4b7f,	0x00,
	0x4b82,	0x00,
	0x4b83,	0x08,
	0x4b85,	0x08,
	0x4b86,	0x00,
	0x4b87,	0x08,
	0x4b88,	0x02,
	0x4b89,	0x00,
	0x4b8a,	0x01,
	0x4b8b,	0x00,
	0x4b91,	0x06,
	0x4b92,	0x02,
	0x4b93,	0x06,
	0x4b94,	0x02,
	0x4b95,	0x06,
	0x4b96,	0x0a,
	0x4b97,	0x0e,
	0x4b9a,	0x08,
	0x4ba1,	0x06,
	0x4ba2,	0x02,
	0x4ba3,	0x06,
	0x4ba4,	0x02,
	0x4ba5,	0x06,
	0x4ba6,	0x0a,
	0x4ba7,	0x0e,
	0x4baa,	0x08,
	0x4bb1,	0x06,
	0x4bb2,	0x02,
	0x4bb3,	0x06,
	0x4bb4,	0x02,
	0x4bb5,	0x06,
	0x4bb6,	0x0a,
	0x4bb7,	0x0e,
	0x4bba,	0x08,
	0x4bbd,	0x00,
	0x4bbf,	0x00,
	0x4bc2,	0x00,
	0x4bc3,	0x08,
	0x4bc5,	0x08,
	0x4bc6,	0x00,
	0x4bc7,	0x08,
	0x4bc8,	0x02,
	0x4bc9,	0x00,
	0x4bca,	0x01,
	0x4bcb,	0x00,
	0x5000,	0xdf,
	0x5001,	0x00,
	0x5002,	0x40,
	0x5003,	0xc0,
	0x5016,	0x11,
	0x5017,	0x00,
	0x50b3,	0x00,
	0x51a7,	0xc0,
	0x54a7,	0xc0,
	0x57a7,	0xc0,
	0x5a60,	0x7b,
	0x5b95,	0x45,
	0x5b97,	0x0c,
	0x5b98,	0x08,
	0x5b99,	0x00,
	0x5bc0,	0x1f,
	0x5e00,	0x7b,
	0x5f35,	0x45,
	0x5f37,	0x0c,
	0x5f38,	0x08,
	0x5f39,	0x00,
	0x5f60,	0x1f,
	0x6200,	0x21,
	0x6201,	0x20,
	0x6365,	0x00,
	0x6382,	0x04,
	0x6392,	0x04,
	0x64a0,	0x01,
	0x64a1,	0x00,
	0x64a2,	0x40,
	0xc400,	0x10,
	0xc405,	0x0a,
	0xc406,	0x0a,
	0xc407,	0x0a,
	0xc408,	0x0a,
	0xc409,	0x0a,
	0xc40a,	0x0a,
	0xc40b,	0x0a,
	0xc40c,	0x0a,
	0xc40d,	0x0a,
	0xc40e,	0x0a,
	0xc40f,	0x0a,
	0xc410,	0x0a,
	0xc411,	0x0a,
	0xc412,	0x0a,
	0xc413,	0x0a,
	0xc414,	0x0a,
	0xc41c,	0xc8,
	0xc41e,	0xc8,
	0xc420,	0xc8,
	0xc422,	0xc8,
	0xc424,	0xc8,
	0xc426,	0xc8,
	0xc428,	0xc8,
	0xc42a,	0xc8,
	0xc42c,	0xc8,
	0xc42e,	0xc8,
	0xc430,	0xc8,
	0xc432,	0xc8,
	0xc434,	0xc8,
	0xc435,	0x0a,
	0xc436,	0x0a,
	0xc437,	0x0a,
	0xc438,	0x0a,
	0xc439,	0x0a,
	0xc43a,	0x0a,
	0xc43b,	0x0a,
	0xc43c,	0x0a,
	0xc43d,	0x0a,
	0xc43e,	0x0a,
	0xc43f,	0x0a,
	0xc440,	0x0a,
	0xc441,	0x0a,
	0xc442,	0x0a,
	0xc443,	0x0a,
	0xc444,	0x0a,
	0xc464,	0x30,
	0xc465,	0x30,
	0xc466,	0x30,
	0xc804,	0x1e,
	0xc805,	0x1e,
	0xc806,	0x1d,
	0xc807,	0x1d,
	0xc808,	0x16,
	0xc809,	0x10,
	0xc80c,	0x3f,
	0xc81d,	0x03,
	0xc81e,	0x03,
	0xc820,	0x03,
	0xc829,	0x01,
	0xc82a,	0x10,
	0xc82b,	0x15,
	0xc82c,	0x1b,
	0xc82d,	0x1c,
	0xc85a,	0x2d,
	0xc85b,	0x2d,
	0xc85c,	0x1d,
	0xc85d,	0x2d,
	0xc85e,	0x2d,
	0xc85f,	0x1d,
	0xc860,	0x24,
	0xc861,	0x25,
	0xc862,	0x1d,
	0xc863,	0x24,
	0xc864,	0x25,
	0xc865,	0x1d,
	0xc873,	0x10,
	0xc874,	0x10,
	0xc875,	0x10,
	0xc898,	0x1b,
	0xc899,	0x1b,
	0xc89a,	0x2b,
	0xc89b,	0x1a,
	0xc89c,	0x1b,
	0xc89d,	0xfe,
	0xc8a5,	0x15,
	0xc8a6,	0x0f,
	0xc8a7,	0x09,
	0xc8a8,	0x08,
	0xc8aa,	0x07,
	0xc8b1,	0x06,
	0xc8b2,	0x10,
	0xc8b3,	0x24,
	0xc8b4,	0x40,
	0xc8b5,	0x3e,
	0xc8b6,	0x40,
	0xc8b7,	0x0c,
	0xc8b8,	0x0c,
	0xc8b9,	0x16,
	0xc8ba,	0x2a,
	0xc8bb,	0x28,
	0xc8bc,	0x24,
	0xc8bd,	0x00,
	0xc8be,	0x00,
	0xc8bf,	0x00,
	0xc8c3,	0x00,
	0xc8c4,	0x00,
	0xc8c5,	0x00,
	0xc8ca,	0x02,
	0xc8cb,	0x01,
	0xc8cc,	0x0d,
	0xc8cd,	0x02,
	0xc8ce,	0x03,
	0xc8cf,	0x02,
	0xc8d0,	0x03,
	0xc8d1,	0x00,
	0xc8d2,	0x02,
	0xc8d3,	0x00,
	0xc8d4,	0x00,
	0xc8d5,	0x00,
	0xc8d6,	0x00,
	0xc8d7,	0x68,
	0xc8d8,	0x68,
	0xc8d9,	0x68,
	0xc8da,	0x03,
	0xc8db,	0x66,
	0xc8dc,	0x66,
	0xc8dd,	0x66,
	0xc8de,	0x66,
	0xc8df,	0x66,
	0xc8e0,	0x66,
	0xc8e1,	0x67,
	0xc8e2,	0x67,
	0xc8e3,	0x67,
	0xc8e4,	0x67,
	0xc8e5,	0x0f,
	0xc8e6,	0x0f,
	0xc8e7,	0x0f,
	0xc8e9,	0x0f,
	0xc8ea,	0x0f,
	0xc8eb,	0x0f,
	0xc8ec,	0x0f,
	0xc8ed,	0x0f,
	0xc8ee,	0x0f,
	0xc8f3,	0x13,
	0xc8f4,	0x16,
	0xc8f5,	0x16,
	0xc8f6,	0x10,
	0xc8f7,	0x1a,
	0xc8f8,	0x15,
	0xc8f9,	0x10,
	0xc8fa,	0x10,
	0xc8fb,	0x10,
	0xc8fc,	0x14,
	0xc8fd,	0x14,
	0xc8fe,	0x1e,
	0xc8ff,	0x1e,
	0xc900,	0x16,
	0xc903,	0x0b,
	0xc904,	0x11,
	0xc906,	0x1a,
	0xc907,	0x1a,
	0xc908,	0x1a,
	0xc924,	0x03,
	0xc925,	0x03,
	0xc930,	0x05,
	0xc931,	0x13,
	0xc933,	0x1d,
	0xc95c,	0x2d,
	0xc95d,	0x25,
	0xc95e,	0x1b,
	0xc95f,	0x2d,
	0xc960,	0x25,
	0xc961,	0x1b,
	0xc962,	0x2d,
	0xc963,	0x1b,
	0xc964,	0x1b,
	0xc965,	0x2d,
	0xc966,	0x1b,
	0xc967,	0x1b,
	0xc975,	0x10,
	0xc976,	0x10,
	0xc977,	0x10,
	0xc999,	0x38,
	0xc99a,	0x00,
	0xc99c,	0x13,
	0xc99d,	0x21,
	0xc99f,	0xaa,
	0xc9a7,	0x00,
	0xc9a8,	0x20,
	0xc9a9,	0x00,
	0xc9aa,	0x00,
	0xc9b3,	0x06,
	0xc9b4,	0x06,
	0xc9b5,	0x0a,
	0xc9b9,	0x0a,
	0xc9ba,	0x0a,
	0xc9bb,	0x0a,
	0xc9bf,	0x00,
	0xc9c0,	0x04,
	0xc9c1,	0x07,
	0xc9c2,	0x07,
	0xc9c5,	0x00,
	0xc9c7,	0x14,
	0xc9c8,	0x26,
	0xc9cc,	0x00,
	0xc9cd,	0x00,
	0xc9ce,	0x08,
	0xc9cf,	0x01,
	0xc9d0,	0x02,
	0xc9d1,	0x01,
	0xc9d2,	0x02,
	0xc9d3,	0x01,
	0xc9d4,	0x02,
	0xc9d9,	0x9c,
	0xc9da,	0x9c,
	0xc9db,	0x9c,
	0xc9dc,	0x59,
	0xc9dd,	0x9c,
	0xc9de,	0x9c,
	0xc9df,	0x9c,
	0xc9e0,	0x9c,
	0xc9e1,	0x9c,
	0xc9e2,	0x9c,
	0xc9e3,	0x9c,
	0xc9e4,	0x9c,
	0xc9e5,	0x9c,
	0xc9e6,	0x9c,
	0xc9ea,	0x0f,
	0xc9eb,	0x0f,
	0xc9ec,	0x0f,
	0xc9f5,	0x12,
	0xc9f6,	0x12,
	0xc9f7,	0x08,
	0xc9f8,	0x12,
	0xc9f9,	0x0a,
	0xc9fa,	0x08,
	0xc9fb,	0x08,
	0xc9fc,	0x10,
	0xc9fd,	0x16,
	0xc9fe,	0x1f,
	0xca0b,	0x0b,
	0xca0c,	0x11,
	0xca0e,	0x1a,
	0xca0f,	0x1a,
	0xca10,	0x1a,
	0xca17,	0x21,
	0xca1b,	0x3f,
	0xd013,	0x36,
	0xd023,	0x36,
	0xd027,	0x64,
	0xd02b,	0xf0,
	0xd02f,	0x73,
	0xd034,	0x01,
	0xd03b,	0xd3,
	0xd083,	0x08,
	0xd087,	0x53,
	0xd08f,	0x08,
	0xd093,	0x53,
	0xd0a7,	0x04,
	0xd0ab,	0x08,
	0xd0af,	0x03,
	0xd0b3,	0x08,
	0xd0bb,	0x0d,
	0xd0c3,	0x08,
	0xd0ce,	0x00,
	0xd0cf,	0x00,
	0xd143,	0x8c,
	0xd1f9,	0xf1,
	0xd1fb,	0xfd,
	0xd211,	0xf1,
	0xd213,	0xfd,
	0xd241,	0xf1,
	0xd243,	0xfd,
	0xd261,	0xf1,
	0xd263,	0xfd,
	0xd2a1,	0xf1,
	0xd2a3,	0xfd,
	0xd2c1,	0xf1,
	0xd2c3,	0xfd,
	0xd309,	0xff,
	0xd30a,	0x01,
	0xd30b,	0x73,
	0xd30d,	0x00,
	0xd30e,	0x00,
	0xd30f,	0x00,
	0xd514,	0x01,
	0xd515,	0x05,
	0xdbfd,	0xff,
	0xdbff,	0x00,
	0xdc01,	0x00,
	0xddf7,	0x41,
	0xde7b,	0x41,
	0xdeef,	0x41,
	0xdf37,	0x41,
	0xe30c,	0x01,
	0xe30d,	0x0d,
	0xe30e,	0x01,
	0xe30f,	0x69,
	0xe310,	0x00,
	0xe311,	0x00,
	0xe312,	0x00,
	0xe313,	0x00,
	0xe4d7,	0xf1,
	0xe4ed,	0xfd,
	0xe507,	0xf1,
	0xe51d,	0xfd,
	0xe5f9,	0xfb,
	0xe5fa,	0x01,
	0xe5fb,	0x00,
	0xe611,	0xfb,
	0xe612,	0x01,
	0xe613,	0x00,
	0xe629,	0xfb,
	0xe62a,	0x01,
	0xe62b,	0x00,
	0xe649,	0xfb,
	0xe64a,	0x01,
	0xe64b,	0x00,
	0xe665,	0xfb,
	0xe666,	0x01,
	0xe667,	0x00,
	0xe685,	0xfb,
	0xe686,	0x01,
	0xe687,	0x00,
	0xe6a7,	0xf1,
	0xe6bf,	0xf1,
	0xe6d5,	0xfd,
	0xe6ed,	0xfd,
	0xe708,	0x01,
	0xe709,	0x73,
	0xe70b,	0xff,
	0xe70c,	0x00,
	0xe70d,	0x00,
	0xe70f,	0x00,
	0xe720,	0x01,
	0xe721,	0x73,
	0xe723,	0xff,
	0xe724,	0x00,
	0xe725,	0x00,
	0xe727,	0x00,
	0xe738,	0x01,
	0xe739,	0x73,
	0xe73b,	0xff,
	0xe73c,	0x00,
	0xe73d,	0x00,
	0xe73f,	0x00,
	0xe750,	0x01,
	0xe751,	0x73,
	0xe753,	0xff,
	0xe754,	0x00,
	0xe755,	0x00,
	0xe757,	0x00,
	// ois off
	0x3002, 0x00,	//	bit[7] = 1 ; set VSYNC as output
	0x3680, 0x00,	//	assign VSYNC for OIS pin
	0x38f3, 0x00,	//	Enable OIS function
	0x38f4, 0x08,	//	bit[7:0] offset1[7:0]
	0x38f5, 0x00,	//	bit[7:4] for offset2[11:8]; bit[3:0] for offset1[11:8]
	0x38f6, 0x08,	//	bit[7:4] offset2[7:0]
	0x38af, 0x40,	//	Bit[6]: OIS function signal polarity
};


// custom13 mode 17: fake 14bit binning preview
// mode_1
static u16 warholovx9500wide_custom13_setting[] = {
	0x0345,	0x40,
	0x0360,	0x01,
	0x100f,	0x62,
	0x101f,	0x62,
	0x1023,	0x37,
	0x1027,	0x4b,
	0x102b,	0xa2,
	0x102f,	0xd0,
	0x1034,	0x00,
	0x103b,	0xd0,
	0x1040,	0x00,
	0x1047,	0xb4,
	0x107a,	0x88,
	0x107b,	0x08,
	0x107e,	0x8b,
	0x107f,	0x03,
	0x1083,	0x0a,
	0x1087,	0x33,
	0x1093,	0x58,
	0x10a7,	0x02,
	0x10ab,	0x00,
	0x10ae,	0x8d,
	0x10af,	0x02,
	0x10b2,	0x8f,
	0x10b6,	0x92,
	0x10b7,	0x03,
	0x10ba,	0x95,
	0x10bb,	0x04,
	0x10be,	0x97,
	0x10c2,	0x9b,
	0x10c3,	0x10,
	0x10c6,	0x00,
	0x10c7,	0x00,
	0x1141,	0x00,
	0x1143,	0x00,
	0x11f9,	0xb5,
	0x11fb,	0xc1,
	0x1211,	0xb5,
	0x1213,	0xc1,
	0x1241,	0xb5,
	0x1243,	0xc1,
	0x1261,	0xb5,
	0x1263,	0xc1,
	0x12a1,	0xb5,
	0x12a3,	0xc1,
	0x12c1,	0xb5,
	0x12c3,	0xc1,
	0x130d,	0xc3,
	0x130e,	0x00,
	0x130f,	0xef,
	0x1310,	0x00,
	0x1311,	0xff,
	0x1313,	0x2b,
	0x1314,	0x01,
	0x1315,	0x43,
	0x1316,	0x01,
	0x1317,	0x69,
	0x1514,	0x00,
	0x1515,	0xc9,
	0x1bd1,	0x85,
	0x1c01,	0xc3,
	0x1c02,	0x00,
	0x1c03,	0xef,
	0x1c04,	0x00,
	0x1c05,	0xff,
	0x1c06,	0x01,
	0x1c07,	0x2b,
	0x1c08,	0x01,
	0x1c09,	0x3b,
	0x24ef,	0x6b,
	0x2507,	0xb5,
	0x251d,	0xc1,
	0x25f9,	0xbf,
	0x25fa,	0x00,
	0x25fb,	0xc4,
	0x2611,	0xbf,
	0x2612,	0x00,
	0x2613,	0xc4,
	0x2629,	0xbf,
	0x262a,	0x00,
	0x262b,	0xc4,
	0x2649,	0xbf,
	0x264a,	0x00,
	0x264b,	0xc4,
	0x2665,	0xbf,
	0x2666,	0x00,
	0x2667,	0xc4,
	0x2685,	0xbf,
	0x2686,	0x00,
	0x2687,	0xc4,
	0x26a7,	0xb5,
	0x26d5,	0xc1,
	0x26ef,	0x6b,
	0x2705,	0xb3,
	0x2708,	0x00,
	0x2709,	0xef,
	0x270b,	0xc3,
	0x270d,	0x2b,
	0x270e,	0x00,
	0x270f,	0xff,
	0x2710,	0x01,
	0x2711,	0x69,
	0x2712,	0x01,
	0x2713,	0x3b,
	0x271d,	0xb3,
	0x2720,	0x00,
	0x2721,	0xef,
	0x2723,	0xc3,
	0x2725,	0x2b,
	0x2726,	0x00,
	0x2727,	0xff,
	0x2728,	0x01,
	0x2729,	0x69,
	0x272a,	0x01,
	0x272b,	0x3b,
	0x2735,	0xb3,
	0x2738,	0x00,
	0x2739,	0xef,
	0x273b,	0xc3,
	0x273d,	0x2b,
	0x273e,	0x00,
	0x273f,	0xff,
	0x2740,	0x01,
	0x2741,	0x69,
	0x2742,	0x01,
	0x2743,	0x3b,
	0x274d,	0xb3,
	0x2750,	0x00,
	0x2751,	0xef,
	0x2753,	0xc3,
	0x2755,	0x2b,
	0x2756,	0x00,
	0x2757,	0xff,
	0x2758,	0x01,
	0x2759,	0x69,
	0x275a,	0x01,
	0x275b,	0x3b,
	0x3010,	0x01,
	0x3402,	0xaf,
	0x3403,	0x19,
	0x3404,	0x19,
	0x3405,	0x0f,
	0x3406,	0x08,
	0x3408,	0x0f,
	0x3409,	0x08,
	0x340a,	0x03,
	0x341b,	0x30,
	0x344d,	0x02,
	0x344e,	0x02,
	0x3506,	0xf8,
	0x350d,	0x00,
	0x350e,	0xb1,
	0x3546,	0xf8,
	0x354d,	0x00,
	0x354e,	0xb1,
	0x3586,	0xf8,
	0x3608,	0x01,
	0x3622,	0x88,
	0x3623,	0x08,
	0x3691,	0x00,
	0x3692,	0x00,
	0x3696,	0x00,
	0x369a,	0x10,
	0x369b,	0x00,
	0x36a5,	0x02,
	0x36a6,	0x40,
	0x36a7,	0x00,
	0x36b0,	0x84,
	0x36b1,	0x00,
	0x36c8,	0x01,
	0x3714,	0x62,
	0x37bc,	0x08,
	0x37c9,	0x00,
	0x3800,	0x00,
	0x3801,	0x00,
	0x3802,	0x00,
	0x3803,	0x00,
	0x3804,	0x20,
	0x3805,	0x1f,
	0x3806,	0x18,
	0x3807,	0x3f,
	0x3808,	0x10,
	0x3809,	0x00,
	0x380a,	0x0c,
	0x380b,	0x00,
	0x380c,	0x04,
	0x380d,	0xb0,
	0x380e,	0x0c,
	0x380f,	0xfa,
	0x3811,	0x08,
	0x3813,	0x18,
	0x3814,	0x11,
	0x3815,	0x11,
	0x3820,	0x46,
	0x3821,	0x10,
	0x3823,	0x04,
	0x3828,	0x02,
	0x3830,	0x02,
	0x3831,	0x12,
	0x3837,	0x04,
	0x383f,	0x00,
	0x384c,	0x04,
	0x384d,	0xb0,
	0x386d,	0x7c,
	0x3889,	0x08,
	0x388b,	0x10,
	0x388c,	0x10,
	0x388d,	0x00,
	0x388e,	0x0c,
	0x388f,	0x00,
	0x3894,	0x10,
	0x3896,	0x00,
	0x38a1,	0x1d,
	0x38a2,	0x98,
	0x38a4,	0x1d,
	0x38a5,	0x98,
	0x38a6,	0x20,
	0x38a9,	0x3b,
	0x38aa,	0x30,
	0x38ab,	0x00,
	0x38ad,	0x1d,
	0x38ae,	0x98,
	0x38b0,	0x01,
	0x38db,	0xe1,
	0x3f00,	0x06,
	0x3f30,	0x04,
	0x3f70,	0x06,
	0x3f72,	0x14,
	0x3f74,	0x14,
	0x3f76,	0x08,
	0x3f78,	0x08,
	0x3f7a,	0x08,
	0x3f7c,	0x0e,
	0x3f7e,	0x0e,
	0x3f80,	0x0e,
	0x3f8e,	0x08,
	0x3f90,	0x08,
	0x3f92,	0x08,
	0x400e,	0x1c,
	0x400f,	0x60,
	0x4010,	0xf4,
	0x4012,	0x50,
	0x4016,	0x1d,
	0x4018,	0x0f,
	0x4506,	0x01,
	0x4509,	0x07,
	0x450c,	0x00,
	0x450d,	0x60,
	0x4546,	0x04,
	0x4547,	0xb0,
	0x4549,	0x00,
	0x4580,	0x05,
	0x45c0,	0x45,
	0x45cb,	0xf0,
	0x45cc,	0x02,
	0x45cd,	0x00,
	0x45ce,	0x00,
	0x4602,	0x00,
	0x4603,	0x15,
	0x460b,	0x07,
	0x4640,	0x01,
	0x4641,	0x00,
	0x4643,	0x0c,
	0x4680,	0x09,
	0x468e,	0x30,
	0x4690,	0x11,
	0x4692,	0x56,
	0x4693,	0x00,
	0x4695,	0x11,
	0x4697,	0x11,
	0x46c0,	0x01,
	0x46c2,	0x04,
	0x46cb,	0xff,
	0x4701,	0x40,
	0x4703,	0x08,
	0x47c0,	0x05,
	0x47c2,	0x02,
	0x47c4,	0x05,
	0x47c6,	0x01,
	0x47c8,	0x05,
	0x47ca,	0x02,
	0x47cc,	0x05,
	0x47ce,	0x01,
	0x4808,	0x54,
	0x4813,	0x10,
	0x4836,	0x32,
	0x490e,	0x08,
	0x490f,	0x60,
	0x4910,	0x00,
	0x4912,	0x00,
	0x4a0e,	0x08,
	0x4a0f,	0x60,
	0x4a10,	0x00,
	0x4a12,	0x00,
	0x4b00,	0x00,
	0x4b10,	0x02,
	0x4b11,	0x06,
	0x4b12,	0x02,
	0x4b13,	0x06,
	0x4b14,	0x02,
	0x4b15,	0x06,
	0x4b16,	0x0a,
	0x4b17,	0x0e,
	0x4b20,	0x02,
	0x4b21,	0x06,
	0x4b22,	0x02,
	0x4b23,	0x06,
	0x4b24,	0x02,
	0x4b25,	0x06,
	0x4b26,	0x0a,
	0x4b27,	0x0e,
	0x4b30,	0x02,
	0x4b31,	0x06,
	0x4b32,	0x02,
	0x4b33,	0x06,
	0x4b34,	0x02,
	0x4b35,	0x06,
	0x4b36,	0x0a,
	0x4b37,	0x0e,
	0x4b3d,	0x00,
	0x4b3f,	0x00,
	0x4b41,	0x08,
	0x4b42,	0x00,
	0x4b43,	0x08,
	0x4b45,	0x08,
	0x4b46,	0x00,
	0x4b47,	0x08,
	0x4b48,	0x02,
	0x4b49,	0x00,
	0x4b4a,	0x01,
	0x4b4b,	0x00,
	0x4b51,	0x06,
	0x4b52,	0x02,
	0x4b53,	0x06,
	0x4b54,	0x02,
	0x4b55,	0x06,
	0x4b56,	0x0a,
	0x4b57,	0x0e,
	0x4b5a,	0x08,
	0x4b61,	0x06,
	0x4b62,	0x02,
	0x4b63,	0x06,
	0x4b64,	0x02,
	0x4b65,	0x06,
	0x4b66,	0x0a,
	0x4b67,	0x0e,
	0x4b6a,	0x08,
	0x4b71,	0x06,
	0x4b72,	0x02,
	0x4b73,	0x06,
	0x4b74,	0x02,
	0x4b75,	0x06,
	0x4b76,	0x0a,
	0x4b77,	0x0e,
	0x4b7a,	0x08,
	0x4b7d,	0x00,
	0x4b7f,	0x00,
	0x4b82,	0x00,
	0x4b83,	0x08,
	0x4b85,	0x08,
	0x4b86,	0x00,
	0x4b87,	0x08,
	0x4b88,	0x02,
	0x4b89,	0x00,
	0x4b8a,	0x01,
	0x4b8b,	0x00,
	0x4b91,	0x06,
	0x4b92,	0x02,
	0x4b93,	0x06,
	0x4b94,	0x02,
	0x4b95,	0x06,
	0x4b96,	0x0a,
	0x4b97,	0x0e,
	0x4b9a,	0x08,
	0x4ba1,	0x06,
	0x4ba2,	0x02,
	0x4ba3,	0x06,
	0x4ba4,	0x02,
	0x4ba5,	0x06,
	0x4ba6,	0x0a,
	0x4ba7,	0x0e,
	0x4baa,	0x08,
	0x4bb1,	0x06,
	0x4bb2,	0x02,
	0x4bb3,	0x06,
	0x4bb4,	0x02,
	0x4bb5,	0x06,
	0x4bb6,	0x0a,
	0x4bb7,	0x0e,
	0x4bba,	0x08,
	0x4bbd,	0x00,
	0x4bbf,	0x00,
	0x4bc2,	0x00,
	0x4bc3,	0x08,
	0x4bc5,	0x08,
	0x4bc6,	0x00,
	0x4bc7,	0x08,
	0x4bc8,	0x02,
	0x4bc9,	0x00,
	0x4bca,	0x01,
	0x4bcb,	0x00,
	0x5000,	0x0f,
	0x5001,	0x00,
	0x5002,	0x40,
	0x5003,	0xc0,
	0x5016,	0x11,
	0x5017,	0x00,
	0x50b3,	0x00,
	0x51a7,	0xc0,
	0x54a7,	0xc0,
	0x57a7,	0xc0,
	0x5a60,	0x7b,
	0x5b95,	0x45,
	0x5b97,	0x0c,
	0x5b98,	0x08,
	0x5b99,	0x00,
	0x5bc0,	0x1f,
	0x5e00,	0x7b,
	0x5f35,	0x45,
	0x5f37,	0x0c,
	0x5f38,	0x08,
	0x5f39,	0x00,
	0x5f60,	0x1f,
	0x6200,	0x60,
	0x6201,	0x00,
	0x6365,	0x00,
	0x6382,	0x03,
	0x6392,	0x03,
	0x64a0,	0x01,
	0x64a1,	0x00,
	0x64a2,	0x40,
	0xc400,	0x11,
	0xc405,	0x12,
	0xc406,	0x12,
	0xc407,	0x00,
	0xc408,	0x00,
	0xc409,	0x00,
	0xc40a,	0x00,
	0xc40b,	0x00,
	0xc40c,	0x00,
	0xc40d,	0x00,
	0xc40e,	0x00,
	0xc40f,	0x00,
	0xc410,	0x00,
	0xc411,	0x00,
	0xc412,	0x00,
	0xc413,	0x00,
	0xc414,	0x00,
	0xc41c,	0x00,
	0xc41e,	0x00,
	0xc420,	0x00,
	0xc422,	0x00,
	0xc424,	0x00,
	0xc426,	0x00,
	0xc428,	0x00,
	0xc42a,	0x00,
	0xc42c,	0x00,
	0xc42e,	0x00,
	0xc430,	0x00,
	0xc432,	0x00,
	0xc434,	0x00,
	0xc435,	0x12,
	0xc436,	0x12,
	0xc437,	0x00,
	0xc438,	0x00,
	0xc439,	0x00,
	0xc43a,	0x00,
	0xc43b,	0x00,
	0xc43c,	0x00,
	0xc43d,	0x00,
	0xc43e,	0x00,
	0xc43f,	0x00,
	0xc440,	0x00,
	0xc441,	0x00,
	0xc442,	0x00,
	0xc443,	0x00,
	0xc444,	0x00,
	0xc464,	0x60,
	0xc465,	0x60,
	0xc466,	0x60,
	0xc804,	0x1d,
	0xc805,	0x1d,
	0xc806,	0x1c,
	0xc807,	0x1c,
	0xc808,	0x16,
	0xc809,	0x10,
	0xc80c,	0x0f,
	0xc81d,	0x03,
	0xc81e,	0x03,
	0xc820,	0x03,
	0xc829,	0x01,
	0xc82a,	0x10,
	0xc82b,	0x15,
	0xc82c,	0x1b,
	0xc82d,	0x1c,
	0xc85a,	0x3f,
	0xc85b,	0x3f,
	0xc85c,	0x3f,
	0xc85d,	0x3f,
	0xc85e,	0x3f,
	0xc85f,	0x3f,
	0xc860,	0x2d,
	0xc861,	0x2d,
	0xc862,	0x3f,
	0xc863,	0x2d,
	0xc864,	0x2d,
	0xc865,	0x3f,
	0xc873,	0x10,
	0xc874,	0x10,
	0xc875,	0x10,
	0xc898,	0x0b,
	0xc899,	0x00,
	0xc89a,	0x00,
	0xc89b,	0x00,
	0xc89c,	0x00,
	0xc89d,	0xea,
	0xc8a5,	0x1f,
	0xc8a6,	0x12,
	0xc8a7,	0x0b,
	0xc8a8,	0x0f,
	0xc8aa,	0x00,
	0xc8b1,	0x06,
	0xc8b2,	0x0a,
	0xc8b3,	0x18,
	0xc8b4,	0x37,
	0xc8b5,	0x00,
	0xc8b6,	0x00,
	0xc8b7,	0x0b,
	0xc8b8,	0x0b,
	0xc8b9,	0x16,
	0xc8ba,	0x2c,
	0xc8bb,	0x00,
	0xc8bc,	0x00,
	0xc8bd,	0x02,
	0xc8be,	0x02,
	0xc8bf,	0x04,
	0xc8c3,	0x0a,
	0xc8c4,	0x0a,
	0xc8c5,	0x0a,
	0xc8ca,	0x00,
	0xc8cb,	0x03,
	0xc8cc,	0x12,
	0xc8cd,	0x04,
	0xc8ce,	0x03,
	0xc8cf,	0x03,
	0xc8d0,	0x03,
	0xc8d1,	0x01,
	0xc8d2,	0x02,
	0xc8d3,	0x01,
	0xc8d4,	0x01,
	0xc8d5,	0x02,
	0xc8d6,	0x02,
	0xc8d7,	0x68,
	0xc8d8,	0x67,
	0xc8d9,	0x67,
	0xc8da,	0x03,
	0xc8db,	0x66,
	0xc8dc,	0x66,
	0xc8dd,	0x66,
	0xc8de,	0x66,
	0xc8df,	0x66,
	0xc8e0,	0x66,
	0xc8e1,	0x66,
	0xc8e2,	0x66,
	0xc8e3,	0x66,
	0xc8e4,	0x66,
	0xc8e5,	0x0f,
	0xc8e6,	0x0f,
	0xc8e7,	0x0f,
	0xc8e9,	0x0f,
	0xc8ea,	0x0f,
	0xc8eb,	0x0f,
	0xc8ec,	0x0f,
	0xc8ed,	0x0f,
	0xc8ee,	0x0f,
	0xc8f3,	0x1e,
	0xc8f4,	0x1e,
	0xc8f5,	0x16,
	0xc8f6,	0x08,
	0xc8f7,	0x10,
	0xc8f8,	0x18,
	0xc8f9,	0x05,
	0xc8fa,	0x05,
	0xc8fb,	0x0a,
	0xc8fc,	0x0a,
	0xc8fd,	0x00,
	0xc8fe,	0x00,
	0xc8ff,	0x00,
	0xc900,	0x00,
	0xc903,	0x0b,
	0xc904,	0x11,
	0xc906,	0x1a,
	0xc907,	0x1a,
	0xc908,	0x1a,
	0xc924,	0x03,
	0xc925,	0x03,
	0xc930,	0x05,
	0xc931,	0x13,
	0xc933,	0x1d,
	0xc95c,	0x34,
	0xc95d,	0x3f,
	0xc95e,	0x3f,
	0xc95f,	0x34,
	0xc960,	0x3f,
	0xc961,	0x3f,
	0xc962,	0x22,
	0xc963,	0x3f,
	0xc964,	0x3f,
	0xc965,	0x22,
	0xc966,	0x3f,
	0xc967,	0x3f,
	0xc975,	0x10,
	0xc976,	0x10,
	0xc977,	0x10,
	0xc999,	0x3f,
	0xc99a,	0x00,
	0xc99c,	0x00,
	0xc99d,	0x00,
	0xc99f,	0xd7,
	0xc9a7,	0x2e,
	0xc9a8,	0x2b,
	0xc9a9,	0x00,
	0xc9aa,	0x00,
	0xc9b3,	0x06,
	0xc9b4,	0x04,
	0xc9b5,	0x08,
	0xc9b9,	0x0b,
	0xc9ba,	0x0a,
	0xc9bb,	0x0b,
	0xc9bf,	0x02,
	0xc9c0,	0x02,
	0xc9c1,	0x0e,
	0xc9c2,	0x24,
	0xc9c5,	0x0a,
	0xc9c7,	0x14,
	0xc9c8,	0x27,
	0xc9cc,	0x01,
	0xc9cd,	0x01,
	0xc9ce,	0x00,
	0xc9cf,	0x01,
	0xc9d0,	0x02,
	0xc9d1,	0x00,
	0xc9d2,	0x00,
	0xc9d3,	0x00,
	0xc9d4,	0x00,
	0xc9d9,	0x9c,
	0xc9da,	0x9b,
	0xc9db,	0x9b,
	0xc9dc,	0x57,
	0xc9dd,	0x99,
	0xc9de,	0x99,
	0xc9df,	0x9c,
	0xc9e0,	0x9c,
	0xc9e1,	0x9c,
	0xc9e2,	0x9c,
	0xc9e3,	0x9c,
	0xc9e4,	0x9c,
	0xc9e5,	0x9c,
	0xc9e6,	0x9c,
	0xc9ea,	0x0f,
	0xc9eb,	0x0f,
	0xc9ec,	0x0f,
	0xc9f5,	0x14,
	0xc9f6,	0x0f,
	0xc9f7,	0x0f,
	0xc9f8,	0x0a,
	0xc9f9,	0x06,
	0xc9fa,	0x10,
	0xc9fb,	0x00,
	0xc9fc,	0x00,
	0xc9fd,	0x00,
	0xc9fe,	0x00,
	0xca0b,	0x0b,
	0xca0c,	0x11,
	0xca0e,	0x1a,
	0xca0f,	0x1a,
	0xca10,	0x1a,
	0xca17,	0x81,
	0xca1b,	0x3e,
	0xd013,	0x37,
	0xd023,	0x37,
	0xd027,	0x36,
	0xd02b,	0x96,
	0xd02f,	0x7a,
	0xd034,	0x00,
	0xd03b,	0x7a,
	0xd083,	0x00,
	0xd087,	0x02,
	0xd08f,	0x00,
	0xd093,	0x02,
	0xd0a7,	0x02,
	0xd0ab,	0x09,
	0xd0af,	0x00,
	0xd0b3,	0x00,
	0xd0bb,	0x08,
	0xd0c3,	0x10,
	0xd0ce,	0x41,
	0xd0cf,	0x05,
	0xd143,	0x50,
	0xd1f9,	0xb5,
	0xd1fb,	0xc1,
	0xd211,	0xb5,
	0xd213,	0xc1,
	0xd241,	0xb5,
	0xd243,	0xc1,
	0xd261,	0xb5,
	0xd263,	0xc1,
	0xd2a1,	0xb5,
	0xd2a3,	0xc1,
	0xd2c1,	0xb5,
	0xd2c3,	0xc1,
	0xd309,	0xc3,
	0xd30a,	0x00,
	0xd30b,	0xef,
	0xd30d,	0xff,
	0xd30e,	0x01,
	0xd30f,	0x73,
	0xd514,	0x00,
	0xd515,	0xc9,
	0xdbfd,	0xc3,
	0xdbff,	0xef,
	0xdc01,	0xff,
	0xddf7,	0x42,
	0xde7b,	0x42,
	0xdeef,	0x42,
	0xdf37,	0x42,
	0xe30c,	0x00,
	0xe30d,	0xd1,
	0xe30e,	0x00,
	0xe30f,	0xe7,
	0xe310,	0x01,
	0xe311,	0x0d,
	0xe312,	0x01,
	0xe313,	0x69,
	0xe4d7,	0xb5,
	0xe4ed,	0xc1,
	0xe507,	0xb5,
	0xe51d,	0xc1,
	0xe5f9,	0xbf,
	0xe5fa,	0x00,
	0xe5fb,	0xc4,
	0xe611,	0xbf,
	0xe612,	0x00,
	0xe613,	0xc4,
	0xe629,	0xbf,
	0xe62a,	0x00,
	0xe62b,	0xc4,
	0xe649,	0xbf,
	0xe64a,	0x00,
	0xe64b,	0xc4,
	0xe665,	0xbf,
	0xe666,	0x00,
	0xe667,	0xc4,
	0xe685,	0xbf,
	0xe686,	0x00,
	0xe687,	0xc4,
	0xe6a7,	0xb5,
	0xe6bf,	0xb5,
	0xe6d5,	0xc1,
	0xe6ed,	0xc1,
	0xe708,	0x00,
	0xe709,	0xef,
	0xe70b,	0xc3,
	0xe70c,	0x01,
	0xe70d,	0x73,
	0xe70f,	0xff,
	0xe720,	0x00,
	0xe721,	0xef,
	0xe723,	0xc3,
	0xe724,	0x01,
	0xe725,	0x73,
	0xe727,	0xff,
	0xe738,	0x00,
	0xe739,	0xef,
	0xe73b,	0xc3,
	0xe73c,	0x01,
	0xe73d,	0x73,
	0xe73f,	0xff,
	0xe750,	0x00,
	0xe751,	0xef,
	0xe753,	0xc3,
	0xe754,	0x01,
	0xe755,	0x73,
	0xe757,	0xff,
	// ois on	offset1: 13ms
	0x3002, 0x80,	//	bit[7] = 1 ; set VSYNC as output
	0x3680, 0x08,	//	assign VSYNC for OIS pin
	0x38f3, 0x02,	//	Enable OIS function
	0x38f4, 0x14,	//	bit[7:0] offset1[7:0]
	0x38f5, 0x05,	//	bit[7:4] for offset2[11:8]; bit[3:0] for offset1[11:8]
	0x38f6, 0x00,	//	bit[7:4] offset2[7:0]
	0x38af, 0x40,	//	Bit[6]: OIS function signal polarity
};

// custom14 mode 18: DXG；4:3  ；fake14 bit；
// mode_7
static u16 warholovx9500wide_custom14_setting[] = {
	0x0345,	0x40,
	0x0360,	0x03,
	0x100f,	0x62,
	0x101f,	0x62,
	0x1023,	0x37,
	0x1027,	0x4b,
	0x102b,	0xa2,
	0x102f,	0xd0,
	0x1034,	0x00,
	0x103b,	0xd0,
	0x1040,	0x00,
	0x1047,	0xb4,
	0x107a,	0x88,
	0x107b,	0x08,
	0x107e,	0x8b,
	0x107f,	0x03,
	0x1083,	0x0a,
	0x1087,	0x33,
	0x1093,	0x58,
	0x10a7,	0x02,
	0x10ab,	0x00,
	0x10ae,	0x8d,
	0x10af,	0x02,
	0x10b2,	0x8f,
	0x10b6,	0x92,
	0x10b7,	0x03,
	0x10ba,	0x95,
	0x10bb,	0x04,
	0x10be,	0x97,
	0x10c2,	0x9b,
	0x10c3,	0x10,
	0x10c6,	0x00,
	0x10c7,	0x00,
	0x1141,	0x00,
	0x1143,	0x00,
	0x11f9,	0xb5,
	0x11fb,	0xc1,
	0x1211,	0xb5,
	0x1213,	0xc1,
	0x1241,	0xb5,
	0x1243,	0xc1,
	0x1261,	0xb5,
	0x1263,	0xc1,
	0x12a1,	0xb5,
	0x12a3,	0xc1,
	0x12c1,	0xb5,
	0x12c3,	0xc1,
	0x130d,	0xc3,
	0x130e,	0x00,
	0x130f,	0xef,
	0x1310,	0x00,
	0x1311,	0xff,
	0x1313,	0x2b,
	0x1314,	0x01,
	0x1315,	0x43,
	0x1316,	0x01,
	0x1317,	0x69,
	0x1514,	0x00,
	0x1515,	0xc9,
	0x1bd1,	0x85,
	0x1c01,	0xc3,
	0x1c02,	0x00,
	0x1c03,	0xef,
	0x1c04,	0x00,
	0x1c05,	0xff,
	0x1c06,	0x01,
	0x1c07,	0x2b,
	0x1c08,	0x01,
	0x1c09,	0x3b,
	0x24ef,	0x6b,
	0x2507,	0xb5,
	0x251d,	0xc1,
	0x25f9,	0xbf,
	0x25fa,	0x00,
	0x25fb,	0xc4,
	0x2611,	0xbf,
	0x2612,	0x00,
	0x2613,	0xc4,
	0x2629,	0xbf,
	0x262a,	0x00,
	0x262b,	0xc4,
	0x2649,	0xbf,
	0x264a,	0x00,
	0x264b,	0xc4,
	0x2665,	0xbf,
	0x2666,	0x00,
	0x2667,	0xc4,
	0x2685,	0xbf,
	0x2686,	0x00,
	0x2687,	0xc4,
	0x26a7,	0xb5,
	0x26d5,	0xc1,
	0x26ef,	0x6b,
	0x2705,	0xb3,
	0x2708,	0x00,
	0x2709,	0xef,
	0x270b,	0xc3,
	0x270d,	0x2b,
	0x270e,	0x00,
	0x270f,	0xff,
	0x2710,	0x01,
	0x2711,	0x69,
	0x2712,	0x01,
	0x2713,	0x3b,
	0x271d,	0xb3,
	0x2720,	0x00,
	0x2721,	0xef,
	0x2723,	0xc3,
	0x2725,	0x2b,
	0x2726,	0x00,
	0x2727,	0xff,
	0x2728,	0x01,
	0x2729,	0x69,
	0x272a,	0x01,
	0x272b,	0x3b,
	0x2735,	0xb3,
	0x2738,	0x00,
	0x2739,	0xef,
	0x273b,	0xc3,
	0x273d,	0x2b,
	0x273e,	0x00,
	0x273f,	0xff,
	0x2740,	0x01,
	0x2741,	0x69,
	0x2742,	0x01,
	0x2743,	0x3b,
	0x274d,	0xb3,
	0x2750,	0x00,
	0x2751,	0xef,
	0x2753,	0xc3,
	0x2755,	0x2b,
	0x2756,	0x00,
	0x2757,	0xff,
	0x2758,	0x01,
	0x2759,	0x69,
	0x275a,	0x01,
	0x275b,	0x3b,
	0x3010,	0x06,
	0x3402,	0x58,
	0x3403,	0x0d,
	0x3404,	0x0d,
	0x3405,	0x08,
	0x3406,	0x04,
	0x3408,	0x08,
	0x3409,	0x04,
	0x340a,	0x02,
	0x341b,	0x30,
	0x344d,	0x02,
	0x344e,	0x02,
	0x3506,	0x1b,
	0x350d,	0x01,
	0x350e,	0x00,
	0x3546,	0x19,
	0x354d,	0x01,
	0x354e,	0x00,
	0x3586,	0x98,
	0x3608,	0x00,
	0x3622,	0xa8,
	0x3623,	0x06,
	0x3691,	0x01,
	0x3692,	0x20,
	0x3696,	0x00,
	0x369a,	0x10,
	0x369b,	0x00,
	0x36a5,	0x02,
	0x36a6,	0x40,
	0x36a7,	0x00,
	0x36b0,	0x84,
	0x36b1,	0x04,
	0x36c8,	0x01,
	0x3714,	0x62,
	0x37bc,	0x08,
	0x37c9,	0x02,
	0x3800,	0x00,
	0x3801,	0x00,
	0x3802,	0x00,
	0x3803,	0x00,
	0x3804,	0x20,
	0x3805,	0x1f,
	0x3806,	0x18,
	0x3807,	0x3f,
	0x3808,	0x10,
	0x3809,	0x00,
	0x380a,	0x0c,
	0x380b,	0x00,
	0x380c,	0x09,
	0x380d,	0x60,
	0x380e,	0x06,
	0x380f,	0x7d,
	0x3811,	0x08,
	0x3813,	0x11,
	0x3814,	0x11,
	0x3815,	0x11,
	0x3820,	0x46,
	0x3821,	0x10,
	0x3823,	0x06,
	0x3828,	0x02,
	0x3830,	0x02,
	0x3831,	0x12,
	0x3837,	0x04,
	0x383f,	0x04,
	0x384c,	0x09,
	0x384d,	0x60,
	0x386d,	0x7c,
	0x3889,	0x08,
	0x388b,	0x10,
	0x388c,	0x10,
	0x388d,	0x00,
	0x388e,	0x0c,
	0x388f,	0x00,
	0x3894,	0x10,
	0x3896,	0x00,
	0x38a1,	0x1d,
	0x38a2,	0x98,
	0x38a4,	0x1d,
	0x38a5,	0x98,
	0x38a6,	0x20,
	0x38a9,	0x3b,
	0x38aa,	0x30,
	0x38ab,	0x00,
	0x38ad,	0x1d,
	0x38ae,	0x98,
	0x38b0,	0x01,
	0x38db,	0xe1,
	0x3f00,	0x06,
	0x3f30,	0x04,
	0x3f70,	0x0a,
	0x3f72,	0x1e,
	0x3f74,	0x1e,
	0x3f76,	0x0e,
	0x3f78,	0x0e,
	0x3f7a,	0x0e,
	0x3f7c,	0x08,
	0x3f7e,	0x08,
	0x3f80,	0x08,
	0x3f8e,	0x08,
	0x3f90,	0x08,
	0x3f92,	0x08,
	0x400e,	0x1c,
	0x400f,	0x60,
	0x4010,	0xf4,
	0x4012,	0x50,
	0x4016,	0x1d,
	0x4018,	0x0f,
	0x4506,	0x01,
	0x4509,	0x07,
	0x450c,	0x00,
	0x450d,	0x60,
	0x4546,	0x04,
	0x4547,	0xb0,
	0x4549,	0x00,
	0x4580,	0x05,
	0x45c0,	0x45,
	0x45cb,	0xf0,
	0x45cc,	0x02,
	0x45cd,	0x00,
	0x45ce,	0x00,
	0x4602,	0x00,
	0x4603,	0x15,
	0x460b,	0x07,
	0x4640,	0x01,
	0x4641,	0x00,
	0x4643,	0x0c,
	0x4680,	0x09,
	0x468e,	0x38,
	0x4690,	0x22,
	0x4692,	0x56,
	0x4693,	0x00,
	0x4695,	0x11,
	0x4697,	0x33,
	0x46c0,	0x41,
	0x46c2,	0x14,
	0x46cb,	0xf0,
	0x4701,	0x40,
	0x4703,	0x0c,
	0x47c0,	0x05,
	0x47c2,	0x02,
	0x47c4,	0x05,
	0x47c6,	0x01,
	0x47c8,	0x05,
	0x47ca,	0x02,
	0x47cc,	0x05,
	0x47ce,	0x01,
	0x4808,	0x43,
	0x4813,	0x50,
	0x4836,	0x21,
	0x490e,	0x08,
	0x490f,	0x30,
	0x4910,	0x00,
	0x4912,	0x00,
	0x4a0e,	0x08,
	0x4a0f,	0x30,
	0x4a10,	0x00,
	0x4a12,	0x00,
	0x4b00,	0x40,
	0x4b10,	0x05,
	0x4b11,	0x04,
	0x4b12,	0x00,
	0x4b13,	0x01,
	0x4b14,	0x01,
	0x4b15,	0x05,
	0x4b16,	0x09,
	0x4b17,	0x0d,
	0x4b20,	0x05,
	0x4b21,	0x04,
	0x4b22,	0x00,
	0x4b23,	0x01,
	0x4b24,	0x01,
	0x4b25,	0x05,
	0x4b26,	0x09,
	0x4b27,	0x0d,
	0x4b30,	0x05,
	0x4b31,	0x04,
	0x4b32,	0x00,
	0x4b33,	0x01,
	0x4b34,	0x01,
	0x4b35,	0x05,
	0x4b36,	0x09,
	0x4b37,	0x0d,
	0x4b3d,	0x10,
	0x4b3f,	0x10,
	0x4b41,	0x10,
	0x4b42,	0x20,
	0x4b43,	0x00,
	0x4b45,	0x10,
	0x4b46,	0x10,
	0x4b47,	0x00,
	0x4b48,	0x20,
	0x4b49,	0x20,
	0x4b4a,	0x10,
	0x4b4b,	0x20,
	0x4b51,	0x02,
	0x4b52,	0x00,
	0x4b53,	0x00,
	0x4b54,	0x01,
	0x4b55,	0x05,
	0x4b56,	0x09,
	0x4b57,	0x0d,
	0x4b5a,	0x04,
	0x4b61,	0x02,
	0x4b62,	0x00,
	0x4b63,	0x00,
	0x4b64,	0x01,
	0x4b65,	0x05,
	0x4b66,	0x09,
	0x4b67,	0x0d,
	0x4b6a,	0x04,
	0x4b71,	0x02,
	0x4b72,	0x00,
	0x4b73,	0x00,
	0x4b74,	0x01,
	0x4b75,	0x05,
	0x4b76,	0x09,
	0x4b77,	0x0d,
	0x4b7a,	0x04,
	0x4b7d,	0x08,
	0x4b7f,	0x10,
	0x4b82,	0x10,
	0x4b83,	0x00,
	0x4b85,	0x10,
	0x4b86,	0x10,
	0x4b87,	0x00,
	0x4b88,	0x10,
	0x4b89,	0x10,
	0x4b8a,	0x10,
	0x4b8b,	0x20,
	0x4b91,	0x02,
	0x4b92,	0x00,
	0x4b93,	0x00,
	0x4b94,	0x01,
	0x4b95,	0x05,
	0x4b96,	0x09,
	0x4b97,	0x0d,
	0x4b9a,	0x04,
	0x4ba1,	0x02,
	0x4ba2,	0x00,
	0x4ba3,	0x00,
	0x4ba4,	0x01,
	0x4ba5,	0x05,
	0x4ba6,	0x09,
	0x4ba7,	0x0d,
	0x4baa,	0x04,
	0x4bb1,	0x02,
	0x4bb2,	0x00,
	0x4bb3,	0x00,
	0x4bb4,	0x01,
	0x4bb5,	0x05,
	0x4bb6,	0x09,
	0x4bb7,	0x0d,
	0x4bba,	0x04,
	0x4bbd,	0x08,
	0x4bbf,	0x10,
	0x4bc2,	0x10,
	0x4bc3,	0x00,
	0x4bc5,	0x10,
	0x4bc6,	0x10,
	0x4bc7,	0x00,
	0x4bc8,	0x10,
	0x4bc9,	0x10,
	0x4bca,	0x10,
	0x4bcb,	0x20,
	0x5000,	0x2f,
	0x5001,	0x2c,
	0x5002,	0x71,
	0x5003,	0xc8,
	0x5016,	0x31,
	0x5017,	0x01,
	0x50b3,	0xd7,
	0x51a7,	0xd8,
	0x54a7,	0xd8,
	0x57a7,	0xd8,
	0x5a60,	0x7b,
	0x5b95,	0x45,
	0x5b97,	0x0c,
	0x5b98,	0x08,
	0x5b99,	0x00,
	0x5bc0,	0x1f,
	0x5e00,	0x7b,
	0x5f35,	0x45,
	0x5f37,	0x0c,
	0x5f38,	0x08,
	0x5f39,	0x00,
	0x5f60,	0x1f,
	0x6200,	0x60,
	0x6201,	0x01,
	0x6365,	0x80,
	0x6382,	0x03,
	0x6392,	0x03,
	0x64a0,	0x03,
	0x64a1,	0x04,
	0x64a2,	0x00,
	0xc400,	0x11,
	0xc405,	0x12,
	0xc406,	0x12,
	0xc407,	0x12,
	0xc408,	0x00,
	0xc409,	0x00,
	0xc40a,	0x00,
	0xc40b,	0x00,
	0xc40c,	0x00,
	0xc40d,	0x00,
	0xc40e,	0x00,
	0xc40f,	0x00,
	0xc410,	0x00,
	0xc411,	0x00,
	0xc412,	0x00,
	0xc413,	0x00,
	0xc414,	0x00,
	0xc41c,	0x00,
	0xc41e,	0x00,
	0xc420,	0x00,
	0xc422,	0x00,
	0xc424,	0x00,
	0xc426,	0x00,
	0xc428,	0x00,
	0xc42a,	0x00,
	0xc42c,	0x00,
	0xc42e,	0x00,
	0xc430,	0x00,
	0xc432,	0x00,
	0xc434,	0x00,
	0xc435,	0x12,
	0xc436,	0x12,
	0xc437,	0x12,
	0xc438,	0x00,
	0xc439,	0x00,
	0xc43a,	0x00,
	0xc43b,	0x00,
	0xc43c,	0x00,
	0xc43d,	0x00,
	0xc43e,	0x00,
	0xc43f,	0x00,
	0xc440,	0x00,
	0xc441,	0x00,
	0xc442,	0x00,
	0xc443,	0x00,
	0xc444,	0x00,
	0xc464,	0x60,
	0xc465,	0x30,
	0xc466,	0x30,
	0xc804,	0x1d,
	0xc805,	0x1d,
	0xc806,	0x1f,
	0xc807,	0x1f,
	0xc808,	0x18,
	0xc809,	0x18,
	0xc80c,	0x0f,
	0xc81d,	0x03,
	0xc81e,	0x03,
	0xc820,	0x03,
	0xc829,	0x09,
	0xc82a,	0x12,
	0xc82b,	0x16,
	0xc82c,	0x1c,
	0xc82d,	0x1d,
	0xc85a,	0x3e,
	0xc85b,	0x1d,
	0xc85c,	0x1b,
	0xc85d,	0x3f,
	0xc85e,	0x1d,
	0xc85f,	0x1b,
	0xc860,	0x2f,
	0xc861,	0x1d,
	0xc862,	0x1b,
	0xc863,	0x2e,
	0xc864,	0x1d,
	0xc865,	0x1b,
	0xc873,	0x0c,
	0xc874,	0x0c,
	0xc875,	0x0c,
	0xc898,	0x1b,
	0xc899,	0x1b,
	0xc89a,	0x00,
	0xc89b,	0x00,
	0xc89c,	0x00,
	0xc89d,	0xff,
	0xc8a5,	0x10,
	0xc8a6,	0x0b,
	0xc8a7,	0x07,
	0xc8a8,	0x06,
	0xc8aa,	0x05,
	0xc8b1,	0x0a,
	0xc8b2,	0x10,
	0xc8b3,	0x28,
	0xc8b4,	0x4a,
	0xc8b5,	0x4a,
	0xc8b6,	0x4a,
	0xc8b7,	0x0c,
	0xc8b8,	0x0c,
	0xc8b9,	0x18,
	0xc8ba,	0x2a,
	0xc8bb,	0x28,
	0xc8bc,	0x24,
	0xc8bd,	0x02,
	0xc8be,	0x02,
	0xc8bf,	0x04,
	0xc8c3,	0x0a,
	0xc8c4,	0x0a,
	0xc8c5,	0x0a,
	0xc8ca,	0x01,
	0xc8cb,	0x01,
	0xc8cc,	0x07,
	0xc8cd,	0x05,
	0xc8ce,	0x05,
	0xc8cf,	0x04,
	0xc8d0,	0x04,
	0xc8d1,	0x04,
	0xc8d2,	0x04,
	0xc8d3,	0x05,
	0xc8d4,	0x05,
	0xc8d5,	0x08,
	0xc8d6,	0x08,
	0xc8d7,	0x89,
	0xc8d8,	0x89,
	0xc8d9,	0x89,
	0xc8da,	0x3a,
	0xc8db,	0x87,
	0xc8dc,	0x87,
	0xc8dd,	0x87,
	0xc8de,	0x87,
	0xc8df,	0x87,
	0xc8e0,	0x87,
	0xc8e1,	0x87,
	0xc8e2,	0x87,
	0xc8e3,	0x87,
	0xc8e4,	0x87,
	0xc8e5,	0x0f,
	0xc8e6,	0x0f,
	0xc8e7,	0x0f,
	0xc8e9,	0x0f,
	0xc8ea,	0x0f,
	0xc8eb,	0x0f,
	0xc8ec,	0x0f,
	0xc8ed,	0x0f,
	0xc8ee,	0x0f,
	0xc8f3,	0x1e,
	0xc8f4,	0x10,
	0xc8f5,	0x0a,
	0xc8f6,	0x01,
	0xc8f7,	0x0f,
	0xc8f8,	0x08,
	0xc8f9,	0x08,
	0xc8fa,	0x08,
	0xc8fb,	0x08,
	0xc8fc,	0x08,
	0xc8fd,	0x12,
	0xc8fe,	0x12,
	0xc8ff,	0x10,
	0xc900,	0x10,
	0xc903,	0x09,
	0xc904,	0x10,
	0xc906,	0x17,
	0xc907,	0x17,
	0xc908,	0x17,
	0xc924,	0x03,
	0xc925,	0x03,
	0xc930,	0x07,
	0xc931,	0x12,
	0xc933,	0x1c,
	0xc95c,	0x23,
	0xc95d,	0x33,
	0xc95e,	0x1b,
	0xc95f,	0x1a,
	0xc960,	0x33,
	0xc961,	0x1b,
	0xc962,	0x0f,
	0xc963,	0x39,
	0xc964,	0x1b,
	0xc965,	0x0e,
	0xc966,	0x09,
	0xc967,	0x1b,
	0xc975,	0x0c,
	0xc976,	0x0c,
	0xc977,	0x0c,
	0xc999,	0x3f,
	0xc99a,	0x2c,
	0xc99c,	0x00,
	0xc99d,	0x00,
	0xc99f,	0xff,
	0xc9a7,	0x3f,
	0xc9a8,	0x25,
	0xc9a9,	0x3f,
	0xc9aa,	0x13,
	0xc9b3,	0x08,
	0xc9b4,	0x08,
	0xc9b5,	0x0c,
	0xc9b9,	0x0c,
	0xc9ba,	0x0c,
	0xc9bb,	0x0c,
	0xc9bf,	0x02,
	0xc9c0,	0x06,
	0xc9c1,	0x0a,
	0xc9c2,	0x24,
	0xc9c5,	0x0a,
	0xc9c7,	0x1a,
	0xc9c8,	0x32,
	0xc9cc,	0x02,
	0xc9cd,	0x00,
	0xc9ce,	0x04,
	0xc9cf,	0x00,
	0xc9d0,	0x00,
	0xc9d1,	0x00,
	0xc9d2,	0x00,
	0xc9d3,	0x00,
	0xc9d4,	0x00,
	0xc9d9,	0x89,
	0xc9da,	0x88,
	0xc9db,	0x88,
	0xc9dc,	0x39,
	0xc9dd,	0x85,
	0xc9de,	0x85,
	0xc9df,	0x85,
	0xc9e0,	0x85,
	0xc9e1,	0x85,
	0xc9e2,	0x85,
	0xc9e3,	0x89,
	0xc9e4,	0x89,
	0xc9e5,	0x89,
	0xc9e6,	0x89,
	0xc9ea,	0x0f,
	0xc9eb,	0x0f,
	0xc9ec,	0x0f,
	0xc9f5,	0x1a,
	0xc9f6,	0x1a,
	0xc9f7,	0x10,
	0xc9f8,	0x10,
	0xc9f9,	0x10,
	0xc9fa,	0x10,
	0xc9fb,	0x10,
	0xc9fc,	0x10,
	0xc9fd,	0x10,
	0xc9fe,	0x08,
	0xca0b,	0x09,
	0xca0c,	0x10,
	0xca0e,	0x17,
	0xca0f,	0x17,
	0xca10,	0x17,
	0xca17,	0x81,
	0xca1b,	0x3e,
	0xd013,	0x37,
	0xd023,	0x37,
	0xd027,	0x36,
	0xd02b,	0x96,
	0xd02f,	0xd6,
	0xd034,	0x00,
	0xd03b,	0xd6,
	0xd083,	0x00,
	0xd087,	0x5e,
	0xd08f,	0x00,
	0xd093,	0x5e,
	0xd0a7,	0x02,
	0xd0ab,	0x0a,
	0xd0af,	0x00,
	0xd0b3,	0x04,
	0xd0bb,	0x08,
	0xd0c3,	0x10,
	0xd0ce,	0x41,
	0xd0cf,	0x00,
	0xd143,	0x50,
	0xd1f9,	0xb5,
	0xd1fb,	0xc1,
	0xd211,	0xb5,
	0xd213,	0xc1,
	0xd241,	0xb5,
	0xd243,	0xc1,
	0xd261,	0xb5,
	0xd263,	0xc1,
	0xd2a1,	0xb5,
	0xd2a3,	0xc1,
	0xd2c1,	0xb5,
	0xd2c3,	0xc1,
	0xd309,	0xc3,
	0xd30a,	0x00,
	0xd30b,	0xef,
	0xd30d,	0xff,
	0xd30e,	0x01,
	0xd30f,	0x73,
	0xd514,	0x00,
	0xd515,	0xc9,
	0xdbfd,	0xc3,
	0xdbff,	0xef,
	0xdc01,	0xff,
	0xddf7,	0x41,
	0xde7b,	0x41,
	0xdeef,	0x41,
	0xdf37,	0x41,
	0xe30c,	0x00,
	0xe30d,	0xd1,
	0xe30e,	0x00,
	0xe30f,	0xe7,
	0xe310,	0x01,
	0xe311,	0x0d,
	0xe312,	0x01,
	0xe313,	0x69,
	0xe4d7,	0xb5,
	0xe4ed,	0xc1,
	0xe507,	0xb5,
	0xe51d,	0xc1,
	0xe5f9,	0xbf,
	0xe5fa,	0x00,
	0xe5fb,	0xc4,
	0xe611,	0xbf,
	0xe612,	0x00,
	0xe613,	0xc4,
	0xe629,	0xbf,
	0xe62a,	0x00,
	0xe62b,	0xc4,
	0xe649,	0xbf,
	0xe64a,	0x00,
	0xe64b,	0xc4,
	0xe665,	0xbf,
	0xe666,	0x00,
	0xe667,	0xc4,
	0xe685,	0xbf,
	0xe686,	0x00,
	0xe687,	0xc4,
	0xe6a7,	0xb5,
	0xe6bf,	0xb5,
	0xe6d5,	0xc1,
	0xe6ed,	0xc1,
	0xe708,	0x00,
	0xe709,	0xef,
	0xe70b,	0xc3,
	0xe70c,	0x01,
	0xe70d,	0x73,
	0xe70f,	0xff,
	0xe720,	0x00,
	0xe721,	0xef,
	0xe723,	0xc3,
	0xe724,	0x01,
	0xe725,	0x73,
	0xe727,	0xff,
	0xe738,	0x00,
	0xe739,	0xef,
	0xe73b,	0xc3,
	0xe73c,	0x01,
	0xe73d,	0x73,
	0xe73f,	0xff,
	0xe750,	0x00,
	0xe751,	0xef,
	0xe753,	0xc3,
	0xe754,	0x01,
	0xe755,	0x73,
	0xe757,	0xff,
	// ois on	offset1: 13ms
	0x3002, 0x80,	//	bit[7] = 1 ; set VSYNC as output
	0x3680, 0x08,	//	assign VSYNC for OIS pin
	0x38f3, 0x02,	//	Enable OIS function
	0x38f4, 0x14,	//	bit[7:0] offset1[7:0]
	0x38f5, 0x05,	//	bit[7:4] for offset2[11:8]; bit[3:0] for offset1[11:8]
	0x38f6, 0x00,	//	bit[7:4] offset2[7:0]
	0x38af, 0x40,	//	Bit[6]: OIS function signal polarity
};

// custom15 mode 19 lbmf2
//mode_8
static u16 warholovx9500wide_custom15_setting[] = {
	0x0345,	0x40,
	0x0360,	0x01,
	0x100f,	0x62,
	0x101f,	0x62,
	0x1023,	0x37,
	0x1027,	0x4b,
	0x102b,	0xa2,
	0x102f,	0xd0,
	0x1034,	0x00,
	0x103b,	0xd0,
	0x1040,	0x00,
	0x1047,	0xb4,
	0x107a,	0x88,
	0x107b,	0x08,
	0x107e,	0x8b,
	0x107f,	0x03,
	0x1083,	0x0a,
	0x1087,	0x33,
	0x1093,	0x58,
	0x10a7,	0x02,
	0x10ab,	0x00,
	0x10ae,	0x8d,
	0x10af,	0x02,
	0x10b2,	0x8f,
	0x10b6,	0x92,
	0x10b7,	0x03,
	0x10ba,	0x95,
	0x10bb,	0x04,
	0x10be,	0x97,
	0x10c2,	0x9b,
	0x10c3,	0x10,
	0x10c6,	0x00,
	0x10c7,	0x00,
	0x1141,	0x00,
	0x1143,	0x00,
	0x11f9,	0xb5,
	0x11fb,	0xc1,
	0x1211,	0xb5,
	0x1213,	0xc1,
	0x1241,	0xb5,
	0x1243,	0xc1,
	0x1261,	0xb5,
	0x1263,	0xc1,
	0x12a1,	0xb5,
	0x12a3,	0xc1,
	0x12c1,	0xb5,
	0x12c3,	0xc1,
	0x130d,	0xc3,
	0x130e,	0x00,
	0x130f,	0xef,
	0x1310,	0x00,
	0x1311,	0xff,
	0x1313,	0x2b,
	0x1314,	0x01,
	0x1315,	0x43,
	0x1316,	0x01,
	0x1317,	0x69,
	0x1514,	0x00,
	0x1515,	0xc9,
	0x1bd1,	0x85,
	0x1c01,	0xc3,
	0x1c02,	0x00,
	0x1c03,	0xef,
	0x1c04,	0x00,
	0x1c05,	0xff,
	0x1c06,	0x01,
	0x1c07,	0x2b,
	0x1c08,	0x01,
	0x1c09,	0x3b,
	0x24ef,	0x6b,
	0x2507,	0xb5,
	0x251d,	0xc1,
	0x25f9,	0xbf,
	0x25fa,	0x00,
	0x25fb,	0xc4,
	0x2611,	0xbf,
	0x2612,	0x00,
	0x2613,	0xc4,
	0x2629,	0xbf,
	0x262a,	0x00,
	0x262b,	0xc4,
	0x2649,	0xbf,
	0x264a,	0x00,
	0x264b,	0xc4,
	0x2665,	0xbf,
	0x2666,	0x00,
	0x2667,	0xc4,
	0x2685,	0xbf,
	0x2686,	0x00,
	0x2687,	0xc4,
	0x26a7,	0xb5,
	0x26d5,	0xc1,
	0x26ef,	0x6b,
	0x2705,	0xb3,
	0x2708,	0x00,
	0x2709,	0xef,
	0x270b,	0xc3,
	0x270d,	0x2b,
	0x270e,	0x00,
	0x270f,	0xff,
	0x2710,	0x01,
	0x2711,	0x69,
	0x2712,	0x01,
	0x2713,	0x3b,
	0x271d,	0xb3,
	0x2720,	0x00,
	0x2721,	0xef,
	0x2723,	0xc3,
	0x2725,	0x2b,
	0x2726,	0x00,
	0x2727,	0xff,
	0x2728,	0x01,
	0x2729,	0x69,
	0x272a,	0x01,
	0x272b,	0x3b,
	0x2735,	0xb3,
	0x2738,	0x00,
	0x2739,	0xef,
	0x273b,	0xc3,
	0x273d,	0x2b,
	0x273e,	0x00,
	0x273f,	0xff,
	0x2740,	0x01,
	0x2741,	0x69,
	0x2742,	0x01,
	0x2743,	0x3b,
	0x274d,	0xb3,
	0x2750,	0x00,
	0x2751,	0xef,
	0x2753,	0xc3,
	0x2755,	0x2b,
	0x2756,	0x00,
	0x2757,	0xff,
	0x2758,	0x01,
	0x2759,	0x69,
	0x275a,	0x01,
	0x275b,	0x3b,
	0x3010,	0x01,
	0x3402,	0xaf,
	0x3403,	0x19,
	0x3404,	0x19,
	0x3405,	0x0f,
	0x3406,	0x08,
	0x3408,	0x0f,
	0x3409,	0x08,
	0x340a,	0x03,
	0x341b,	0x00,
	0x344d,	0x02,
	0x344e,	0x02,
	0x3506,	0xf8,
	0x350d,	0x00,
	0x350e,	0xb1,
	0x3546,	0xf8,
	0x354d,	0x00,
	0x354e,	0xb1,
	0x3586,	0xf8,
	0x3608,	0x01,
	0x3622,	0x88,
	0x3623,	0x08,
	0x3691,	0x04,
	0x3692,	0x00,
	0x3696,	0x00,
	0x369a,	0x10,
	0x369b,	0x00,
	0x36a5,	0x82,
	0x36a6,	0x40,
	0x36a7,	0x20,
	0x36b0,	0x84,
	0x36b1,	0x00,
	0x36c8,	0x01,
	0x3714,	0x62,
	0x37bc,	0x08,
	0x37c9,	0x00,
	0x3800,	0x00,
	0x3801,	0x00,
	0x3802,	0x00,
	0x3803,	0x00,
	0x3804,	0x20,
	0x3805,	0x1f,
	0x3806,	0x18,
	0x3807,	0x3f,
	0x3808,	0x10,
	0x3809,	0x00,
	0x380a,	0x0c,
	0x380b,	0x00,
	0x380c,	0x04,
	0x380d,	0xb0,
	0x380e,	0x06,
	0x380f,	0x7d,
	0x3811,	0x08,
	0x3813,	0x11,
	0x3814,	0x11,
	0x3815,	0x11,
	0x3820,	0x46,
	0x3821,	0x10,
	0x3823,	0x04,
	0x3828,	0x02,
	0x3830,	0x02,
	0x3831,	0x12,
	0x3837,	0x04,
	0x383f,	0x00,
	0x384c,	0x04,
	0x384d,	0xb0,
	0x386d,	0x7d,
	0x3889,	0x08,
	0x388b,	0x10,
	0x388c,	0x10,
	0x388d,	0x00,
	0x388e,	0x0c,
	0x388f,	0x00,
	0x3894,	0x50,
	0x3896,	0x00,
	0x38a1,	0x03,
	0x38a2,	0x54,
	0x38a4,	0x03,
	0x38a5,	0x54,
	0x38a6,	0xa3,
	0x38a9,	0x0c,
	0x38aa,	0xfa,
	0x38ab,	0x21,
	0x38ad,	0x03,
	0x38ae,	0x54,
	0x38b0,	0x02,
	0x38db,	0xe3,
	0x3f00,	0x06,
	0x3f30,	0x04,
	0x3f70,	0x06,
	0x3f72,	0x14,
	0x3f74,	0x14,
	0x3f76,	0x08,
	0x3f78,	0x08,
	0x3f7a,	0x08,
	0x3f7c,	0x0e,
	0x3f7e,	0x0e,
	0x3f80,	0x0e,
	0x3f8e,	0x08,
	0x3f90,	0x08,
	0x3f92,	0x08,
	0x400e,	0x1c,
	0x400f,	0x60,
	0x4010,	0xf4,
	0x4012,	0x50,
	0x4016,	0x1d,
	0x4018,	0x0f,
	0x4506,	0x01,
	0x4509,	0x07,
	0x450c,	0x00,
	0x450d,	0x60,
	0x4546,	0x04,
	0x4547,	0xb0,
	0x4549,	0x00,
	0x4580,	0x05,
	0x45c0,	0x45,
	0x45cb,	0xf0,
	0x45cc,	0x02,
	0x45cd,	0x00,
	0x45ce,	0x00,
	0x4602,	0x00,
	0x4603,	0x15,
	0x460b,	0x07,
	0x4640,	0x01,
	0x4641,	0x00,
	0x4643,	0x0c,
	0x4680,	0x09,
	0x468e,	0x10,
	0x4690,	0x22,
	0x4692,	0x34,
	0x4693,	0x34,
	0x4695,	0x11,
	0x4697,	0x11,
	0x46c0,	0x01,
	0x46c2,	0x04,
	0x46cb,	0xff,
	0x4701,	0x40,
	0x4703,	0x08,
	0x47c0,	0x05,
	0x47c2,	0x02,
	0x47c4,	0x05,
	0x47c6,	0x01,
	0x47c8,	0x05,
	0x47ca,	0x02,
	0x47cc,	0x05,
	0x47ce,	0x01,
	0x4808,	0x54,
	0x4813,	0x10,
	0x4836,	0x32,
	0x490e,	0x08,
	0x490f,	0x60,
	0x4910,	0x00,
	0x4912,	0x00,
	0x4a0e,	0x08,
	0x4a0f,	0x60,
	0x4a10,	0x00,
	0x4a12,	0x00,
	0x4b00,	0x00,
	0x4b10,	0x02,
	0x4b11,	0x06,
	0x4b12,	0x02,
	0x4b13,	0x06,
	0x4b14,	0x02,
	0x4b15,	0x06,
	0x4b16,	0x0a,
	0x4b17,	0x0e,
	0x4b20,	0x02,
	0x4b21,	0x06,
	0x4b22,	0x02,
	0x4b23,	0x06,
	0x4b24,	0x02,
	0x4b25,	0x06,
	0x4b26,	0x0a,
	0x4b27,	0x0e,
	0x4b30,	0x02,
	0x4b31,	0x06,
	0x4b32,	0x02,
	0x4b33,	0x06,
	0x4b34,	0x02,
	0x4b35,	0x06,
	0x4b36,	0x0a,
	0x4b37,	0x0e,
	0x4b3d,	0x00,
	0x4b3f,	0x00,
	0x4b41,	0x08,
	0x4b42,	0x00,
	0x4b43,	0x08,
	0x4b45,	0x08,
	0x4b46,	0x00,
	0x4b47,	0x08,
	0x4b48,	0x02,
	0x4b49,	0x00,
	0x4b4a,	0x01,
	0x4b4b,	0x00,
	0x4b51,	0x06,
	0x4b52,	0x02,
	0x4b53,	0x06,
	0x4b54,	0x02,
	0x4b55,	0x06,
	0x4b56,	0x0a,
	0x4b57,	0x0e,
	0x4b5a,	0x08,
	0x4b61,	0x06,
	0x4b62,	0x02,
	0x4b63,	0x06,
	0x4b64,	0x02,
	0x4b65,	0x06,
	0x4b66,	0x0a,
	0x4b67,	0x0e,
	0x4b6a,	0x08,
	0x4b71,	0x06,
	0x4b72,	0x02,
	0x4b73,	0x06,
	0x4b74,	0x02,
	0x4b75,	0x06,
	0x4b76,	0x0a,
	0x4b77,	0x0e,
	0x4b7a,	0x08,
	0x4b7d,	0x00,
	0x4b7f,	0x00,
	0x4b82,	0x00,
	0x4b83,	0x08,
	0x4b85,	0x08,
	0x4b86,	0x00,
	0x4b87,	0x08,
	0x4b88,	0x02,
	0x4b89,	0x00,
	0x4b8a,	0x01,
	0x4b8b,	0x00,
	0x4b91,	0x06,
	0x4b92,	0x02,
	0x4b93,	0x06,
	0x4b94,	0x02,
	0x4b95,	0x06,
	0x4b96,	0x0a,
	0x4b97,	0x0e,
	0x4b9a,	0x08,
	0x4ba1,	0x06,
	0x4ba2,	0x02,
	0x4ba3,	0x06,
	0x4ba4,	0x02,
	0x4ba5,	0x06,
	0x4ba6,	0x0a,
	0x4ba7,	0x0e,
	0x4baa,	0x08,
	0x4bb1,	0x06,
	0x4bb2,	0x02,
	0x4bb3,	0x06,
	0x4bb4,	0x02,
	0x4bb5,	0x06,
	0x4bb6,	0x0a,
	0x4bb7,	0x0e,
	0x4bba,	0x08,
	0x4bbd,	0x00,
	0x4bbf,	0x00,
	0x4bc2,	0x00,
	0x4bc3,	0x08,
	0x4bc5,	0x08,
	0x4bc6,	0x00,
	0x4bc7,	0x08,
	0x4bc8,	0x02,
	0x4bc9,	0x00,
	0x4bca,	0x01,
	0x4bcb,	0x00,
	0x5000,	0x0f,
	0x5001,	0x00,
	0x5002,	0x40,
	0x5003,	0xc0,
	0x5016,	0x11,
	0x5017,	0x00,
	0x50b3,	0x00,
	0x51a7,	0xc0,
	0x54a7,	0xc0,
	0x57a7,	0xc0,
	0x5a60,	0x7b,
	0x5b95,	0x45,
	0x5b97,	0x0c,
	0x5b98,	0x08,
	0x5b99,	0x00,
	0x5bc0,	0x1f,
	0x5e00,	0x7b,
	0x5f35,	0x45,
	0x5f37,	0x0c,
	0x5f38,	0x08,
	0x5f39,	0x00,
	0x5f60,	0x1f,
	0x6200,	0x60,
	0x6201,	0x00,
	0x6365,	0x00,
	0x6382,	0x03,
	0x6392,	0x03,
	0x64a0,	0x01,
	0x64a1,	0x00,
	0x64a2,	0x40,
	0xc400,	0x11,
	0xc405,	0x12,
	0xc406,	0x12,
	0xc407,	0x00,
	0xc408,	0x00,
	0xc409,	0x00,
	0xc40a,	0x00,
	0xc40b,	0x00,
	0xc40c,	0x00,
	0xc40d,	0x00,
	0xc40e,	0x00,
	0xc40f,	0x00,
	0xc410,	0x00,
	0xc411,	0x00,
	0xc412,	0x00,
	0xc413,	0x00,
	0xc414,	0x00,
	0xc41c,	0x00,
	0xc41e,	0x00,
	0xc420,	0x00,
	0xc422,	0x00,
	0xc424,	0x00,
	0xc426,	0x00,
	0xc428,	0x00,
	0xc42a,	0x00,
	0xc42c,	0x00,
	0xc42e,	0x00,
	0xc430,	0x00,
	0xc432,	0x00,
	0xc434,	0x00,
	0xc435,	0x12,
	0xc436,	0x12,
	0xc437,	0x00,
	0xc438,	0x00,
	0xc439,	0x00,
	0xc43a,	0x00,
	0xc43b,	0x00,
	0xc43c,	0x00,
	0xc43d,	0x00,
	0xc43e,	0x00,
	0xc43f,	0x00,
	0xc440,	0x00,
	0xc441,	0x00,
	0xc442,	0x00,
	0xc443,	0x00,
	0xc444,	0x00,
	0xc464,	0x60,
	0xc465,	0x60,
	0xc466,	0x60,
	0xc804,	0x1d,
	0xc805,	0x1d,
	0xc806,	0x1c,
	0xc807,	0x1c,
	0xc808,	0x16,
	0xc809,	0x10,
	0xc80c,	0x0f,
	0xc81d,	0x03,
	0xc81e,	0x03,
	0xc820,	0x03,
	0xc829,	0x01,
	0xc82a,	0x10,
	0xc82b,	0x15,
	0xc82c,	0x1b,
	0xc82d,	0x1c,
	0xc85a,	0x3f,
	0xc85b,	0x3f,
	0xc85c,	0x3f,
	0xc85d,	0x3f,
	0xc85e,	0x3f,
	0xc85f,	0x3f,
	0xc860,	0x2d,
	0xc861,	0x2d,
	0xc862,	0x3f,
	0xc863,	0x2d,
	0xc864,	0x2d,
	0xc865,	0x3f,
	0xc873,	0x10,
	0xc874,	0x10,
	0xc875,	0x10,
	0xc898,	0x0b,
	0xc899,	0x00,
	0xc89a,	0x00,
	0xc89b,	0x00,
	0xc89c,	0x00,
	0xc89d,	0xea,
	0xc8a5,	0x1f,
	0xc8a6,	0x12,
	0xc8a7,	0x0b,
	0xc8a8,	0x0f,
	0xc8aa,	0x00,
	0xc8b1,	0x06,
	0xc8b2,	0x0a,
	0xc8b3,	0x18,
	0xc8b4,	0x37,
	0xc8b5,	0x00,
	0xc8b6,	0x00,
	0xc8b7,	0x0b,
	0xc8b8,	0x0b,
	0xc8b9,	0x16,
	0xc8ba,	0x2c,
	0xc8bb,	0x00,
	0xc8bc,	0x00,
	0xc8bd,	0x02,
	0xc8be,	0x02,
	0xc8bf,	0x04,
	0xc8c3,	0x0a,
	0xc8c4,	0x0a,
	0xc8c5,	0x0a,
	0xc8ca,	0x00,
	0xc8cb,	0x03,
	0xc8cc,	0x12,
	0xc8cd,	0x04,
	0xc8ce,	0x03,
	0xc8cf,	0x03,
	0xc8d0,	0x03,
	0xc8d1,	0x01,
	0xc8d2,	0x02,
	0xc8d3,	0x01,
	0xc8d4,	0x01,
	0xc8d5,	0x02,
	0xc8d6,	0x02,
	0xc8d7,	0x68,
	0xc8d8,	0x67,
	0xc8d9,	0x67,
	0xc8da,	0x03,
	0xc8db,	0x66,
	0xc8dc,	0x66,
	0xc8dd,	0x66,
	0xc8de,	0x66,
	0xc8df,	0x66,
	0xc8e0,	0x66,
	0xc8e1,	0x66,
	0xc8e2,	0x66,
	0xc8e3,	0x66,
	0xc8e4,	0x66,
	0xc8e5,	0x0f,
	0xc8e6,	0x0f,
	0xc8e7,	0x0f,
	0xc8e9,	0x0f,
	0xc8ea,	0x0f,
	0xc8eb,	0x0f,
	0xc8ec,	0x0f,
	0xc8ed,	0x0f,
	0xc8ee,	0x0f,
	0xc8f3,	0x1e,
	0xc8f4,	0x1e,
	0xc8f5,	0x16,
	0xc8f6,	0x08,
	0xc8f7,	0x10,
	0xc8f8,	0x18,
	0xc8f9,	0x05,
	0xc8fa,	0x05,
	0xc8fb,	0x0a,
	0xc8fc,	0x0a,
	0xc8fd,	0x00,
	0xc8fe,	0x00,
	0xc8ff,	0x00,
	0xc900,	0x00,
	0xc903,	0x0b,
	0xc904,	0x11,
	0xc906,	0x1a,
	0xc907,	0x1a,
	0xc908,	0x1a,
	0xc924,	0x03,
	0xc925,	0x03,
	0xc930,	0x05,
	0xc931,	0x13,
	0xc933,	0x1d,
	0xc95c,	0x34,
	0xc95d,	0x3f,
	0xc95e,	0x3f,
	0xc95f,	0x34,
	0xc960,	0x3f,
	0xc961,	0x3f,
	0xc962,	0x22,
	0xc963,	0x3f,
	0xc964,	0x3f,
	0xc965,	0x22,
	0xc966,	0x3f,
	0xc967,	0x3f,
	0xc975,	0x10,
	0xc976,	0x10,
	0xc977,	0x10,
	0xc999,	0x3f,
	0xc99a,	0x00,
	0xc99c,	0x00,
	0xc99d,	0x00,
	0xc99f,	0xd7,
	0xc9a7,	0x2e,
	0xc9a8,	0x2b,
	0xc9a9,	0x00,
	0xc9aa,	0x00,
	0xc9b3,	0x06,
	0xc9b4,	0x04,
	0xc9b5,	0x08,
	0xc9b9,	0x0b,
	0xc9ba,	0x0a,
	0xc9bb,	0x0b,
	0xc9bf,	0x02,
	0xc9c0,	0x02,
	0xc9c1,	0x0e,
	0xc9c2,	0x24,
	0xc9c5,	0x0a,
	0xc9c7,	0x14,
	0xc9c8,	0x27,
	0xc9cc,	0x01,
	0xc9cd,	0x01,
	0xc9ce,	0x00,
	0xc9cf,	0x01,
	0xc9d0,	0x02,
	0xc9d1,	0x00,
	0xc9d2,	0x00,
	0xc9d3,	0x00,
	0xc9d4,	0x00,
	0xc9d9,	0x9c,
	0xc9da,	0x9b,
	0xc9db,	0x9b,
	0xc9dc,	0x57,
	0xc9dd,	0x99,
	0xc9de,	0x99,
	0xc9df,	0x9c,
	0xc9e0,	0x9c,
	0xc9e1,	0x9c,
	0xc9e2,	0x9c,
	0xc9e3,	0x9c,
	0xc9e4,	0x9c,
	0xc9e5,	0x9c,
	0xc9e6,	0x9c,
	0xc9ea,	0x0f,
	0xc9eb,	0x0f,
	0xc9ec,	0x0f,
	0xc9f5,	0x14,
	0xc9f6,	0x0f,
	0xc9f7,	0x0f,
	0xc9f8,	0x0a,
	0xc9f9,	0x06,
	0xc9fa,	0x10,
	0xc9fb,	0x00,
	0xc9fc,	0x00,
	0xc9fd,	0x00,
	0xc9fe,	0x00,
	0xca0b,	0x0b,
	0xca0c,	0x11,
	0xca0e,	0x1a,
	0xca0f,	0x1a,
	0xca10,	0x1a,
	0xca17,	0x81,
	0xca1b,	0x3e,
	0xd013,	0x37,
	0xd023,	0x37,
	0xd027,	0x36,
	0xd02b,	0x96,
	0xd02f,	0x7a,
	0xd034,	0x00,
	0xd03b,	0x7a,
	0xd083,	0x00,
	0xd087,	0x02,
	0xd08f,	0x00,
	0xd093,	0x02,
	0xd0a7,	0x02,
	0xd0ab,	0x09,
	0xd0af,	0x00,
	0xd0b3,	0x00,
	0xd0bb,	0x08,
	0xd0c3,	0x10,
	0xd0ce,	0x41,
	0xd0cf,	0x05,
	0xd143,	0x50,
	0xd1f9,	0xb5,
	0xd1fb,	0xc1,
	0xd211,	0xb5,
	0xd213,	0xc1,
	0xd241,	0xb5,
	0xd243,	0xc1,
	0xd261,	0xb5,
	0xd263,	0xc1,
	0xd2a1,	0xb5,
	0xd2a3,	0xc1,
	0xd2c1,	0xb5,
	0xd2c3,	0xc1,
	0xd309,	0xc3,
	0xd30a,	0x00,
	0xd30b,	0xef,
	0xd30d,	0xff,
	0xd30e,	0x01,
	0xd30f,	0x73,
	0xd514,	0x00,
	0xd515,	0xc9,
	0xdbfd,	0xc3,
	0xdbff,	0xef,
	0xdc01,	0xff,
	0xddf7,	0x42,
	0xde7b,	0x42,
	0xdeef,	0x42,
	0xdf37,	0x42,
	0xe30c,	0x00,
	0xe30d,	0xd1,
	0xe30e,	0x00,
	0xe30f,	0xe7,
	0xe310,	0x01,
	0xe311,	0x0d,
	0xe312,	0x01,
	0xe313,	0x69,
	0xe4d7,	0xb5,
	0xe4ed,	0xc1,
	0xe507,	0xb5,
	0xe51d,	0xc1,
	0xe5f9,	0xbf,
	0xe5fa,	0x00,
	0xe5fb,	0xc4,
	0xe611,	0xbf,
	0xe612,	0x00,
	0xe613,	0xc4,
	0xe629,	0xbf,
	0xe62a,	0x00,
	0xe62b,	0xc4,
	0xe649,	0xbf,
	0xe64a,	0x00,
	0xe64b,	0xc4,
	0xe665,	0xbf,
	0xe666,	0x00,
	0xe667,	0xc4,
	0xe685,	0xbf,
	0xe686,	0x00,
	0xe687,	0xc4,
	0xe6a7,	0xb5,
	0xe6bf,	0xb5,
	0xe6d5,	0xc1,
	0xe6ed,	0xc1,
	0xe708,	0x00,
	0xe709,	0xef,
	0xe70b,	0xc3,
	0xe70c,	0x01,
	0xe70d,	0x73,
	0xe70f,	0xff,
	0xe720,	0x00,
	0xe721,	0xef,
	0xe723,	0xc3,
	0xe724,	0x01,
	0xe725,	0x73,
	0xe727,	0xff,
	0xe738,	0x00,
	0xe739,	0xef,
	0xe73b,	0xc3,
	0xe73c,	0x01,
	0xe73d,	0x73,
	0xe73f,	0xff,
	0xe750,	0x00,
	0xe751,	0xef,
	0xe753,	0xc3,
	0xe754,	0x01,
	0xe755,	0x73,
	0xe757,	0xff,
	// ois off
	0x3002, 0x00,	//	bit[7] = 1 ; set VSYNC as output
	0x3680, 0x00,	//	assign VSYNC for OIS pin
	0x38f3, 0x00,	//	Enable OIS function
	0x38f4, 0x08,	//	bit[7:0] offset1[7:0]
	0x38f5, 0x00,	//	bit[7:4] for offset2[11:8]; bit[3:0] for offset1[11:8]
	0x38f6, 0x08,	//	bit[7:4] offset2[7:0]
	0x38af, 0x40,	//	Bit[6]: OIS function signal polarity
};

// custom16 mode 20 ISZ DXG
// Mode_13
static u16 warholovx9500wide_custom16_setting[] = {
	0x0345,	0x45,
	0x0360,	0x03,
	0x100f,	0xbe,
	0x101f,	0xc8,
	0x1023,	0x36,
	0x1027,	0x64,
	0x102b,	0xf0,
	0x102f,	0x73,
	0x1034,	0x01,
	0x103b,	0xcc,
	0x1040,	0x01,
	0x1047,	0xb2,
	0x107a,	0x00,
	0x107b,	0x00,
	0x107e,	0x00,
	0x107f,	0x00,
	0x1083,	0x00,
	0x1087,	0x3a,
	0x1093,	0x55,
	0x10a7,	0x0a,
	0x10ab,	0x06,
	0x10ae,	0x47,
	0x10af,	0x08,
	0x10b2,	0x8d,
	0x10b6,	0x8f,
	0x10b7,	0x08,
	0x10ba,	0x92,
	0x10bb,	0x0a,
	0x10be,	0x95,
	0x10c2,	0x97,
	0x10c3,	0x0a,
	0x10c6,	0x9b,
	0x10c7,	0x10,
	0x1141,	0xb4,
	0x1143,	0x3c,
	0x11f9,	0xf1,
	0x11fb,	0xfd,
	0x1211,	0xf1,
	0x1213,	0xfd,
	0x1241,	0xf1,
	0x1243,	0xfd,
	0x1261,	0xf1,
	0x1263,	0xfd,
	0x12a1,	0xf1,
	0x12a3,	0xfd,
	0x12c1,	0xf1,
	0x12c3,	0xfd,
	0x130d,	0xff,
	0x130e,	0x01,
	0x130f,	0x2b,
	0x1310,	0x01,
	0x1311,	0x43,
	0x1313,	0x73,
	0x1314,	0x00,
	0x1315,	0x00,
	0x1316,	0x00,
	0x1317,	0x00,
	0x1514,	0x01,
	0x1515,	0x05,
	0x1bd1,	0x87,
	0x1c01,	0xff,
	0x1c02,	0x01,
	0x1c03,	0x2b,
	0x1c04,	0x01,
	0x1c05,	0x3b,
	0x1c06,	0x00,
	0x1c07,	0x00,
	0x1c08,	0x00,
	0x1c09,	0x00,
	0x24ef,	0x75,
	0x2507,	0xf1,
	0x251d,	0xfd,
	0x25f9,	0xfb,
	0x25fa,	0x01,
	0x25fb,	0x00,
	0x2611,	0xfb,
	0x2612,	0x01,
	0x2613,	0x00,
	0x2629,	0xfb,
	0x262a,	0x01,
	0x262b,	0x00,
	0x2649,	0xfb,
	0x264a,	0x01,
	0x264b,	0x00,
	0x2665,	0xfb,
	0x2666,	0x01,
	0x2667,	0x00,
	0x2685,	0xfb,
	0x2686,	0x01,
	0x2687,	0x00,
	0x26a7,	0xf1,
	0x26d5,	0xfd,
	0x26ef,	0x75,
	0x2705,	0xf1,
	0x2708,	0x01,
	0x2709,	0x2d,
	0x270b,	0xfd,
	0x270d,	0x73,
	0x270e,	0x01,
	0x270f,	0x39,
	0x2710,	0x00,
	0x2711,	0x00,
	0x2712,	0x00,
	0x2713,	0x00,
	0x271d,	0xf1,
	0x2720,	0x01,
	0x2721,	0x2d,
	0x2723,	0xfd,
	0x2725,	0x73,
	0x2726,	0x01,
	0x2727,	0x39,
	0x2728,	0x00,
	0x2729,	0x00,
	0x272a,	0x00,
	0x272b,	0x00,
	0x2735,	0xf1,
	0x2738,	0x01,
	0x2739,	0x2d,
	0x273b,	0xfd,
	0x273d,	0x73,
	0x273e,	0x01,
	0x273f,	0x39,
	0x2740,	0x00,
	0x2741,	0x00,
	0x2742,	0x00,
	0x2743,	0x00,
	0x274d,	0xf1,
	0x2750,	0x01,
	0x2751,	0x2d,
	0x2753,	0xfd,
	0x2755,	0x73,
	0x2756,	0x01,
	0x2757,	0x39,
	0x2758,	0x00,
	0x2759,	0x00,
	0x275a,	0x00,
	0x275b,	0x00,
	0x3010,	0x01,
	0x3402,	0x58,
	0x3403,	0x0d,
	0x3404,	0x0d,
	0x3405,	0x08,
	0x3406,	0x04,
	0x3408,	0x08,
	0x3409,	0x04,
	0x340a,	0x02,
	0x341b,	0x30,
	0x344d,	0x02,
	0x344e,	0x02,
	0x3506,	0x1b,
	0x350d,	0x01,
	0x350e,	0x00,
	0x3546,	0x19,
	0x354d,	0x01,
	0x354e,	0x00,
	0x3586,	0x98,
	0x3608,	0x00,
	0x3622,	0xa8,
	0x3623,	0x02,
	0x3691,	0x01,
	0x3692,	0x20,
	0x3696,	0x80,
	0x369a,	0x10,
	0x369b,	0x00,
	0x36a5,	0x22,
	0x36a6,	0x80,
	0x36a7,	0x00,
	0x36b0,	0x84,
	0x36b1,	0x00,
	0x36c8,	0x00,
	0x3714,	0x68,
	0x37bc,	0x38,
	0x37c9,	0x00,
	0x3800,	0x08,
	0x3801,	0x00,
	0x3802,	0x07,
	0x3803,	0x00,
	0x3804,	0x18,
	0x3805,	0x1f,
	0x3806,	0x11,
	0x3807,	0x3f,
	0x3808,	0x10,
	0x3809,	0x00,
	0x380a,	0x0a,
	0x380b,	0x00,
	0x380c,	0x09,
	0x380d,	0x60,
	0x380e,	0x06,
	0x380f,	0x7d,
	0x3811,	0x10,
	0x3813,	0x21,
	0x3814,	0x11,
	0x3815,	0x11,
	0x3820,	0x44,
	0x3821,	0x00,
	0x3823,	0x06,
	0x3828,	0x08,
	0x3830,	0x08,
	0x3831,	0x10,
	0x3837,	0x10,
	0x383f,	0x00,
	0x384c,	0x09,
	0x384d,	0x60,
	0x386d,	0x7c,
	0x3889,	0x10,
	0x388b,	0x20,
	0x388c,	0x10,
	0x388d,	0x00,
	0x388e,	0x0a,
	0x388f,	0x00,
	0x3894,	0x10,
	0x3896,	0x00,
	0x38a1,	0x1d,
	0x38a2,	0x98,
	0x38a4,	0x1d,
	0x38a5,	0x98,
	0x38a6,	0x20,
	0x38a9,	0x3b,
	0x38aa,	0x30,
	0x38ab,	0x00,
	0x38ad,	0x1d,
	0x38ae,	0x98,
	0x38b0,	0x01,
	0x38db,	0xe1,
	0x3f00,	0x06,
	0x3f30,	0x04,
	0x3f70,	0x0d,
	0x3f72,	0x0a,
	0x3f74,	0x0a,
	0x3f76,	0x03,
	0x3f78,	0x08,
	0x3f7a,	0x08,
	0x3f7c,	0x0e,
	0x3f7e,	0x0e,
	0x3f80,	0x0e,
	0x3f8e,	0x03,
	0x3f90,	0x08,
	0x3f92,	0x08,
	0x400e,	0x1c,
	0x400f,	0x30,
	0x4010,	0xf5,
	0x4012,	0x50,
	0x4016,	0x3d,
	0x4018,	0x1f,
	0x4506,	0x01,
	0x4509,	0x06,
	0x450c,	0x00,
	0x450d,	0x00,
	0x4546,	0x12,
	0x4547,	0xc0,
	0x4549,	0x40,
	0x4580,	0x05,
	0x45c0,	0x05,
	0x45cb,	0xff,
	0x45cc,	0x01,
	0x45cd,	0x10,
	0x45ce,	0xc0,
	0x4602,	0x00,
	0x4603,	0x15,
	0x460b,	0x07,
	0x4640,	0x00,
	0x4641,	0x80,
	0x4643,	0x08,
	0x4680,	0x19,
	0x468e,	0x38,
	0x4690,	0x23,
	0x4692,	0x56,
	0x4693,	0x00,
	0x4695,	0x11,
	0x4697,	0x11,
	0x46c0,	0x01,
	0x46c2,	0x04,
	0x46cb,	0xff,
	0x4701,	0x40,
	0x4703,	0x08,
	0x47c0,	0x05,
	0x47c2,	0x02,
	0x47c4,	0x05,
	0x47c6,	0x01,
	0x47c8,	0x05,
	0x47ca,	0x02,
	0x47cc,	0x05,
	0x47ce,	0x01,
	0x4808,	0x43,
	0x4813,	0x50,
	0x4836,	0x21,
	0x490e,	0x08,
	0x490f,	0x30,
	0x4910,	0x00,
	0x4912,	0x00,
	0x4a0e,	0x08,
	0x4a0f,	0x30,
	0x4a10,	0x00,
	0x4a12,	0x00,
	0x4b00,	0x00,
	0x4b10,	0x02,
	0x4b11,	0x06,
	0x4b12,	0x02,
	0x4b13,	0x06,
	0x4b14,	0x02,
	0x4b15,	0x06,
	0x4b16,	0x0a,
	0x4b17,	0x0e,
	0x4b20,	0x02,
	0x4b21,	0x06,
	0x4b22,	0x02,
	0x4b23,	0x06,
	0x4b24,	0x02,
	0x4b25,	0x06,
	0x4b26,	0x0a,
	0x4b27,	0x0e,
	0x4b30,	0x02,
	0x4b31,	0x06,
	0x4b32,	0x02,
	0x4b33,	0x06,
	0x4b34,	0x02,
	0x4b35,	0x06,
	0x4b36,	0x0a,
	0x4b37,	0x0e,
	0x4b3d,	0x00,
	0x4b3f,	0x00,
	0x4b41,	0x08,
	0x4b42,	0x00,
	0x4b43,	0x08,
	0x4b45,	0x08,
	0x4b46,	0x00,
	0x4b47,	0x08,
	0x4b48,	0x02,
	0x4b49,	0x00,
	0x4b4a,	0x01,
	0x4b4b,	0x00,
	0x4b51,	0x06,
	0x4b52,	0x02,
	0x4b53,	0x06,
	0x4b54,	0x02,
	0x4b55,	0x06,
	0x4b56,	0x0a,
	0x4b57,	0x0e,
	0x4b5a,	0x08,
	0x4b61,	0x06,
	0x4b62,	0x02,
	0x4b63,	0x06,
	0x4b64,	0x02,
	0x4b65,	0x06,
	0x4b66,	0x0a,
	0x4b67,	0x0e,
	0x4b6a,	0x08,
	0x4b71,	0x06,
	0x4b72,	0x02,
	0x4b73,	0x06,
	0x4b74,	0x02,
	0x4b75,	0x06,
	0x4b76,	0x0a,
	0x4b77,	0x0e,
	0x4b7a,	0x08,
	0x4b7d,	0x00,
	0x4b7f,	0x00,
	0x4b82,	0x00,
	0x4b83,	0x08,
	0x4b85,	0x08,
	0x4b86,	0x00,
	0x4b87,	0x08,
	0x4b88,	0x02,
	0x4b89,	0x00,
	0x4b8a,	0x01,
	0x4b8b,	0x00,
	0x4b91,	0x06,
	0x4b92,	0x02,
	0x4b93,	0x06,
	0x4b94,	0x02,
	0x4b95,	0x06,
	0x4b96,	0x0a,
	0x4b97,	0x0e,
	0x4b9a,	0x08,
	0x4ba1,	0x06,
	0x4ba2,	0x02,
	0x4ba3,	0x06,
	0x4ba4,	0x02,
	0x4ba5,	0x06,
	0x4ba6,	0x0a,
	0x4ba7,	0x0e,
	0x4baa,	0x08,
	0x4bb1,	0x06,
	0x4bb2,	0x02,
	0x4bb3,	0x06,
	0x4bb4,	0x02,
	0x4bb5,	0x06,
	0x4bb6,	0x0a,
	0x4bb7,	0x0e,
	0x4bba,	0x08,
	0x4bbd,	0x00,
	0x4bbf,	0x00,
	0x4bc2,	0x00,
	0x4bc3,	0x08,
	0x4bc5,	0x08,
	0x4bc6,	0x00,
	0x4bc7,	0x08,
	0x4bc8,	0x02,
	0x4bc9,	0x00,
	0x4bca,	0x01,
	0x4bcb,	0x00,
	0x5000,	0xdf,
	0x5001,	0x00,
	0x5002,	0x71,
	0x5003,	0xc8,
	0x5016,	0x11,
	0x5017,	0x01,
	0x50b3,	0x47,
	0x51a7,	0xc0,
	0x54a7,	0xc0,
	0x57a7,	0xc0,
	0x5a60,	0x7b,
	0x5b95,	0x45,
	0x5b97,	0x0c,
	0x5b98,	0x08,
	0x5b99,	0x00,
	0x5bc0,	0x1f,
	0x5e00,	0x7b,
	0x5f35,	0x45,
	0x5f37,	0x0c,
	0x5f38,	0x08,
	0x5f39,	0x00,
	0x5f60,	0x1f,
	0x6200,	0x21,
	0x6201,	0x20,
	0x6365,	0x00,
	0x6382,	0x04,
	0x6392,	0x04,
	0x64a0,	0x03,
	0x64a1,	0x04,
	0x64a2,	0x00,
	0xc400,	0x10,
	0xc405,	0x0a,
	0xc406,	0x0a,
	0xc407,	0x0a,
	0xc408,	0x0a,
	0xc409,	0x0a,
	0xc40a,	0x0a,
	0xc40b,	0x0a,
	0xc40c,	0x0a,
	0xc40d,	0x0a,
	0xc40e,	0x0a,
	0xc40f,	0x0a,
	0xc410,	0x0a,
	0xc411,	0x0a,
	0xc412,	0x0a,
	0xc413,	0x0a,
	0xc414,	0x0a,
	0xc41c,	0xc8,
	0xc41e,	0xc8,
	0xc420,	0xc8,
	0xc422,	0xc8,
	0xc424,	0xc8,
	0xc426,	0xc8,
	0xc428,	0xc8,
	0xc42a,	0xc8,
	0xc42c,	0xc8,
	0xc42e,	0xc8,
	0xc430,	0xc8,
	0xc432,	0xc8,
	0xc434,	0xc8,
	0xc435,	0x0a,
	0xc436,	0x0a,
	0xc437,	0x0a,
	0xc438,	0x0a,
	0xc439,	0x0a,
	0xc43a,	0x0a,
	0xc43b,	0x0a,
	0xc43c,	0x0a,
	0xc43d,	0x0a,
	0xc43e,	0x0a,
	0xc43f,	0x0a,
	0xc440,	0x0a,
	0xc441,	0x0a,
	0xc442,	0x0a,
	0xc443,	0x0a,
	0xc444,	0x0a,
	0xc464,	0x30,
	0xc465,	0x30,
	0xc466,	0x30,
	0xc804,	0x1d,
	0xc805,	0x1d,
	0xc806,	0x1f,
	0xc807,	0x1f,
	0xc808,	0x18,
	0xc809,	0x18,
	0xc80c,	0x0f,
	0xc81d,	0x03,
	0xc81e,	0x03,
	0xc820,	0x03,
	0xc829,	0x09,
	0xc82a,	0x12,
	0xc82b,	0x16,
	0xc82c,	0x1c,
	0xc82d,	0x1d,
	0xc85a,	0x2f,
	0xc85b,	0x19,
	0xc85c,	0x0e,
	0xc85d,	0x2f,
	0xc85e,	0x19,
	0xc85f,	0x0e,
	0xc860,	0x2b,
	0xc861,	0x19,
	0xc862,	0x19,
	0xc863,	0x2b,
	0xc864,	0x19,
	0xc865,	0x19,
	0xc873,	0x10,
	0xc874,	0x10,
	0xc875,	0x10,
	0xc898,	0x1b,
	0xc899,	0x3f,
	0xc89a,	0x00,
	0xc89b,	0x00,
	0xc89c,	0x00,
	0xc89d,	0xff,
	0xc8a5,	0x10,
	0xc8a6,	0x0c,
	0xc8a7,	0x08,
	0xc8a8,	0x06,
	0xc8aa,	0x04,
	0xc8b1,	0x0a,
	0xc8b2,	0x0e,
	0xc8b3,	0x26,
	0xc8b4,	0x49,
	0xc8b5,	0x4e,
	0xc8b6,	0x4c,
	0xc8b7,	0x0c,
	0xc8b8,	0x0c,
	0xc8b9,	0x18,
	0xc8ba,	0x28,
	0xc8bb,	0x22,
	0xc8bc,	0x24,
	0xc8bd,	0x00,
	0xc8be,	0x00,
	0xc8bf,	0x00,
	0xc8c3,	0x00,
	0xc8c4,	0x00,
	0xc8c5,	0x00,
	0xc8ca,	0x00,
	0xc8cb,	0x00,
	0xc8cc,	0x04,
	0xc8cd,	0x04,
	0xc8ce,	0x04,
	0xc8cf,	0x03,
	0xc8d0,	0x05,
	0xc8d1,	0x04,
	0xc8d2,	0x06,
	0xc8d3,	0x08,
	0xc8d4,	0x08,
	0xc8d5,	0x09,
	0xc8d6,	0x09,
	0xc8d7,	0x89,
	0xc8d8,	0x89,
	0xc8d9,	0x89,
	0xc8da,	0x3a,
	0xc8db,	0x87,
	0xc8dc,	0x87,
	0xc8dd,	0x87,
	0xc8de,	0x87,
	0xc8df,	0x87,
	0xc8e0,	0x87,
	0xc8e1,	0x87,
	0xc8e2,	0x87,
	0xc8e3,	0x87,
	0xc8e4,	0x87,
	0xc8e5,	0x0f,
	0xc8e6,	0x0f,
	0xc8e7,	0x0f,
	0xc8e9,	0x0f,
	0xc8ea,	0x0f,
	0xc8eb,	0x0f,
	0xc8ec,	0x0f,
	0xc8ed,	0x0f,
	0xc8ee,	0x0f,
	0xc8f3,	0x1e,
	0xc8f4,	0x0a,
	0xc8f5,	0x0a,
	0xc8f6,	0x0a,
	0xc8f7,	0x0a,
	0xc8f8,	0x08,
	0xc8f9,	0x08,
	0xc8fa,	0x08,
	0xc8fb,	0x08,
	0xc8fc,	0x16,
	0xc8fd,	0x16,
	0xc8fe,	0x1d,
	0xc8ff,	0x1a,
	0xc900,	0x1a,
	0xc903,	0x09,
	0xc904,	0x10,
	0xc906,	0x17,
	0xc907,	0x17,
	0xc908,	0x17,
	0xc924,	0x03,
	0xc925,	0x03,
	0xc930,	0x07,
	0xc931,	0x12,
	0xc933,	0x1c,
	0xc95c,	0x31,
	0xc95d,	0x1e,
	0xc95e,	0x1b,
	0xc95f,	0x31,
	0xc960,	0x1e,
	0xc961,	0x1b,
	0xc962,	0x39,
	0xc963,	0x3c,
	0xc964,	0x1b,
	0xc965,	0x39,
	0xc966,	0x3c,
	0xc967,	0x1b,
	0xc975,	0x10,
	0xc976,	0x10,
	0xc977,	0x10,
	0xc999,	0x38,
	0xc99a,	0x1f,
	0xc99c,	0x00,
	0xc99d,	0x00,
	0xc99f,	0xff,
	0xc9a7,	0x00,
	0xc9a8,	0x38,
	0xc9a9,	0x15,
	0xc9aa,	0x20,
	0xc9b3,	0x08,
	0xc9b4,	0x08,
	0xc9b5,	0x0c,
	0xc9b9,	0x0a,
	0xc9ba,	0x0a,
	0xc9bb,	0x0a,
	0xc9bf,	0x00,
	0xc9c0,	0x02,
	0xc9c1,	0x0c,
	0xc9c2,	0x12,
	0xc9c5,	0x00,
	0xc9c7,	0x18,
	0xc9c8,	0x2a,
	0xc9cc,	0x00,
	0xc9cd,	0x00,
	0xc9ce,	0x0a,
	0xc9cf,	0x01,
	0xc9d0,	0x01,
	0xc9d1,	0x00,
	0xc9d2,	0x01,
	0xc9d3,	0x01,
	0xc9d4,	0x01,
	0xc9d9,	0x89,
	0xc9da,	0x89,
	0xc9db,	0x89,
	0xc9dc,	0x3a,
	0xc9dd,	0x89,
	0xc9de,	0x89,
	0xc9df,	0x89,
	0xc9e0,	0x89,
	0xc9e1,	0x89,
	0xc9e2,	0x89,
	0xc9e3,	0x89,
	0xc9e4,	0x89,
	0xc9e5,	0x89,
	0xc9e6,	0x89,
	0xc9ea,	0x0f,
	0xc9eb,	0x0f,
	0xc9ec,	0x0f,
	0xc9f5,	0x18,
	0xc9f6,	0x1a,
	0xc9f7,	0x10,
	0xc9f8,	0x10,
	0xc9f9,	0x08,
	0xc9fa,	0x08,
	0xc9fb,	0x10,
	0xc9fc,	0x03,
	0xc9fd,	0x1a,
	0xc9fe,	0x1c,
	0xca0b,	0x09,
	0xca0c,	0x10,
	0xca0e,	0x17,
	0xca0f,	0x17,
	0xca10,	0x17,
	0xca17,	0x21,
	0xca1b,	0x3f,
	0xd013,	0x37,
	0xd023,	0x37,
	0xd027,	0x36,
	0xd02b,	0x96,
	0xd02f,	0xd6,
	0xd034,	0x00,
	0xd03b,	0xd6,
	0xd083,	0x00,
	0xd087,	0x5e,
	0xd08f,	0x00,
	0xd093,	0x5e,
	0xd0a7,	0x02,
	0xd0ab,	0x0a,
	0xd0af,	0x00,
	0xd0b3,	0x04,
	0xd0bb,	0x08,
	0xd0c3,	0x10,
	0xd0ce,	0x41,
	0xd0cf,	0x00,
	0xd143,	0x50,
	0xd1f9,	0xb5,
	0xd1fb,	0xc1,
	0xd211,	0xb5,
	0xd213,	0xc1,
	0xd241,	0xb5,
	0xd243,	0xc1,
	0xd261,	0xb5,
	0xd263,	0xc1,
	0xd2a1,	0xb5,
	0xd2a3,	0xc1,
	0xd2c1,	0xb5,
	0xd2c3,	0xc1,
	0xd309,	0xc3,
	0xd30a,	0x00,
	0xd30b,	0xef,
	0xd30d,	0xff,
	0xd30e,	0x01,
	0xd30f,	0x73,
	0xd514,	0x00,
	0xd515,	0xc9,
	0xdbfd,	0xc3,
	0xdbff,	0xef,
	0xdc01,	0xff,
	0xddf7,	0x41,
	0xde7b,	0x41,
	0xdeef,	0x41,
	0xdf37,	0x41,
	0xe30c,	0x00,
	0xe30d,	0xd1,
	0xe30e,	0x00,
	0xe30f,	0xe7,
	0xe310,	0x01,
	0xe311,	0x0d,
	0xe312,	0x01,
	0xe313,	0x69,
	0xe4d7,	0xb5,
	0xe4ed,	0xc1,
	0xe507,	0xb5,
	0xe51d,	0xc1,
	0xe5f9,	0xbf,
	0xe5fa,	0x00,
	0xe5fb,	0xc4,
	0xe611,	0xbf,
	0xe612,	0x00,
	0xe613,	0xc4,
	0xe629,	0xbf,
	0xe62a,	0x00,
	0xe62b,	0xc4,
	0xe649,	0xbf,
	0xe64a,	0x00,
	0xe64b,	0xc4,
	0xe665,	0xbf,
	0xe666,	0x00,
	0xe667,	0xc4,
	0xe685,	0xbf,
	0xe686,	0x00,
	0xe687,	0xc4,
	0xe6a7,	0xb5,
	0xe6bf,	0xb5,
	0xe6d5,	0xc1,
	0xe6ed,	0xc1,
	0xe708,	0x00,
	0xe709,	0xef,
	0xe70b,	0xc3,
	0xe70c,	0x01,
	0xe70d,	0x73,
	0xe70f,	0xff,
	0xe720,	0x00,
	0xe721,	0xef,
	0xe723,	0xc3,
	0xe724,	0x01,
	0xe725,	0x73,
	0xe727,	0xff,
	0xe738,	0x00,
	0xe739,	0xef,
	0xe73b,	0xc3,
	0xe73c,	0x01,
	0xe73d,	0x73,
	0xe73f,	0xff,
	0xe750,	0x00,
	0xe751,	0xef,
	0xe753,	0xc3,
	0xe754,	0x01,
	0xe755,	0x73,
	0xe757,	0xff,
	// ois on	offset1: 10ms
	0x3002, 0x80,	//	bit[7] = 1 ; set VSYNC as output
	0x3680, 0x08,	//	assign VSYNC for OIS pin
	0x38f3, 0x02,	//	Enable OIS function
	0x38f4, 0xD8,	//	bit[7:0] offset1[7:0]
	0x38f5, 0x03,	//	bit[7:4] for offset2[11:8]; bit[3:0] for offset1[11:8]
	0x38f6, 0x00,	//	bit[7:4] offset2[7:0]
	0x38af, 0x40,	//	Bit[6]: OIS function signal polarity
};

// custom17 mode 21: binning ；16:10；fake14 bit； 30fps normal video
// mode_10
static u16 warholovx9500wide_custom17_setting[] = {
	0x0345,	0x40,
	0x0360,	0x01,
	0x100f,	0x62,
	0x101f,	0x62,
	0x1023,	0x37,
	0x1027,	0x4b,
	0x102b,	0xa2,
	0x102f,	0xd0,
	0x1034,	0x00,
	0x103b,	0xd0,
	0x1040,	0x00,
	0x1047,	0xb4,
	0x107a,	0x88,
	0x107b,	0x08,
	0x107e,	0x8b,
	0x107f,	0x03,
	0x1083,	0x0a,
	0x1087,	0x33,
	0x1093,	0x58,
	0x10a7,	0x02,
	0x10ab,	0x00,
	0x10ae,	0x8d,
	0x10af,	0x02,
	0x10b2,	0x8f,
	0x10b6,	0x92,
	0x10b7,	0x03,
	0x10ba,	0x95,
	0x10bb,	0x04,
	0x10be,	0x97,
	0x10c2,	0x9b,
	0x10c3,	0x10,
	0x10c6,	0x00,
	0x10c7,	0x00,
	0x1141,	0x00,
	0x1143,	0x00,
	0x11f9,	0xb5,
	0x11fb,	0xc1,
	0x1211,	0xb5,
	0x1213,	0xc1,
	0x1241,	0xb5,
	0x1243,	0xc1,
	0x1261,	0xb5,
	0x1263,	0xc1,
	0x12a1,	0xb5,
	0x12a3,	0xc1,
	0x12c1,	0xb5,
	0x12c3,	0xc1,
	0x130d,	0xc3,
	0x130e,	0x00,
	0x130f,	0xef,
	0x1310,	0x00,
	0x1311,	0xff,
	0x1313,	0x2b,
	0x1314,	0x01,
	0x1315,	0x43,
	0x1316,	0x01,
	0x1317,	0x69,
	0x1514,	0x00,
	0x1515,	0xc9,
	0x1bd1,	0x85,
	0x1c01,	0xc3,
	0x1c02,	0x00,
	0x1c03,	0xef,
	0x1c04,	0x00,
	0x1c05,	0xff,
	0x1c06,	0x01,
	0x1c07,	0x2b,
	0x1c08,	0x01,
	0x1c09,	0x3b,
	0x24ef,	0x6b,
	0x2507,	0xb5,
	0x251d,	0xc1,
	0x25f9,	0xbf,
	0x25fa,	0x00,
	0x25fb,	0xc4,
	0x2611,	0xbf,
	0x2612,	0x00,
	0x2613,	0xc4,
	0x2629,	0xbf,
	0x262a,	0x00,
	0x262b,	0xc4,
	0x2649,	0xbf,
	0x264a,	0x00,
	0x264b,	0xc4,
	0x2665,	0xbf,
	0x2666,	0x00,
	0x2667,	0xc4,
	0x2685,	0xbf,
	0x2686,	0x00,
	0x2687,	0xc4,
	0x26a7,	0xb5,
	0x26d5,	0xc1,
	0x26ef,	0x6b,
	0x2705,	0xb3,
	0x2708,	0x00,
	0x2709,	0xef,
	0x270b,	0xc3,
	0x270d,	0x2b,
	0x270e,	0x00,
	0x270f,	0xff,
	0x2710,	0x01,
	0x2711,	0x69,
	0x2712,	0x01,
	0x2713,	0x3b,
	0x271d,	0xb3,
	0x2720,	0x00,
	0x2721,	0xef,
	0x2723,	0xc3,
	0x2725,	0x2b,
	0x2726,	0x00,
	0x2727,	0xff,
	0x2728,	0x01,
	0x2729,	0x69,
	0x272a,	0x01,
	0x272b,	0x3b,
	0x2735,	0xb3,
	0x2738,	0x00,
	0x2739,	0xef,
	0x273b,	0xc3,
	0x273d,	0x2b,
	0x273e,	0x00,
	0x273f,	0xff,
	0x2740,	0x01,
	0x2741,	0x69,
	0x2742,	0x01,
	0x2743,	0x3b,
	0x274d,	0xb3,
	0x2750,	0x00,
	0x2751,	0xef,
	0x2753,	0xc3,
	0x2755,	0x2b,
	0x2756,	0x00,
	0x2757,	0xff,
	0x2758,	0x01,
	0x2759,	0x69,
	0x275a,	0x01,
	0x275b,	0x3b,
	0x3010,	0x01,
	0x3402,	0xaf,
	0x3403,	0x19,
	0x3404,	0x19,
	0x3405,	0x0f,
	0x3406,	0x08,
	0x3408,	0x0f,
	0x3409,	0x08,
	0x340a,	0x03,
	0x341b,	0x30,
	0x344d,	0x02,
	0x344e,	0x02,
	0x3506,	0xf8,
	0x350d,	0x00,
	0x350e,	0xb1,
	0x3546,	0xf8,
	0x354d,	0x00,
	0x354e,	0xb1,
	0x3586,	0xf8,
	0x3608,	0x01,
	0x3622,	0x88,
	0x3623,	0x08,
	0x3691,	0x00,
	0x3692,	0x00,
	0x3696,	0x00,
	0x369a,	0x10,
	0x369b,	0x00,
	0x36a5,	0x02,
	0x36a6,	0x40,
	0x36a7,	0x00,
	0x36b0,	0x84,
	0x36b1,	0x00,
	0x36c8,	0x01,
	0x3714,	0x62,
	0x37bc,	0x08,
	0x37c9,	0x00,
	0x3800,	0x00,
	0x3801,	0x00,
	0x3802,	0x02,
	0x3803,	0x00,
	0x3804,	0x20,
	0x3805,	0x1f,
	0x3806,	0x16,
	0x3807,	0x3f,
	0x3808,	0x10,
	0x3809,	0x00,
	0x380a,	0x0a,
	0x380b,	0x00,
	0x380c,	0x04,
	0x380d,	0xb0,
	0x380e,	0x0c,
	0x380f,	0xfa,
	0x3811,	0x08,
	0x3813,	0x11,
	0x3814,	0x11,
	0x3815,	0x11,
	0x3820,	0x46,
	0x3821,	0x10,
	0x3823,	0x04,
	0x3828,	0x02,
	0x3830,	0x02,
	0x3831,	0x12,
	0x3837,	0x04,
	0x383f,	0x00,
	0x384c,	0x04,
	0x384d,	0xb0,
	0x386d,	0x7c,
	0x3889,	0x08,
	0x388b,	0x10,
	0x388c,	0x10,
	0x388d,	0x00,
	0x388e,	0x0a,
	0x388f,	0x00,
	0x3894,	0x10,
	0x3896,	0x00,
	0x38a1,	0x1d,
	0x38a2,	0x98,
	0x38a4,	0x1d,
	0x38a5,	0x98,
	0x38a6,	0x20,
	0x38a9,	0x3b,
	0x38aa,	0x30,
	0x38ab,	0x00,
	0x38ad,	0x1d,
	0x38ae,	0x98,
	0x38b0,	0x01,
	0x38db,	0xe1,
	0x3f00,	0x06,
	0x3f30,	0x04,
	0x3f70,	0x06,
	0x3f72,	0x14,
	0x3f74,	0x14,
	0x3f76,	0x08,
	0x3f78,	0x08,
	0x3f7a,	0x08,
	0x3f7c,	0x0e,
	0x3f7e,	0x0e,
	0x3f80,	0x0e,
	0x3f8e,	0x08,
	0x3f90,	0x08,
	0x3f92,	0x08,
	0x400e,	0x1c,
	0x400f,	0x60,
	0x4010,	0xf4,
	0x4012,	0x50,
	0x4016,	0x1d,
	0x4018,	0x0f,
	0x4506,	0x01,
	0x4509,	0x07,
	0x450c,	0x00,
	0x450d,	0x60,
	0x4546,	0x04,
	0x4547,	0xb0,
	0x4549,	0x00,
	0x4580,	0x05,
	0x45c0,	0x45,
	0x45cb,	0xf0,
	0x45cc,	0x02,
	0x45cd,	0x00,
	0x45ce,	0x00,
	0x4602,	0x00,
	0x4603,	0x15,
	0x460b,	0x07,
	0x4640,	0x01,
	0x4641,	0x00,
	0x4643,	0x0c,
	0x4680,	0x09,
	0x468e,	0x30,
	0x4690,	0x11,
	0x4692,	0x56,
	0x4693,	0x00,
	0x4695,	0x11,
	0x4697,	0x11,
	0x46c0,	0x01,
	0x46c2,	0x04,
	0x46cb,	0xff,
	0x4701,	0x40,
	0x4703,	0x08,
	0x47c0,	0x05,
	0x47c2,	0x02,
	0x47c4,	0x05,
	0x47c6,	0x01,
	0x47c8,	0x05,
	0x47ca,	0x02,
	0x47cc,	0x05,
	0x47ce,	0x01,
	0x4808,	0x54,
	0x4813,	0x10,
	0x4836,	0x32,
	0x490e,	0x08,
	0x490f,	0x60,
	0x4910,	0x00,
	0x4912,	0x00,
	0x4a0e,	0x08,
	0x4a0f,	0x60,
	0x4a10,	0x00,
	0x4a12,	0x00,
	0x4b00,	0x00,
	0x4b10,	0x02,
	0x4b11,	0x06,
	0x4b12,	0x02,
	0x4b13,	0x06,
	0x4b14,	0x02,
	0x4b15,	0x06,
	0x4b16,	0x0a,
	0x4b17,	0x0e,
	0x4b20,	0x02,
	0x4b21,	0x06,
	0x4b22,	0x02,
	0x4b23,	0x06,
	0x4b24,	0x02,
	0x4b25,	0x06,
	0x4b26,	0x0a,
	0x4b27,	0x0e,
	0x4b30,	0x02,
	0x4b31,	0x06,
	0x4b32,	0x02,
	0x4b33,	0x06,
	0x4b34,	0x02,
	0x4b35,	0x06,
	0x4b36,	0x0a,
	0x4b37,	0x0e,
	0x4b3d,	0x00,
	0x4b3f,	0x00,
	0x4b41,	0x08,
	0x4b42,	0x00,
	0x4b43,	0x08,
	0x4b45,	0x08,
	0x4b46,	0x00,
	0x4b47,	0x08,
	0x4b48,	0x02,
	0x4b49,	0x00,
	0x4b4a,	0x01,
	0x4b4b,	0x00,
	0x4b51,	0x06,
	0x4b52,	0x02,
	0x4b53,	0x06,
	0x4b54,	0x02,
	0x4b55,	0x06,
	0x4b56,	0x0a,
	0x4b57,	0x0e,
	0x4b5a,	0x08,
	0x4b61,	0x06,
	0x4b62,	0x02,
	0x4b63,	0x06,
	0x4b64,	0x02,
	0x4b65,	0x06,
	0x4b66,	0x0a,
	0x4b67,	0x0e,
	0x4b6a,	0x08,
	0x4b71,	0x06,
	0x4b72,	0x02,
	0x4b73,	0x06,
	0x4b74,	0x02,
	0x4b75,	0x06,
	0x4b76,	0x0a,
	0x4b77,	0x0e,
	0x4b7a,	0x08,
	0x4b7d,	0x00,
	0x4b7f,	0x00,
	0x4b82,	0x00,
	0x4b83,	0x08,
	0x4b85,	0x08,
	0x4b86,	0x00,
	0x4b87,	0x08,
	0x4b88,	0x02,
	0x4b89,	0x00,
	0x4b8a,	0x01,
	0x4b8b,	0x00,
	0x4b91,	0x06,
	0x4b92,	0x02,
	0x4b93,	0x06,
	0x4b94,	0x02,
	0x4b95,	0x06,
	0x4b96,	0x0a,
	0x4b97,	0x0e,
	0x4b9a,	0x08,
	0x4ba1,	0x06,
	0x4ba2,	0x02,
	0x4ba3,	0x06,
	0x4ba4,	0x02,
	0x4ba5,	0x06,
	0x4ba6,	0x0a,
	0x4ba7,	0x0e,
	0x4baa,	0x08,
	0x4bb1,	0x06,
	0x4bb2,	0x02,
	0x4bb3,	0x06,
	0x4bb4,	0x02,
	0x4bb5,	0x06,
	0x4bb6,	0x0a,
	0x4bb7,	0x0e,
	0x4bba,	0x08,
	0x4bbd,	0x00,
	0x4bbf,	0x00,
	0x4bc2,	0x00,
	0x4bc3,	0x08,
	0x4bc5,	0x08,
	0x4bc6,	0x00,
	0x4bc7,	0x08,
	0x4bc8,	0x02,
	0x4bc9,	0x00,
	0x4bca,	0x01,
	0x4bcb,	0x00,
	0x5000,	0x0f,
	0x5001,	0x00,
	0x5002,	0x40,
	0x5003,	0xc0,
	0x5016,	0x11,
	0x5017,	0x00,
	0x50b3,	0x00,
	0x51a7,	0xc0,
	0x54a7,	0xc0,
	0x57a7,	0xc0,
	0x5a60,	0x7b,
	0x5b95,	0x45,
	0x5b97,	0x0c,
	0x5b98,	0x08,
	0x5b99,	0x00,
	0x5bc0,	0x1f,
	0x5e00,	0x7b,
	0x5f35,	0x45,
	0x5f37,	0x0c,
	0x5f38,	0x08,
	0x5f39,	0x00,
	0x5f60,	0x1f,
	0x6200,	0x60,
	0x6201,	0x00,
	0x6365,	0x00,
	0x6382,	0x03,
	0x6392,	0x03,
	0x64a0,	0x01,
	0x64a1,	0x00,
	0x64a2,	0x40,
	0xc400,	0x11,
	0xc405,	0x12,
	0xc406,	0x12,
	0xc407,	0x00,
	0xc408,	0x00,
	0xc409,	0x00,
	0xc40a,	0x00,
	0xc40b,	0x00,
	0xc40c,	0x00,
	0xc40d,	0x00,
	0xc40e,	0x00,
	0xc40f,	0x00,
	0xc410,	0x00,
	0xc411,	0x00,
	0xc412,	0x00,
	0xc413,	0x00,
	0xc414,	0x00,
	0xc41c,	0x00,
	0xc41e,	0x00,
	0xc420,	0x00,
	0xc422,	0x00,
	0xc424,	0x00,
	0xc426,	0x00,
	0xc428,	0x00,
	0xc42a,	0x00,
	0xc42c,	0x00,
	0xc42e,	0x00,
	0xc430,	0x00,
	0xc432,	0x00,
	0xc434,	0x00,
	0xc435,	0x12,
	0xc436,	0x12,
	0xc437,	0x00,
	0xc438,	0x00,
	0xc439,	0x00,
	0xc43a,	0x00,
	0xc43b,	0x00,
	0xc43c,	0x00,
	0xc43d,	0x00,
	0xc43e,	0x00,
	0xc43f,	0x00,
	0xc440,	0x00,
	0xc441,	0x00,
	0xc442,	0x00,
	0xc443,	0x00,
	0xc444,	0x00,
	0xc464,	0x60,
	0xc465,	0x60,
	0xc466,	0x60,
	0xc804,	0x1d,
	0xc805,	0x1d,
	0xc806,	0x1c,
	0xc807,	0x1c,
	0xc808,	0x16,
	0xc809,	0x10,
	0xc80c,	0x0f,
	0xc81d,	0x03,
	0xc81e,	0x03,
	0xc820,	0x03,
	0xc829,	0x01,
	0xc82a,	0x10,
	0xc82b,	0x15,
	0xc82c,	0x1b,
	0xc82d,	0x1c,
	0xc85a,	0x3f,
	0xc85b,	0x3f,
	0xc85c,	0x3f,
	0xc85d,	0x3f,
	0xc85e,	0x3f,
	0xc85f,	0x3f,
	0xc860,	0x2d,
	0xc861,	0x2d,
	0xc862,	0x3f,
	0xc863,	0x2d,
	0xc864,	0x2d,
	0xc865,	0x3f,
	0xc873,	0x10,
	0xc874,	0x10,
	0xc875,	0x10,
	0xc898,	0x0b,
	0xc899,	0x00,
	0xc89a,	0x00,
	0xc89b,	0x00,
	0xc89c,	0x00,
	0xc89d,	0xea,
	0xc8a5,	0x1f,
	0xc8a6,	0x12,
	0xc8a7,	0x0b,
	0xc8a8,	0x0f,
	0xc8aa,	0x00,
	0xc8b1,	0x06,
	0xc8b2,	0x0a,
	0xc8b3,	0x18,
	0xc8b4,	0x37,
	0xc8b5,	0x00,
	0xc8b6,	0x00,
	0xc8b7,	0x0b,
	0xc8b8,	0x0b,
	0xc8b9,	0x16,
	0xc8ba,	0x2c,
	0xc8bb,	0x00,
	0xc8bc,	0x00,
	0xc8bd,	0x02,
	0xc8be,	0x02,
	0xc8bf,	0x04,
	0xc8c3,	0x0a,
	0xc8c4,	0x0a,
	0xc8c5,	0x0a,
	0xc8ca,	0x00,
	0xc8cb,	0x03,
	0xc8cc,	0x12,
	0xc8cd,	0x04,
	0xc8ce,	0x03,
	0xc8cf,	0x03,
	0xc8d0,	0x03,
	0xc8d1,	0x01,
	0xc8d2,	0x02,
	0xc8d3,	0x01,
	0xc8d4,	0x01,
	0xc8d5,	0x02,
	0xc8d6,	0x02,
	0xc8d7,	0x68,
	0xc8d8,	0x67,
	0xc8d9,	0x67,
	0xc8da,	0x03,
	0xc8db,	0x66,
	0xc8dc,	0x66,
	0xc8dd,	0x66,
	0xc8de,	0x66,
	0xc8df,	0x66,
	0xc8e0,	0x66,
	0xc8e1,	0x66,
	0xc8e2,	0x66,
	0xc8e3,	0x66,
	0xc8e4,	0x66,
	0xc8e5,	0x0f,
	0xc8e6,	0x0f,
	0xc8e7,	0x0f,
	0xc8e9,	0x0f,
	0xc8ea,	0x0f,
	0xc8eb,	0x0f,
	0xc8ec,	0x0f,
	0xc8ed,	0x0f,
	0xc8ee,	0x0f,
	0xc8f3,	0x1e,
	0xc8f4,	0x1e,
	0xc8f5,	0x16,
	0xc8f6,	0x08,
	0xc8f7,	0x10,
	0xc8f8,	0x18,
	0xc8f9,	0x05,
	0xc8fa,	0x05,
	0xc8fb,	0x0a,
	0xc8fc,	0x0a,
	0xc8fd,	0x00,
	0xc8fe,	0x00,
	0xc8ff,	0x00,
	0xc900,	0x00,
	0xc903,	0x0b,
	0xc904,	0x11,
	0xc906,	0x1a,
	0xc907,	0x1a,
	0xc908,	0x1a,
	0xc924,	0x03,
	0xc925,	0x03,
	0xc930,	0x05,
	0xc931,	0x13,
	0xc933,	0x1d,
	0xc95c,	0x34,
	0xc95d,	0x3f,
	0xc95e,	0x3f,
	0xc95f,	0x34,
	0xc960,	0x3f,
	0xc961,	0x3f,
	0xc962,	0x22,
	0xc963,	0x3f,
	0xc964,	0x3f,
	0xc965,	0x22,
	0xc966,	0x3f,
	0xc967,	0x3f,
	0xc975,	0x10,
	0xc976,	0x10,
	0xc977,	0x10,
	0xc999,	0x3f,
	0xc99a,	0x00,
	0xc99c,	0x00,
	0xc99d,	0x00,
	0xc99f,	0xd7,
	0xc9a7,	0x2e,
	0xc9a8,	0x2b,
	0xc9a9,	0x00,
	0xc9aa,	0x00,
	0xc9b3,	0x06,
	0xc9b4,	0x04,
	0xc9b5,	0x08,
	0xc9b9,	0x0b,
	0xc9ba,	0x0a,
	0xc9bb,	0x0b,
	0xc9bf,	0x02,
	0xc9c0,	0x02,
	0xc9c1,	0x0e,
	0xc9c2,	0x24,
	0xc9c5,	0x0a,
	0xc9c7,	0x14,
	0xc9c8,	0x27,
	0xc9cc,	0x01,
	0xc9cd,	0x01,
	0xc9ce,	0x00,
	0xc9cf,	0x01,
	0xc9d0,	0x02,
	0xc9d1,	0x00,
	0xc9d2,	0x00,
	0xc9d3,	0x00,
	0xc9d4,	0x00,
	0xc9d9,	0x9c,
	0xc9da,	0x9b,
	0xc9db,	0x9b,
	0xc9dc,	0x57,
	0xc9dd,	0x99,
	0xc9de,	0x99,
	0xc9df,	0x9c,
	0xc9e0,	0x9c,
	0xc9e1,	0x9c,
	0xc9e2,	0x9c,
	0xc9e3,	0x9c,
	0xc9e4,	0x9c,
	0xc9e5,	0x9c,
	0xc9e6,	0x9c,
	0xc9ea,	0x0f,
	0xc9eb,	0x0f,
	0xc9ec,	0x0f,
	0xc9f5,	0x14,
	0xc9f6,	0x0f,
	0xc9f7,	0x0f,
	0xc9f8,	0x0a,
	0xc9f9,	0x06,
	0xc9fa,	0x10,
	0xc9fb,	0x00,
	0xc9fc,	0x00,
	0xc9fd,	0x00,
	0xc9fe,	0x00,
	0xca0b,	0x0b,
	0xca0c,	0x11,
	0xca0e,	0x1a,
	0xca0f,	0x1a,
	0xca10,	0x1a,
	0xca17,	0x81,
	0xca1b,	0x3e,
	0xd013,	0x37,
	0xd023,	0x37,
	0xd027,	0x36,
	0xd02b,	0x96,
	0xd02f,	0x7a,
	0xd034,	0x00,
	0xd03b,	0x7a,
	0xd083,	0x00,
	0xd087,	0x02,
	0xd08f,	0x00,
	0xd093,	0x02,
	0xd0a7,	0x02,
	0xd0ab,	0x09,
	0xd0af,	0x00,
	0xd0b3,	0x00,
	0xd0bb,	0x08,
	0xd0c3,	0x10,
	0xd0ce,	0x41,
	0xd0cf,	0x05,
	0xd143,	0x50,
	0xd1f9,	0xb5,
	0xd1fb,	0xc1,
	0xd211,	0xb5,
	0xd213,	0xc1,
	0xd241,	0xb5,
	0xd243,	0xc1,
	0xd261,	0xb5,
	0xd263,	0xc1,
	0xd2a1,	0xb5,
	0xd2a3,	0xc1,
	0xd2c1,	0xb5,
	0xd2c3,	0xc1,
	0xd309,	0xc3,
	0xd30a,	0x00,
	0xd30b,	0xef,
	0xd30d,	0xff,
	0xd30e,	0x01,
	0xd30f,	0x73,
	0xd514,	0x00,
	0xd515,	0xc9,
	0xdbfd,	0xc3,
	0xdbff,	0xef,
	0xdc01,	0xff,
	0xddf7,	0x42,
	0xde7b,	0x42,
	0xdeef,	0x42,
	0xdf37,	0x42,
	0xe30c,	0x00,
	0xe30d,	0xd1,
	0xe30e,	0x00,
	0xe30f,	0xe7,
	0xe310,	0x01,
	0xe311,	0x0d,
	0xe312,	0x01,
	0xe313,	0x69,
	0xe4d7,	0xb5,
	0xe4ed,	0xc1,
	0xe507,	0xb5,
	0xe51d,	0xc1,
	0xe5f9,	0xbf,
	0xe5fa,	0x00,
	0xe5fb,	0xc4,
	0xe611,	0xbf,
	0xe612,	0x00,
	0xe613,	0xc4,
	0xe629,	0xbf,
	0xe62a,	0x00,
	0xe62b,	0xc4,
	0xe649,	0xbf,
	0xe64a,	0x00,
	0xe64b,	0xc4,
	0xe665,	0xbf,
	0xe666,	0x00,
	0xe667,	0xc4,
	0xe685,	0xbf,
	0xe686,	0x00,
	0xe687,	0xc4,
	0xe6a7,	0xb5,
	0xe6bf,	0xb5,
	0xe6d5,	0xc1,
	0xe6ed,	0xc1,
	0xe708,	0x00,
	0xe709,	0xef,
	0xe70b,	0xc3,
	0xe70c,	0x01,
	0xe70d,	0x73,
	0xe70f,	0xff,
	0xe720,	0x00,
	0xe721,	0xef,
	0xe723,	0xc3,
	0xe724,	0x01,
	0xe725,	0x73,
	0xe727,	0xff,
	0xe738,	0x00,
	0xe739,	0xef,
	0xe73b,	0xc3,
	0xe73c,	0x01,
	0xe73d,	0x73,
	0xe73f,	0xff,
	0xe750,	0x00,
	0xe751,	0xef,
	0xe753,	0xc3,
	0xe754,	0x01,
	0xe755,	0x73,
	0xe757,	0xff,
	// ois on	offset1: 10ms
	0x3002, 0x80,	//	bit[7] = 1 ; set VSYNC as output
	0x3680, 0x08,	//	assign VSYNC for OIS pin
	0x38f3, 0x02,	//	Enable OIS function
	0x38f4, 0xD8,	//	bit[7:0] offset1[7:0]
	0x38f5, 0x03,	//	bit[7:4] for offset2[11:8]; bit[3:0] for offset1[11:8]
	0x38f6, 0x00,	//	bit[7:4] offset2[7:0]
	0x38af, 0x40,	//	Bit[6]: OIS function signal polarity
};


// custom18 mode 22 : vedio DXG；16:10；fake14 bit；30fps
// mode_11
static u16 warholovx9500wide_custom18_setting[] = {
	0x0345,	0x40,
	0x0360,	0x03,
	0x100f,	0x62,
	0x101f,	0x62,
	0x1023,	0x37,
	0x1027,	0x4b,
	0x102b,	0xa2,
	0x102f,	0xd0,
	0x1034,	0x00,
	0x103b,	0xd0,
	0x1040,	0x00,
	0x1047,	0xb4,
	0x107a,	0x88,
	0x107b,	0x08,
	0x107e,	0x8b,
	0x107f,	0x03,
	0x1083,	0x0a,
	0x1087,	0x33,
	0x1093,	0x58,
	0x10a7,	0x02,
	0x10ab,	0x00,
	0x10ae,	0x8d,
	0x10af,	0x02,
	0x10b2,	0x8f,
	0x10b6,	0x92,
	0x10b7,	0x03,
	0x10ba,	0x95,
	0x10bb,	0x04,
	0x10be,	0x97,
	0x10c2,	0x9b,
	0x10c3,	0x10,
	0x10c6,	0x00,
	0x10c7,	0x00,
	0x1141,	0x00,
	0x1143,	0x00,
	0x11f9,	0xb5,
	0x11fb,	0xc1,
	0x1211,	0xb5,
	0x1213,	0xc1,
	0x1241,	0xb5,
	0x1243,	0xc1,
	0x1261,	0xb5,
	0x1263,	0xc1,
	0x12a1,	0xb5,
	0x12a3,	0xc1,
	0x12c1,	0xb5,
	0x12c3,	0xc1,
	0x130d,	0xc3,
	0x130e,	0x00,
	0x130f,	0xef,
	0x1310,	0x00,
	0x1311,	0xff,
	0x1313,	0x2b,
	0x1314,	0x01,
	0x1315,	0x43,
	0x1316,	0x01,
	0x1317,	0x69,
	0x1514,	0x00,
	0x1515,	0xc9,
	0x1bd1,	0x85,
	0x1c01,	0xc3,
	0x1c02,	0x00,
	0x1c03,	0xef,
	0x1c04,	0x00,
	0x1c05,	0xff,
	0x1c06,	0x01,
	0x1c07,	0x2b,
	0x1c08,	0x01,
	0x1c09,	0x3b,
	0x24ef,	0x6b,
	0x2507,	0xb5,
	0x251d,	0xc1,
	0x25f9,	0xbf,
	0x25fa,	0x00,
	0x25fb,	0xc4,
	0x2611,	0xbf,
	0x2612,	0x00,
	0x2613,	0xc4,
	0x2629,	0xbf,
	0x262a,	0x00,
	0x262b,	0xc4,
	0x2649,	0xbf,
	0x264a,	0x00,
	0x264b,	0xc4,
	0x2665,	0xbf,
	0x2666,	0x00,
	0x2667,	0xc4,
	0x2685,	0xbf,
	0x2686,	0x00,
	0x2687,	0xc4,
	0x26a7,	0xb5,
	0x26d5,	0xc1,
	0x26ef,	0x6b,
	0x2705,	0xb3,
	0x2708,	0x00,
	0x2709,	0xef,
	0x270b,	0xc3,
	0x270d,	0x2b,
	0x270e,	0x00,
	0x270f,	0xff,
	0x2710,	0x01,
	0x2711,	0x69,
	0x2712,	0x01,
	0x2713,	0x3b,
	0x271d,	0xb3,
	0x2720,	0x00,
	0x2721,	0xef,
	0x2723,	0xc3,
	0x2725,	0x2b,
	0x2726,	0x00,
	0x2727,	0xff,
	0x2728,	0x01,
	0x2729,	0x69,
	0x272a,	0x01,
	0x272b,	0x3b,
	0x2735,	0xb3,
	0x2738,	0x00,
	0x2739,	0xef,
	0x273b,	0xc3,
	0x273d,	0x2b,
	0x273e,	0x00,
	0x273f,	0xff,
	0x2740,	0x01,
	0x2741,	0x69,
	0x2742,	0x01,
	0x2743,	0x3b,
	0x274d,	0xb3,
	0x2750,	0x00,
	0x2751,	0xef,
	0x2753,	0xc3,
	0x2755,	0x2b,
	0x2756,	0x00,
	0x2757,	0xff,
	0x2758,	0x01,
	0x2759,	0x69,
	0x275a,	0x01,
	0x275b,	0x3b,
	0x3010,	0x06,
	0x3402,	0x58,
	0x3403,	0x0d,
	0x3404,	0x0d,
	0x3405,	0x08,
	0x3406,	0x04,
	0x3408,	0x08,
	0x3409,	0x04,
	0x340a,	0x02,
	0x341b,	0x30,
	0x344d,	0x02,
	0x344e,	0x02,
	0x3506,	0x1b,
	0x350d,	0x01,
	0x350e,	0x00,
	0x3546,	0x19,
	0x354d,	0x01,
	0x354e,	0x00,
	0x3586,	0x98,
	0x3608,	0x00,
	0x3622,	0xa8,
	0x3623,	0x06,
	0x3691,	0x01,
	0x3692,	0x20,
	0x3696,	0x00,
	0x369a,	0x10,
	0x369b,	0x00,
	0x36a5,	0x02,
	0x36a6,	0x40,
	0x36a7,	0x00,
	0x36b0,	0x84,
	0x36b1,	0x04,
	0x36c8,	0x01,
	0x3714,	0x62,
	0x37bc,	0x08,
	0x37c9,	0x02,
	0x3800,	0x00,
	0x3801,	0x00,
	0x3802,	0x02,
	0x3803,	0x00,
	0x3804,	0x20,
	0x3805,	0x1f,
	0x3806,	0x16,
	0x3807,	0x3f,
	0x3808,	0x10,
	0x3809,	0x00,
	0x380a,	0x0a,
	0x380b,	0x00,
	0x380c,	0x09,
	0x380d,	0x60,
	0x380e,	0x06,
	0x380f,	0x7d,
	0x3811,	0x08,
	0x3813,	0x11,
	0x3814,	0x11,
	0x3815,	0x11,
	0x3820,	0x46,
	0x3821,	0x10,
	0x3823,	0x06,
	0x3828,	0x02,
	0x3830,	0x02,
	0x3831,	0x12,
	0x3837,	0x04,
	0x383f,	0x04,
	0x384c,	0x09,
	0x384d,	0x60,
	0x386d,	0x7c,
	0x3889,	0x08,
	0x388b,	0x10,
	0x388c,	0x10,
	0x388d,	0x00,
	0x388e,	0x0a,
	0x388f,	0x00,
	0x3894,	0x10,
	0x3896,	0x00,
	0x38a1,	0x1d,
	0x38a2,	0x98,
	0x38a4,	0x1d,
	0x38a5,	0x98,
	0x38a6,	0x20,
	0x38a9,	0x3b,
	0x38aa,	0x30,
	0x38ab,	0x00,
	0x38ad,	0x1d,
	0x38ae,	0x98,
	0x38b0,	0x01,
	0x38db,	0xe1,
	0x3f00,	0x06,
	0x3f30,	0x04,
	0x3f70,	0x0a,
	0x3f72,	0x1e,
	0x3f74,	0x1e,
	0x3f76,	0x0e,
	0x3f78,	0x0e,
	0x3f7a,	0x0e,
	0x3f7c,	0x08,
	0x3f7e,	0x08,
	0x3f80,	0x08,
	0x3f8e,	0x08,
	0x3f90,	0x08,
	0x3f92,	0x08,
	0x400e,	0x1c,
	0x400f,	0x60,
	0x4010,	0xf4,
	0x4012,	0x50,
	0x4016,	0x1d,
	0x4018,	0x0f,
	0x4506,	0x01,
	0x4509,	0x07,
	0x450c,	0x00,
	0x450d,	0x60,
	0x4546,	0x04,
	0x4547,	0xb0,
	0x4549,	0x00,
	0x4580,	0x05,
	0x45c0,	0x45,
	0x45cb,	0xf0,
	0x45cc,	0x02,
	0x45cd,	0x00,
	0x45ce,	0x00,
	0x4602,	0x00,
	0x4603,	0x15,
	0x460b,	0x07,
	0x4640,	0x01,
	0x4641,	0x00,
	0x4643,	0x0c,
	0x4680,	0x09,
	0x468e,	0x38,
	0x4690,	0x22,
	0x4692,	0x56,
	0x4693,	0x00,
	0x4695,	0x11,
	0x4697,	0x33,
	0x46c0,	0x41,
	0x46c2,	0x14,
	0x46cb,	0xf0,
	0x4701,	0x40,
	0x4703,	0x0c,
	0x47c0,	0x05,
	0x47c2,	0x02,
	0x47c4,	0x05,
	0x47c6,	0x01,
	0x47c8,	0x05,
	0x47ca,	0x02,
	0x47cc,	0x05,
	0x47ce,	0x01,
	0x4808,	0x43,
	0x4813,	0x50,
	0x4836,	0x21,
	0x490e,	0x08,
	0x490f,	0x30,
	0x4910,	0x00,
	0x4912,	0x00,
	0x4a0e,	0x08,
	0x4a0f,	0x30,
	0x4a10,	0x00,
	0x4a12,	0x00,
	0x4b00,	0x40,
	0x4b10,	0x05,
	0x4b11,	0x04,
	0x4b12,	0x00,
	0x4b13,	0x01,
	0x4b14,	0x01,
	0x4b15,	0x05,
	0x4b16,	0x09,
	0x4b17,	0x0d,
	0x4b20,	0x05,
	0x4b21,	0x04,
	0x4b22,	0x00,
	0x4b23,	0x01,
	0x4b24,	0x01,
	0x4b25,	0x05,
	0x4b26,	0x09,
	0x4b27,	0x0d,
	0x4b30,	0x05,
	0x4b31,	0x04,
	0x4b32,	0x00,
	0x4b33,	0x01,
	0x4b34,	0x01,
	0x4b35,	0x05,
	0x4b36,	0x09,
	0x4b37,	0x0d,
	0x4b3d,	0x10,
	0x4b3f,	0x10,
	0x4b41,	0x10,
	0x4b42,	0x20,
	0x4b43,	0x00,
	0x4b45,	0x10,
	0x4b46,	0x10,
	0x4b47,	0x00,
	0x4b48,	0x20,
	0x4b49,	0x20,
	0x4b4a,	0x10,
	0x4b4b,	0x20,
	0x4b51,	0x02,
	0x4b52,	0x00,
	0x4b53,	0x00,
	0x4b54,	0x01,
	0x4b55,	0x05,
	0x4b56,	0x09,
	0x4b57,	0x0d,
	0x4b5a,	0x04,
	0x4b61,	0x02,
	0x4b62,	0x00,
	0x4b63,	0x00,
	0x4b64,	0x01,
	0x4b65,	0x05,
	0x4b66,	0x09,
	0x4b67,	0x0d,
	0x4b6a,	0x04,
	0x4b71,	0x02,
	0x4b72,	0x00,
	0x4b73,	0x00,
	0x4b74,	0x01,
	0x4b75,	0x05,
	0x4b76,	0x09,
	0x4b77,	0x0d,
	0x4b7a,	0x04,
	0x4b7d,	0x08,
	0x4b7f,	0x10,
	0x4b82,	0x10,
	0x4b83,	0x00,
	0x4b85,	0x10,
	0x4b86,	0x10,
	0x4b87,	0x00,
	0x4b88,	0x10,
	0x4b89,	0x10,
	0x4b8a,	0x10,
	0x4b8b,	0x20,
	0x4b91,	0x02,
	0x4b92,	0x00,
	0x4b93,	0x00,
	0x4b94,	0x01,
	0x4b95,	0x05,
	0x4b96,	0x09,
	0x4b97,	0x0d,
	0x4b9a,	0x04,
	0x4ba1,	0x02,
	0x4ba2,	0x00,
	0x4ba3,	0x00,
	0x4ba4,	0x01,
	0x4ba5,	0x05,
	0x4ba6,	0x09,
	0x4ba7,	0x0d,
	0x4baa,	0x04,
	0x4bb1,	0x02,
	0x4bb2,	0x00,
	0x4bb3,	0x00,
	0x4bb4,	0x01,
	0x4bb5,	0x05,
	0x4bb6,	0x09,
	0x4bb7,	0x0d,
	0x4bba,	0x04,
	0x4bbd,	0x08,
	0x4bbf,	0x10,
	0x4bc2,	0x10,
	0x4bc3,	0x00,
	0x4bc5,	0x10,
	0x4bc6,	0x10,
	0x4bc7,	0x00,
	0x4bc8,	0x10,
	0x4bc9,	0x10,
	0x4bca,	0x10,
	0x4bcb,	0x20,
	0x5000,	0x2f,
	0x5001,	0x2c,
	0x5002,	0x71,
	0x5003,	0xc8,
	0x5016,	0x31,
	0x5017,	0x01,
	0x50b3,	0xd7,
	0x51a7,	0xd8,
	0x54a7,	0xd8,
	0x57a7,	0xd8,
	0x5a60,	0x7b,
	0x5b95,	0x45,
	0x5b97,	0x0c,
	0x5b98,	0x08,
	0x5b99,	0x00,
	0x5bc0,	0x1f,
	0x5e00,	0x7b,
	0x5f35,	0x45,
	0x5f37,	0x0c,
	0x5f38,	0x08,
	0x5f39,	0x00,
	0x5f60,	0x1f,
	0x6200,	0x60,
	0x6201,	0x01,
	0x6365,	0x80,
	0x6382,	0x03,
	0x6392,	0x03,
	0x64a0,	0x03,
	0x64a1,	0x04,
	0x64a2,	0x00,
	0xc400,	0x11,
	0xc405,	0x12,
	0xc406,	0x12,
	0xc407,	0x12,
	0xc408,	0x00,
	0xc409,	0x00,
	0xc40a,	0x00,
	0xc40b,	0x00,
	0xc40c,	0x00,
	0xc40d,	0x00,
	0xc40e,	0x00,
	0xc40f,	0x00,
	0xc410,	0x00,
	0xc411,	0x00,
	0xc412,	0x00,
	0xc413,	0x00,
	0xc414,	0x00,
	0xc41c,	0x00,
	0xc41e,	0x00,
	0xc420,	0x00,
	0xc422,	0x00,
	0xc424,	0x00,
	0xc426,	0x00,
	0xc428,	0x00,
	0xc42a,	0x00,
	0xc42c,	0x00,
	0xc42e,	0x00,
	0xc430,	0x00,
	0xc432,	0x00,
	0xc434,	0x00,
	0xc435,	0x12,
	0xc436,	0x12,
	0xc437,	0x12,
	0xc438,	0x00,
	0xc439,	0x00,
	0xc43a,	0x00,
	0xc43b,	0x00,
	0xc43c,	0x00,
	0xc43d,	0x00,
	0xc43e,	0x00,
	0xc43f,	0x00,
	0xc440,	0x00,
	0xc441,	0x00,
	0xc442,	0x00,
	0xc443,	0x00,
	0xc444,	0x00,
	0xc464,	0x60,
	0xc465,	0x30,
	0xc466,	0x30,
	0xc804,	0x1d,
	0xc805,	0x1d,
	0xc806,	0x1f,
	0xc807,	0x1f,
	0xc808,	0x18,
	0xc809,	0x18,
	0xc80c,	0x0f,
	0xc81d,	0x03,
	0xc81e,	0x03,
	0xc820,	0x03,
	0xc829,	0x09,
	0xc82a,	0x12,
	0xc82b,	0x16,
	0xc82c,	0x1c,
	0xc82d,	0x1d,
	0xc85a,	0x3e,
	0xc85b,	0x1d,
	0xc85c,	0x1b,
	0xc85d,	0x3f,
	0xc85e,	0x1d,
	0xc85f,	0x1b,
	0xc860,	0x2f,
	0xc861,	0x1d,
	0xc862,	0x1b,
	0xc863,	0x2e,
	0xc864,	0x1d,
	0xc865,	0x1b,
	0xc873,	0x0c,
	0xc874,	0x0c,
	0xc875,	0x0c,
	0xc898,	0x1b,
	0xc899,	0x1b,
	0xc89a,	0x00,
	0xc89b,	0x00,
	0xc89c,	0x00,
	0xc89d,	0xff,
	0xc8a5,	0x10,
	0xc8a6,	0x0b,
	0xc8a7,	0x07,
	0xc8a8,	0x06,
	0xc8aa,	0x05,
	0xc8b1,	0x0a,
	0xc8b2,	0x10,
	0xc8b3,	0x28,
	0xc8b4,	0x4a,
	0xc8b5,	0x4a,
	0xc8b6,	0x4a,
	0xc8b7,	0x0c,
	0xc8b8,	0x0c,
	0xc8b9,	0x18,
	0xc8ba,	0x2a,
	0xc8bb,	0x28,
	0xc8bc,	0x24,
	0xc8bd,	0x02,
	0xc8be,	0x02,
	0xc8bf,	0x04,
	0xc8c3,	0x0a,
	0xc8c4,	0x0a,
	0xc8c5,	0x0a,
	0xc8ca,	0x01,
	0xc8cb,	0x01,
	0xc8cc,	0x07,
	0xc8cd,	0x05,
	0xc8ce,	0x05,
	0xc8cf,	0x04,
	0xc8d0,	0x04,
	0xc8d1,	0x04,
	0xc8d2,	0x04,
	0xc8d3,	0x05,
	0xc8d4,	0x05,
	0xc8d5,	0x08,
	0xc8d6,	0x08,
	0xc8d7,	0x89,
	0xc8d8,	0x89,
	0xc8d9,	0x89,
	0xc8da,	0x3a,
	0xc8db,	0x87,
	0xc8dc,	0x87,
	0xc8dd,	0x87,
	0xc8de,	0x87,
	0xc8df,	0x87,
	0xc8e0,	0x87,
	0xc8e1,	0x87,
	0xc8e2,	0x87,
	0xc8e3,	0x87,
	0xc8e4,	0x87,
	0xc8e5,	0x0f,
	0xc8e6,	0x0f,
	0xc8e7,	0x0f,
	0xc8e9,	0x0f,
	0xc8ea,	0x0f,
	0xc8eb,	0x0f,
	0xc8ec,	0x0f,
	0xc8ed,	0x0f,
	0xc8ee,	0x0f,
	0xc8f3,	0x1e,
	0xc8f4,	0x10,
	0xc8f5,	0x0a,
	0xc8f6,	0x01,
	0xc8f7,	0x0f,
	0xc8f8,	0x08,
	0xc8f9,	0x08,
	0xc8fa,	0x08,
	0xc8fb,	0x08,
	0xc8fc,	0x08,
	0xc8fd,	0x12,
	0xc8fe,	0x12,
	0xc8ff,	0x10,
	0xc900,	0x10,
	0xc903,	0x09,
	0xc904,	0x10,
	0xc906,	0x17,
	0xc907,	0x17,
	0xc908,	0x17,
	0xc924,	0x03,
	0xc925,	0x03,
	0xc930,	0x07,
	0xc931,	0x12,
	0xc933,	0x1c,
	0xc95c,	0x23,
	0xc95d,	0x33,
	0xc95e,	0x1b,
	0xc95f,	0x1a,
	0xc960,	0x33,
	0xc961,	0x1b,
	0xc962,	0x0f,
	0xc963,	0x39,
	0xc964,	0x1b,
	0xc965,	0x0e,
	0xc966,	0x09,
	0xc967,	0x1b,
	0xc975,	0x0c,
	0xc976,	0x0c,
	0xc977,	0x0c,
	0xc999,	0x3f,
	0xc99a,	0x2c,
	0xc99c,	0x00,
	0xc99d,	0x00,
	0xc99f,	0xff,
	0xc9a7,	0x3f,
	0xc9a8,	0x25,
	0xc9a9,	0x3f,
	0xc9aa,	0x13,
	0xc9b3,	0x08,
	0xc9b4,	0x08,
	0xc9b5,	0x0c,
	0xc9b9,	0x0c,
	0xc9ba,	0x0c,
	0xc9bb,	0x0c,
	0xc9bf,	0x02,
	0xc9c0,	0x06,
	0xc9c1,	0x0a,
	0xc9c2,	0x24,
	0xc9c5,	0x0a,
	0xc9c7,	0x1a,
	0xc9c8,	0x32,
	0xc9cc,	0x02,
	0xc9cd,	0x00,
	0xc9ce,	0x04,
	0xc9cf,	0x00,
	0xc9d0,	0x00,
	0xc9d1,	0x00,
	0xc9d2,	0x00,
	0xc9d3,	0x00,
	0xc9d4,	0x00,
	0xc9d9,	0x89,
	0xc9da,	0x88,
	0xc9db,	0x88,
	0xc9dc,	0x39,
	0xc9dd,	0x85,
	0xc9de,	0x85,
	0xc9df,	0x85,
	0xc9e0,	0x85,
	0xc9e1,	0x85,
	0xc9e2,	0x85,
	0xc9e3,	0x89,
	0xc9e4,	0x89,
	0xc9e5,	0x89,
	0xc9e6,	0x89,
	0xc9ea,	0x0f,
	0xc9eb,	0x0f,
	0xc9ec,	0x0f,
	0xc9f5,	0x1a,
	0xc9f6,	0x1a,
	0xc9f7,	0x10,
	0xc9f8,	0x10,
	0xc9f9,	0x10,
	0xc9fa,	0x10,
	0xc9fb,	0x10,
	0xc9fc,	0x10,
	0xc9fd,	0x10,
	0xc9fe,	0x08,
	0xca0b,	0x09,
	0xca0c,	0x10,
	0xca0e,	0x17,
	0xca0f,	0x17,
	0xca10,	0x17,
	0xca17,	0x81,
	0xca1b,	0x3e,
	0xd013,	0x37,
	0xd023,	0x37,
	0xd027,	0x36,
	0xd02b,	0x96,
	0xd02f,	0xd6,
	0xd034,	0x00,
	0xd03b,	0xd6,
	0xd083,	0x00,
	0xd087,	0x5e,
	0xd08f,	0x00,
	0xd093,	0x5e,
	0xd0a7,	0x02,
	0xd0ab,	0x0a,
	0xd0af,	0x00,
	0xd0b3,	0x04,
	0xd0bb,	0x08,
	0xd0c3,	0x10,
	0xd0ce,	0x41,
	0xd0cf,	0x00,
	0xd143,	0x50,
	0xd1f9,	0xb5,
	0xd1fb,	0xc1,
	0xd211,	0xb5,
	0xd213,	0xc1,
	0xd241,	0xb5,
	0xd243,	0xc1,
	0xd261,	0xb5,
	0xd263,	0xc1,
	0xd2a1,	0xb5,
	0xd2a3,	0xc1,
	0xd2c1,	0xb5,
	0xd2c3,	0xc1,
	0xd309,	0xc3,
	0xd30a,	0x00,
	0xd30b,	0xef,
	0xd30d,	0xff,
	0xd30e,	0x01,
	0xd30f,	0x73,
	0xd514,	0x00,
	0xd515,	0xc9,
	0xdbfd,	0xc3,
	0xdbff,	0xef,
	0xdc01,	0xff,
	0xddf7,	0x41,
	0xde7b,	0x41,
	0xdeef,	0x41,
	0xdf37,	0x41,
	0xe30c,	0x00,
	0xe30d,	0xd1,
	0xe30e,	0x00,
	0xe30f,	0xe7,
	0xe310,	0x01,
	0xe311,	0x0d,
	0xe312,	0x01,
	0xe313,	0x69,
	0xe4d7,	0xb5,
	0xe4ed,	0xc1,
	0xe507,	0xb5,
	0xe51d,	0xc1,
	0xe5f9,	0xbf,
	0xe5fa,	0x00,
	0xe5fb,	0xc4,
	0xe611,	0xbf,
	0xe612,	0x00,
	0xe613,	0xc4,
	0xe629,	0xbf,
	0xe62a,	0x00,
	0xe62b,	0xc4,
	0xe649,	0xbf,
	0xe64a,	0x00,
	0xe64b,	0xc4,
	0xe665,	0xbf,
	0xe666,	0x00,
	0xe667,	0xc4,
	0xe685,	0xbf,
	0xe686,	0x00,
	0xe687,	0xc4,
	0xe6a7,	0xb5,
	0xe6bf,	0xb5,
	0xe6d5,	0xc1,
	0xe6ed,	0xc1,
	0xe708,	0x00,
	0xe709,	0xef,
	0xe70b,	0xc3,
	0xe70c,	0x01,
	0xe70d,	0x73,
	0xe70f,	0xff,
	0xe720,	0x00,
	0xe721,	0xef,
	0xe723,	0xc3,
	0xe724,	0x01,
	0xe725,	0x73,
	0xe727,	0xff,
	0xe738,	0x00,
	0xe739,	0xef,
	0xe73b,	0xc3,
	0xe73c,	0x01,
	0xe73d,	0x73,
	0xe73f,	0xff,
	0xe750,	0x00,
	0xe751,	0xef,
	0xe753,	0xc3,
	0xe754,	0x01,
	0xe755,	0x73,
	0xe757,	0xff,
	// ois on	offset1: 10ms
	0x3002, 0x80,	//	bit[7] = 1 ; set VSYNC as output
	0x3680, 0x08,	//	assign VSYNC for OIS pin
	0x38f3, 0x02,	//	Enable OIS function
	0x38f4, 0xD8,	//	bit[7:0] offset1[7:0]
	0x38f5, 0x03,	//	bit[7:4] for offset2[11:8]; bit[3:0] for offset1[11:8]
	0x38f6, 0x00,	//	bit[7:4] offset2[7:0]
	0x38af, 0x40,	//	Bit[6]: OIS function signal polarity
};


// full size crop bayer；16:10；fake14 bit；30fps
//mode_12
static u16 warholovx9500wide_custom19_setting[] = {
	0x0345,	0x45,
	0x0360,	0x01,
	0x100f,	0x62,
	0x101f,	0x62,
	0x1023,	0x37,
	0x1027,	0x4b,
	0x102b,	0xa2,
	0x102f,	0xd0,
	0x1034,	0x00,
	0x103b,	0xd0,
	0x1040,	0x00,
	0x1047,	0xb4,
	0x107a,	0x88,
	0x107b,	0x08,
	0x107e,	0x8b,
	0x107f,	0x03,
	0x1083,	0x0a,
	0x1087,	0x33,
	0x1093,	0x58,
	0x10a7,	0x02,
	0x10ab,	0x00,
	0x10ae,	0x8d,
	0x10af,	0x02,
	0x10b2,	0x8f,
	0x10b6,	0x92,
	0x10b7,	0x03,
	0x10ba,	0x95,
	0x10bb,	0x04,
	0x10be,	0x97,
	0x10c2,	0x9b,
	0x10c3,	0x10,
	0x10c6,	0x00,
	0x10c7,	0x00,
	0x1141,	0x00,
	0x1143,	0x00,
	0x11f9,	0xb5,
	0x11fb,	0xc1,
	0x1211,	0xb5,
	0x1213,	0xc1,
	0x1241,	0xb5,
	0x1243,	0xc1,
	0x1261,	0xb5,
	0x1263,	0xc1,
	0x12a1,	0xb5,
	0x12a3,	0xc1,
	0x12c1,	0xb5,
	0x12c3,	0xc1,
	0x130d,	0xc3,
	0x130e,	0x00,
	0x130f,	0xef,
	0x1310,	0x00,
	0x1311,	0xff,
	0x1313,	0x2b,
	0x1314,	0x01,
	0x1315,	0x43,
	0x1316,	0x01,
	0x1317,	0x69,
	0x1514,	0x00,
	0x1515,	0xc9,
	0x1bd1,	0x85,
	0x1c01,	0xc3,
	0x1c02,	0x00,
	0x1c03,	0xef,
	0x1c04,	0x00,
	0x1c05,	0xff,
	0x1c06,	0x01,
	0x1c07,	0x2b,
	0x1c08,	0x01,
	0x1c09,	0x3b,
	0x24ef,	0x6b,
	0x2507,	0xb5,
	0x251d,	0xc1,
	0x25f9,	0xbf,
	0x25fa,	0x00,
	0x25fb,	0xc4,
	0x2611,	0xbf,
	0x2612,	0x00,
	0x2613,	0xc4,
	0x2629,	0xbf,
	0x262a,	0x00,
	0x262b,	0xc4,
	0x2649,	0xbf,
	0x264a,	0x00,
	0x264b,	0xc4,
	0x2665,	0xbf,
	0x2666,	0x00,
	0x2667,	0xc4,
	0x2685,	0xbf,
	0x2686,	0x00,
	0x2687,	0xc4,
	0x26a7,	0xb5,
	0x26d5,	0xc1,
	0x26ef,	0x6b,
	0x2705,	0xb3,
	0x2708,	0x00,
	0x2709,	0xef,
	0x270b,	0xc3,
	0x270d,	0x2b,
	0x270e,	0x00,
	0x270f,	0xff,
	0x2710,	0x01,
	0x2711,	0x69,
	0x2712,	0x01,
	0x2713,	0x3b,
	0x271d,	0xb3,
	0x2720,	0x00,
	0x2721,	0xef,
	0x2723,	0xc3,
	0x2725,	0x2b,
	0x2726,	0x00,
	0x2727,	0xff,
	0x2728,	0x01,
	0x2729,	0x69,
	0x272a,	0x01,
	0x272b,	0x3b,
	0x2735,	0xb3,
	0x2738,	0x00,
	0x2739,	0xef,
	0x273b,	0xc3,
	0x273d,	0x2b,
	0x273e,	0x00,
	0x273f,	0xff,
	0x2740,	0x01,
	0x2741,	0x69,
	0x2742,	0x01,
	0x2743,	0x3b,
	0x274d,	0xb3,
	0x2750,	0x00,
	0x2751,	0xef,
	0x2753,	0xc3,
	0x2755,	0x2b,
	0x2756,	0x00,
	0x2757,	0xff,
	0x2758,	0x01,
	0x2759,	0x69,
	0x275a,	0x01,
	0x275b,	0x3b,
	0x3010,	0x01,
	0x3402,	0xaf,
	0x3403,	0x19,
	0x3404,	0x19,
	0x3405,	0x0f,
	0x3406,	0x08,
	0x3408,	0x0f,
	0x3409,	0x08,
	0x340a,	0x03,
	0x341b,	0x30,
	0x344d,	0x02,
	0x344e,	0x02,
	0x3506,	0xf8,
	0x350d,	0x00,
	0x350e,	0xac,
	0x3546,	0xf8,
	0x354d,	0x00,
	0x354e,	0xac,
	0x3586,	0xf8,
	0x3608,	0x00,
	0x3622,	0xa8,
	0x3623,	0x04,
	0x3691,	0x00,
	0x3692,	0x00,
	0x3696,	0x00,
	0x369a,	0x10,
	0x369b,	0x00,
	0x36a5,	0x22,
	0x36a6,	0x80,
	0x36a7,	0x00,
	0x36b0,	0x84,
	0x36b1,	0x00,
	0x36c8,	0x00,
	0x3714,	0x68,
	0x37bc,	0x38,
	0x37c9,	0x00,
	0x3800,	0x08,
	0x3801,	0x00,
	0x3802,	0x07,
	0x3803,	0x00,
	0x3804,	0x18,
	0x3805,	0x1f,
	0x3806,	0x11,
	0x3807,	0x3f,
	0x3808,	0x10,
	0x3809,	0x00,
	0x380a,	0x0a,
	0x380b,	0x00,
	0x380c,	0x04,
	0x380d,	0xb0,
	0x380e,	0x0c,
	0x380f,	0xfa,
	0x3811,	0x10,
	0x3813,	0x21,
	0x3814,	0x11,
	0x3815,	0x11,
	0x3820,	0x44,
	0x3821,	0x00,
	0x3823,	0x04,
	0x3828,	0x08,
	0x3830,	0x08,
	0x3831,	0x10,
	0x3837,	0x10,
	0x383f,	0x00,
	0x384c,	0x04,
	0x384d,	0xb0,
	0x386d,	0x7c,
	0x3889,	0x10,
	0x388b,	0x20,
	0x388c,	0x10,
	0x388d,	0x00,
	0x388e,	0x0a,
	0x388f,	0x00,
	0x3894,	0x10,
	0x3896,	0x00,
	0x38a1,	0x1d,
	0x38a2,	0x98,
	0x38a4,	0x1d,
	0x38a5,	0x98,
	0x38a6,	0x20,
	0x38a9,	0x3b,
	0x38aa,	0x30,
	0x38ab,	0x00,
	0x38ad,	0x1d,
	0x38ae,	0x98,
	0x38b0,	0x01,
	0x38db,	0xe1,
	0x3f00,	0x06,
	0x3f30,	0x00,
	0x3f70,	0x02,
	0x3f72,	0x0a,
	0x3f74,	0x0a,
	0x3f76,	0x16,
	0x3f78,	0x16,
	0x3f7a,	0x16,
	0x3f7c,	0x0e,
	0x3f7e,	0x0e,
	0x3f80,	0x0e,
	0x3f8e,	0x02,
	0x3f90,	0x0a,
	0x3f92,	0x0a,
	0x400e,	0x14,
	0x400f,	0x30,
	0x4010,	0xf4,
	0x4012,	0x50,
	0x4016,	0x3d,
	0x4018,	0x1f,
	0x4506,	0x01,
	0x4509,	0x07,
	0x450c,	0x00,
	0x450d,	0x30,
	0x4546,	0x09,
	0x4547,	0x60,
	0x4549,	0x00,
	0x4580,	0x05,
	0x45c0,	0x05,
	0x45cb,	0xff,
	0x45cc,	0x02,
	0x45cd,	0x00,
	0x45ce,	0x00,
	0x4602,	0x00,
	0x4603,	0x15,
	0x460b,	0x07,
	0x4640,	0x00,
	0x4641,	0x80,
	0x4643,	0x08,
	0x4680,	0x19,
	0x468e,	0x30,
	0x4690,	0x12,
	0x4692,	0x56,
	0x4693,	0x00,
	0x4695,	0x11,
	0x4697,	0x11,
	0x46c0,	0x01,
	0x46c2,	0x04,
	0x46cb,	0xff,
	0x4701,	0x40,
	0x4703,	0x08,
	0x47c0,	0x05,
	0x47c2,	0x02,
	0x47c4,	0x05,
	0x47c6,	0x01,
	0x47c8,	0x05,
	0x47ca,	0x02,
	0x47cc,	0x05,
	0x47ce,	0x01,
	0x4808,	0x54,
	0x4813,	0x10,
	0x4836,	0x32,
	0x490e,	0x00,
	0x490f,	0x30,
	0x4910,	0x00,
	0x4912,	0x00,
	0x4a0e,	0x00,
	0x4a0f,	0x30,
	0x4a10,	0x00,
	0x4a12,	0x00,
	0x4b00,	0x00,
	0x4b10,	0x02,
	0x4b11,	0x06,
	0x4b12,	0x02,
	0x4b13,	0x06,
	0x4b14,	0x02,
	0x4b15,	0x06,
	0x4b16,	0x0a,
	0x4b17,	0x0e,
	0x4b20,	0x02,
	0x4b21,	0x06,
	0x4b22,	0x02,
	0x4b23,	0x06,
	0x4b24,	0x02,
	0x4b25,	0x06,
	0x4b26,	0x0a,
	0x4b27,	0x0e,
	0x4b30,	0x02,
	0x4b31,	0x06,
	0x4b32,	0x02,
	0x4b33,	0x06,
	0x4b34,	0x02,
	0x4b35,	0x06,
	0x4b36,	0x0a,
	0x4b37,	0x0e,
	0x4b3d,	0x00,
	0x4b3f,	0x00,
	0x4b41,	0x08,
	0x4b42,	0x00,
	0x4b43,	0x08,
	0x4b45,	0x08,
	0x4b46,	0x00,
	0x4b47,	0x08,
	0x4b48,	0x02,
	0x4b49,	0x00,
	0x4b4a,	0x01,
	0x4b4b,	0x00,
	0x4b51,	0x06,
	0x4b52,	0x02,
	0x4b53,	0x06,
	0x4b54,	0x02,
	0x4b55,	0x06,
	0x4b56,	0x0a,
	0x4b57,	0x0e,
	0x4b5a,	0x08,
	0x4b61,	0x06,
	0x4b62,	0x02,
	0x4b63,	0x06,
	0x4b64,	0x02,
	0x4b65,	0x06,
	0x4b66,	0x0a,
	0x4b67,	0x0e,
	0x4b6a,	0x08,
	0x4b71,	0x06,
	0x4b72,	0x02,
	0x4b73,	0x06,
	0x4b74,	0x02,
	0x4b75,	0x06,
	0x4b76,	0x0a,
	0x4b77,	0x0e,
	0x4b7a,	0x08,
	0x4b7d,	0x00,
	0x4b7f,	0x00,
	0x4b82,	0x00,
	0x4b83,	0x08,
	0x4b85,	0x08,
	0x4b86,	0x00,
	0x4b87,	0x08,
	0x4b88,	0x02,
	0x4b89,	0x00,
	0x4b8a,	0x01,
	0x4b8b,	0x00,
	0x4b91,	0x06,
	0x4b92,	0x02,
	0x4b93,	0x06,
	0x4b94,	0x02,
	0x4b95,	0x06,
	0x4b96,	0x0a,
	0x4b97,	0x0e,
	0x4b9a,	0x08,
	0x4ba1,	0x06,
	0x4ba2,	0x02,
	0x4ba3,	0x06,
	0x4ba4,	0x02,
	0x4ba5,	0x06,
	0x4ba6,	0x0a,
	0x4ba7,	0x0e,
	0x4baa,	0x08,
	0x4bb1,	0x06,
	0x4bb2,	0x02,
	0x4bb3,	0x06,
	0x4bb4,	0x02,
	0x4bb5,	0x06,
	0x4bb6,	0x0a,
	0x4bb7,	0x0e,
	0x4bba,	0x08,
	0x4bbd,	0x00,
	0x4bbf,	0x00,
	0x4bc2,	0x00,
	0x4bc3,	0x08,
	0x4bc5,	0x08,
	0x4bc6,	0x00,
	0x4bc7,	0x08,
	0x4bc8,	0x02,
	0x4bc9,	0x00,
	0x4bca,	0x01,
	0x4bcb,	0x00,
	0x5000,	0xdf,
	0x5001,	0x00,
	0x5002,	0x40,
	0x5003,	0xc0,
	0x5016,	0x11,
	0x5017,	0x00,
	0x50b3,	0x00,
	0x51a7,	0xc0,
	0x54a7,	0xc0,
	0x57a7,	0xc0,
	0x5a60,	0x7b,
	0x5b95,	0x45,
	0x5b97,	0x0c,
	0x5b98,	0x08,
	0x5b99,	0x00,
	0x5bc0,	0x1f,
	0x5e00,	0x7b,
	0x5f35,	0x45,
	0x5f37,	0x0c,
	0x5f38,	0x08,
	0x5f39,	0x00,
	0x5f60,	0x1f,
	0x6200,	0x21,
	0x6201,	0x20,
	0x6365,	0x00,
	0x6382,	0x04,
	0x6392,	0x04,
	0x64a0,	0x01,
	0x64a1,	0x00,
	0x64a2,	0x40,
	0xc400,	0x10,
	0xc405,	0x0a,
	0xc406,	0x0a,
	0xc407,	0x0a,
	0xc408,	0x0a,
	0xc409,	0x0a,
	0xc40a,	0x0a,
	0xc40b,	0x0a,
	0xc40c,	0x0a,
	0xc40d,	0x0a,
	0xc40e,	0x0a,
	0xc40f,	0x0a,
	0xc410,	0x0a,
	0xc411,	0x0a,
	0xc412,	0x0a,
	0xc413,	0x0a,
	0xc414,	0x0a,
	0xc41c,	0xc8,
	0xc41e,	0xc8,
	0xc420,	0xc8,
	0xc422,	0xc8,
	0xc424,	0xc8,
	0xc426,	0xc8,
	0xc428,	0xc8,
	0xc42a,	0xc8,
	0xc42c,	0xc8,
	0xc42e,	0xc8,
	0xc430,	0xc8,
	0xc432,	0xc8,
	0xc434,	0xc8,
	0xc435,	0x0a,
	0xc436,	0x0a,
	0xc437,	0x0a,
	0xc438,	0x0a,
	0xc439,	0x0a,
	0xc43a,	0x0a,
	0xc43b,	0x0a,
	0xc43c,	0x0a,
	0xc43d,	0x0a,
	0xc43e,	0x0a,
	0xc43f,	0x0a,
	0xc440,	0x0a,
	0xc441,	0x0a,
	0xc442,	0x0a,
	0xc443,	0x0a,
	0xc444,	0x0a,
	0xc464,	0x30,
	0xc465,	0x30,
	0xc466,	0x30,
	0xc804,	0x1e,
	0xc805,	0x1e,
	0xc806,	0x1d,
	0xc807,	0x1d,
	0xc808,	0x16,
	0xc809,	0x10,
	0xc80c,	0x3f,
	0xc81d,	0x03,
	0xc81e,	0x03,
	0xc820,	0x03,
	0xc829,	0x01,
	0xc82a,	0x10,
	0xc82b,	0x15,
	0xc82c,	0x1b,
	0xc82d,	0x1c,
	0xc85a,	0x2d,
	0xc85b,	0x2d,
	0xc85c,	0x1d,
	0xc85d,	0x2d,
	0xc85e,	0x2d,
	0xc85f,	0x1d,
	0xc860,	0x24,
	0xc861,	0x25,
	0xc862,	0x1d,
	0xc863,	0x24,
	0xc864,	0x25,
	0xc865,	0x1d,
	0xc873,	0x10,
	0xc874,	0x10,
	0xc875,	0x10,
	0xc898,	0x1b,
	0xc899,	0x1b,
	0xc89a,	0x2b,
	0xc89b,	0x1a,
	0xc89c,	0x1b,
	0xc89d,	0xfe,
	0xc8a5,	0x15,
	0xc8a6,	0x0f,
	0xc8a7,	0x09,
	0xc8a8,	0x08,
	0xc8aa,	0x07,
	0xc8b1,	0x06,
	0xc8b2,	0x10,
	0xc8b3,	0x24,
	0xc8b4,	0x40,
	0xc8b5,	0x3e,
	0xc8b6,	0x40,
	0xc8b7,	0x0c,
	0xc8b8,	0x0c,
	0xc8b9,	0x16,
	0xc8ba,	0x2a,
	0xc8bb,	0x28,
	0xc8bc,	0x24,
	0xc8bd,	0x00,
	0xc8be,	0x00,
	0xc8bf,	0x00,
	0xc8c3,	0x00,
	0xc8c4,	0x00,
	0xc8c5,	0x00,
	0xc8ca,	0x02,
	0xc8cb,	0x01,
	0xc8cc,	0x0d,
	0xc8cd,	0x02,
	0xc8ce,	0x03,
	0xc8cf,	0x02,
	0xc8d0,	0x03,
	0xc8d1,	0x00,
	0xc8d2,	0x02,
	0xc8d3,	0x00,
	0xc8d4,	0x00,
	0xc8d5,	0x00,
	0xc8d6,	0x00,
	0xc8d7,	0x68,
	0xc8d8,	0x68,
	0xc8d9,	0x68,
	0xc8da,	0x03,
	0xc8db,	0x66,
	0xc8dc,	0x66,
	0xc8dd,	0x66,
	0xc8de,	0x66,
	0xc8df,	0x66,
	0xc8e0,	0x66,
	0xc8e1,	0x67,
	0xc8e2,	0x67,
	0xc8e3,	0x67,
	0xc8e4,	0x67,
	0xc8e5,	0x0f,
	0xc8e6,	0x0f,
	0xc8e7,	0x0f,
	0xc8e9,	0x0f,
	0xc8ea,	0x0f,
	0xc8eb,	0x0f,
	0xc8ec,	0x0f,
	0xc8ed,	0x0f,
	0xc8ee,	0x0f,
	0xc8f3,	0x13,
	0xc8f4,	0x16,
	0xc8f5,	0x16,
	0xc8f6,	0x10,
	0xc8f7,	0x1a,
	0xc8f8,	0x15,
	0xc8f9,	0x10,
	0xc8fa,	0x10,
	0xc8fb,	0x10,
	0xc8fc,	0x14,
	0xc8fd,	0x14,
	0xc8fe,	0x1e,
	0xc8ff,	0x1e,
	0xc900,	0x16,
	0xc903,	0x0b,
	0xc904,	0x11,
	0xc906,	0x1a,
	0xc907,	0x1a,
	0xc908,	0x1a,
	0xc924,	0x03,
	0xc925,	0x03,
	0xc930,	0x05,
	0xc931,	0x13,
	0xc933,	0x1d,
	0xc95c,	0x2d,
	0xc95d,	0x25,
	0xc95e,	0x1b,
	0xc95f,	0x2d,
	0xc960,	0x25,
	0xc961,	0x1b,
	0xc962,	0x2d,
	0xc963,	0x1b,
	0xc964,	0x1b,
	0xc965,	0x2d,
	0xc966,	0x1b,
	0xc967,	0x1b,
	0xc975,	0x10,
	0xc976,	0x10,
	0xc977,	0x10,
	0xc999,	0x38,
	0xc99a,	0x00,
	0xc99c,	0x13,
	0xc99d,	0x21,
	0xc99f,	0xaa,
	0xc9a7,	0x00,
	0xc9a8,	0x20,
	0xc9a9,	0x00,
	0xc9aa,	0x00,
	0xc9b3,	0x06,
	0xc9b4,	0x06,
	0xc9b5,	0x0a,
	0xc9b9,	0x0a,
	0xc9ba,	0x0a,
	0xc9bb,	0x0a,
	0xc9bf,	0x00,
	0xc9c0,	0x04,
	0xc9c1,	0x07,
	0xc9c2,	0x07,
	0xc9c5,	0x00,
	0xc9c7,	0x14,
	0xc9c8,	0x26,
	0xc9cc,	0x00,
	0xc9cd,	0x00,
	0xc9ce,	0x08,
	0xc9cf,	0x01,
	0xc9d0,	0x02,
	0xc9d1,	0x01,
	0xc9d2,	0x02,
	0xc9d3,	0x01,
	0xc9d4,	0x02,
	0xc9d9,	0x9c,
	0xc9da,	0x9c,
	0xc9db,	0x9c,
	0xc9dc,	0x59,
	0xc9dd,	0x9c,
	0xc9de,	0x9c,
	0xc9df,	0x9c,
	0xc9e0,	0x9c,
	0xc9e1,	0x9c,
	0xc9e2,	0x9c,
	0xc9e3,	0x9c,
	0xc9e4,	0x9c,
	0xc9e5,	0x9c,
	0xc9e6,	0x9c,
	0xc9ea,	0x0f,
	0xc9eb,	0x0f,
	0xc9ec,	0x0f,
	0xc9f5,	0x12,
	0xc9f6,	0x12,
	0xc9f7,	0x08,
	0xc9f8,	0x12,
	0xc9f9,	0x0a,
	0xc9fa,	0x08,
	0xc9fb,	0x08,
	0xc9fc,	0x10,
	0xc9fd,	0x16,
	0xc9fe,	0x1f,
	0xca0b,	0x0b,
	0xca0c,	0x11,
	0xca0e,	0x1a,
	0xca0f,	0x1a,
	0xca10,	0x1a,
	0xca17,	0x21,
	0xca1b,	0x3f,
	0xd013,	0x36,
	0xd023,	0x36,
	0xd027,	0x64,
	0xd02b,	0xf0,
	0xd02f,	0x73,
	0xd034,	0x01,
	0xd03b,	0xd3,
	0xd083,	0x08,
	0xd087,	0x53,
	0xd08f,	0x08,
	0xd093,	0x53,
	0xd0a7,	0x04,
	0xd0ab,	0x08,
	0xd0af,	0x03,
	0xd0b3,	0x08,
	0xd0bb,	0x0d,
	0xd0c3,	0x08,
	0xd0ce,	0x00,
	0xd0cf,	0x00,
	0xd143,	0x8c,
	0xd1f9,	0xf1,
	0xd1fb,	0xfd,
	0xd211,	0xf1,
	0xd213,	0xfd,
	0xd241,	0xf1,
	0xd243,	0xfd,
	0xd261,	0xf1,
	0xd263,	0xfd,
	0xd2a1,	0xf1,
	0xd2a3,	0xfd,
	0xd2c1,	0xf1,
	0xd2c3,	0xfd,
	0xd309,	0xff,
	0xd30a,	0x01,
	0xd30b,	0x73,
	0xd30d,	0x00,
	0xd30e,	0x00,
	0xd30f,	0x00,
	0xd514,	0x01,
	0xd515,	0x05,
	0xdbfd,	0xff,
	0xdbff,	0x00,
	0xdc01,	0x00,
	0xddf7,	0x41,
	0xde7b,	0x41,
	0xdeef,	0x41,
	0xdf37,	0x41,
	0xe30c,	0x01,
	0xe30d,	0x0d,
	0xe30e,	0x01,
	0xe30f,	0x69,
	0xe310,	0x00,
	0xe311,	0x00,
	0xe312,	0x00,
	0xe313,	0x00,
	0xe4d7,	0xf1,
	0xe4ed,	0xfd,
	0xe507,	0xf1,
	0xe51d,	0xfd,
	0xe5f9,	0xfb,
	0xe5fa,	0x01,
	0xe5fb,	0x00,
	0xe611,	0xfb,
	0xe612,	0x01,
	0xe613,	0x00,
	0xe629,	0xfb,
	0xe62a,	0x01,
	0xe62b,	0x00,
	0xe649,	0xfb,
	0xe64a,	0x01,
	0xe64b,	0x00,
	0xe665,	0xfb,
	0xe666,	0x01,
	0xe667,	0x00,
	0xe685,	0xfb,
	0xe686,	0x01,
	0xe687,	0x00,
	0xe6a7,	0xf1,
	0xe6bf,	0xf1,
	0xe6d5,	0xfd,
	0xe6ed,	0xfd,
	0xe708,	0x01,
	0xe709,	0x73,
	0xe70b,	0xff,
	0xe70c,	0x00,
	0xe70d,	0x00,
	0xe70f,	0x00,
	0xe720,	0x01,
	0xe721,	0x73,
	0xe723,	0xff,
	0xe724,	0x00,
	0xe725,	0x00,
	0xe727,	0x00,
	0xe738,	0x01,
	0xe739,	0x73,
	0xe73b,	0xff,
	0xe73c,	0x00,
	0xe73d,	0x00,
	0xe73f,	0x00,
	0xe750,	0x01,
	0xe751,	0x73,
	0xe753,	0xff,
	0xe754,	0x00,
	0xe755,	0x00,
	0xe757,	0x00,
	// ois on	offset1: 10ms
	0x3002, 0x80,	//	bit[7] = 1 ; set VSYNC as output
	0x3680, 0x08,	//	assign VSYNC for OIS pin
	0x38f3, 0x02,	//	Enable OIS function
	0x38f4, 0xD8,	//	bit[7:0] offset1[7:0]
	0x38f5, 0x03,	//	bit[7:4] for offset2[11:8]; bit[3:0] for offset1[11:8]
	0x38f6, 0x00,	//	bit[7:4] offset2[7:0]
	0x38af, 0x40,	//	Bit[6]: OIS function signal polarity
};

// custom20 mode 24 : 8K video
// mode_16
static u16 warholovx9500wide_custom20_setting[] = {
	0x0345,	0x45,
	0x0360,	0x01,
	0x100f,	0x62,
	0x101f,	0x62,
	0x1023,	0x37,
	0x1027,	0x4b,
	0x102b,	0xa2,
	0x102f,	0xd0,
	0x1034,	0x00,
	0x103b,	0xd0,
	0x1040,	0x00,
	0x1047,	0xb4,
	0x107a,	0x88,
	0x107b,	0x08,
	0x107e,	0x8b,
	0x107f,	0x03,
	0x1083,	0x0a,
	0x1087,	0x33,
	0x1093,	0x58,
	0x10a7,	0x02,
	0x10ab,	0x00,
	0x10ae,	0x8d,
	0x10af,	0x02,
	0x10b2,	0x8f,
	0x10b6,	0x92,
	0x10b7,	0x03,
	0x10ba,	0x95,
	0x10bb,	0x04,
	0x10be,	0x97,
	0x10c2,	0x9b,
	0x10c3,	0x10,
	0x10c6,	0x00,
	0x10c7,	0x00,
	0x1141,	0x00,
	0x1143,	0x00,
	0x11f9,	0xb5,
	0x11fb,	0xc1,
	0x1211,	0xb5,
	0x1213,	0xc1,
	0x1241,	0xb5,
	0x1243,	0xc1,
	0x1261,	0xb5,
	0x1263,	0xc1,
	0x12a1,	0xb5,
	0x12a3,	0xc1,
	0x12c1,	0xb5,
	0x12c3,	0xc1,
	0x130d,	0xc3,
	0x130e,	0x00,
	0x130f,	0xef,
	0x1310,	0x00,
	0x1311,	0xff,
	0x1313,	0x2b,
	0x1314,	0x01,
	0x1315,	0x43,
	0x1316,	0x01,
	0x1317,	0x69,
	0x1514,	0x00,
	0x1515,	0xc9,
	0x1bd1,	0x85,
	0x1c01,	0xc3,
	0x1c02,	0x00,
	0x1c03,	0xef,
	0x1c04,	0x00,
	0x1c05,	0xff,
	0x1c06,	0x01,
	0x1c07,	0x2b,
	0x1c08,	0x01,
	0x1c09,	0x3b,
	0x24ef,	0x6b,
	0x2507,	0xb5,
	0x251d,	0xc1,
	0x25f9,	0xbf,
	0x25fa,	0x00,
	0x25fb,	0xc4,
	0x2611,	0xbf,
	0x2612,	0x00,
	0x2613,	0xc4,
	0x2629,	0xbf,
	0x262a,	0x00,
	0x262b,	0xc4,
	0x2649,	0xbf,
	0x264a,	0x00,
	0x264b,	0xc4,
	0x2665,	0xbf,
	0x2666,	0x00,
	0x2667,	0xc4,
	0x2685,	0xbf,
	0x2686,	0x00,
	0x2687,	0xc4,
	0x26a7,	0xb5,
	0x26d5,	0xc1,
	0x26ef,	0x6b,
	0x2705,	0xb3,
	0x2708,	0x00,
	0x2709,	0xef,
	0x270b,	0xc3,
	0x270d,	0x2b,
	0x270e,	0x00,
	0x270f,	0xff,
	0x2710,	0x01,
	0x2711,	0x69,
	0x2712,	0x01,
	0x2713,	0x3b,
	0x271d,	0xb3,
	0x2720,	0x00,
	0x2721,	0xef,
	0x2723,	0xc3,
	0x2725,	0x2b,
	0x2726,	0x00,
	0x2727,	0xff,
	0x2728,	0x01,
	0x2729,	0x69,
	0x272a,	0x01,
	0x272b,	0x3b,
	0x2735,	0xb3,
	0x2738,	0x00,
	0x2739,	0xef,
	0x273b,	0xc3,
	0x273d,	0x2b,
	0x273e,	0x00,
	0x273f,	0xff,
	0x2740,	0x01,
	0x2741,	0x69,
	0x2742,	0x01,
	0x2743,	0x3b,
	0x274d,	0xb3,
	0x2750,	0x00,
	0x2751,	0xef,
	0x2753,	0xc3,
	0x2755,	0x2b,
	0x2756,	0x00,
	0x2757,	0xff,
	0x2758,	0x01,
	0x2759,	0x69,
	0x275a,	0x01,
	0x275b,	0x3b,
	0x3010,	0x01,
	0x3402,	0xaf,
	0x3403,	0x19,
	0x3404,	0x19,
	0x3405,	0x0f,
	0x3406,	0x08,
	0x3408,	0x0f,
	0x3409,	0x08,
	0x340a,	0x03,
	0x341b,	0x30,
	0x344d,	0x02,
	0x344e,	0x02,
	0x3506,	0xf8,
	0x350d,	0x00,
	0x350e,	0xb1,
	0x3546,	0xf8,
	0x354d,	0x00,
	0x354e,	0xb1,
	0x3586,	0xf8,
	0x3608,	0x00,
	0x3622,	0xa8,
	0x3623,	0x04,
	0x3691,	0x00,
	0x3692,	0x00,
	0x3696,	0x00,
	0x369a,	0x1e,
	0x369b,	0x00,
	0x36a5,	0x22,
	0x36a6,	0x80,
	0x36a7,	0x00,
	0x36b0,	0x84,
	0x36b1,	0x00,
	0x36c8,	0x00,
	0x3714,	0x68,
	0x37bc,	0x38,
	0x37c9,	0x00,
	0x3800,	0x01,
	0x3801,	0x00,
	0x3802,	0x03,
	0x3803,	0xa0,
	0x3804,	0x1f,
	0x3805,	0x1f,
	0x3806,	0x14,
	0x3807,	0x9f,
	0x3808,	0x1e,
	0x3809,	0x00,
	0x380a,	0x10,
	0x380b,	0xe0,
	0x380c,	0x04,
	0x380d,	0xb0,
	0x380e,	0x0d,
	0x380f,	0x05,
	0x3811,	0x10,
	0x3813,	0x11,
	0x3814,	0x11,
	0x3815,	0x11,
	0x3820,	0x44,
	0x3821,	0x00,
	0x3823,	0x04,
	0x3828,	0x08,
	0x3830,	0x08,
	0x3831,	0x10,
	0x3837,	0x10,
	0x383f,	0x00,
	0x384c,	0x04,
	0x384d,	0xb0,
	0x386d,	0x7c,
	0x3889,	0x10,
	0x388b,	0x10,
	0x388c,	0x1e,
	0x388d,	0x00,
	0x388e,	0x10,
	0x388f,	0xe0,
	0x3894,	0x10,
	0x3896,	0x00,
	0x38a1,	0x1d,
	0x38a2,	0x98,
	0x38a4,	0x1d,
	0x38a5,	0x98,
	0x38a6,	0x20,
	0x38a9,	0x3b,
	0x38aa,	0x30,
	0x38ab,	0x00,
	0x38ad,	0x1d,
	0x38ae,	0x98,
	0x38b0,	0x01,
	0x38db,	0xe1,
	0x3f00,	0x06,
	0x3f30,	0x0b,
	0x3f70,	0x04,
	0x3f72,	0x0a,
	0x3f74,	0x0a,
	0x3f76,	0x16,
	0x3f78,	0x16,
	0x3f7a,	0x16,
	0x3f7c,	0x0e,
	0x3f7e,	0x0e,
	0x3f80,	0x0e,
	0x3f8e,	0x04,
	0x3f90,	0x0a,
	0x3f92,	0x0a,
	0x400e,	0x14,
	0x400f,	0x30,
	0x4010,	0xf4,
	0x4012,	0x50,
	0x4016,	0x3d,
	0x4018,	0x1f,
	0x4506,	0x01,
	0x4509,	0x07,
	0x450c,	0x00,
	0x450d,	0x30,
	0x4546,	0x09,
	0x4547,	0x60,
	0x4549,	0x00,
	0x4580,	0x05,
	0x45c0,	0x05,
	0x45cb,	0xff,
	0x45cc,	0x02,
	0x45cd,	0x00,
	0x45ce,	0x00,
	0x4602,	0x00,
	0x4603,	0x15,
	0x460b,	0x07,
	0x4640,	0x00,
	0x4641,	0xf0,
	0x4643,	0x08,
	0x4680,	0x19,
	0x468e,	0x30,
	0x4690,	0x12,
	0x4692,	0x56,
	0x4693,	0x00,
	0x4695,	0x11,
	0x4697,	0x11,
	0x46c0,	0x01,
	0x46c2,	0x04,
	0x46cb,	0xff,
	0x4701,	0x78,
	0x4703,	0x08,
	0x47c0,	0x05,
	0x47c2,	0x02,
	0x47c4,	0x05,
	0x47c6,	0x01,
	0x47c8,	0x05,
	0x47ca,	0x02,
	0x47cc,	0x05,
	0x47ce,	0x01,
	0x4808,	0x54,
	0x4813,	0x10,
	0x4836,	0x32,
	0x490e,	0x00,
	0x490f,	0x30,
	0x4910,	0x00,
	0x4912,	0x00,
	0x4a0e,	0x00,
	0x4a0f,	0x30,
	0x4a10,	0x00,
	0x4a12,	0x00,
	0x4b00,	0x00,
	0x4b10,	0x02,
	0x4b11,	0x06,
	0x4b12,	0x02,
	0x4b13,	0x06,
	0x4b14,	0x02,
	0x4b15,	0x06,
	0x4b16,	0x0a,
	0x4b17,	0x0e,
	0x4b20,	0x02,
	0x4b21,	0x06,
	0x4b22,	0x02,
	0x4b23,	0x06,
	0x4b24,	0x02,
	0x4b25,	0x06,
	0x4b26,	0x0a,
	0x4b27,	0x0e,
	0x4b30,	0x02,
	0x4b31,	0x06,
	0x4b32,	0x02,
	0x4b33,	0x06,
	0x4b34,	0x02,
	0x4b35,	0x06,
	0x4b36,	0x0a,
	0x4b37,	0x0e,
	0x4b3d,	0x00,
	0x4b3f,	0x00,
	0x4b41,	0x08,
	0x4b42,	0x00,
	0x4b43,	0x08,
	0x4b45,	0x08,
	0x4b46,	0x00,
	0x4b47,	0x08,
	0x4b48,	0x02,
	0x4b49,	0x00,
	0x4b4a,	0x01,
	0x4b4b,	0x00,
	0x4b51,	0x06,
	0x4b52,	0x02,
	0x4b53,	0x06,
	0x4b54,	0x02,
	0x4b55,	0x06,
	0x4b56,	0x0a,
	0x4b57,	0x0e,
	0x4b5a,	0x08,
	0x4b61,	0x06,
	0x4b62,	0x02,
	0x4b63,	0x06,
	0x4b64,	0x02,
	0x4b65,	0x06,
	0x4b66,	0x0a,
	0x4b67,	0x0e,
	0x4b6a,	0x08,
	0x4b71,	0x06,
	0x4b72,	0x02,
	0x4b73,	0x06,
	0x4b74,	0x02,
	0x4b75,	0x06,
	0x4b76,	0x0a,
	0x4b77,	0x0e,
	0x4b7a,	0x08,
	0x4b7d,	0x00,
	0x4b7f,	0x00,
	0x4b82,	0x00,
	0x4b83,	0x08,
	0x4b85,	0x08,
	0x4b86,	0x00,
	0x4b87,	0x08,
	0x4b88,	0x02,
	0x4b89,	0x00,
	0x4b8a,	0x01,
	0x4b8b,	0x00,
	0x4b91,	0x06,
	0x4b92,	0x02,
	0x4b93,	0x06,
	0x4b94,	0x02,
	0x4b95,	0x06,
	0x4b96,	0x0a,
	0x4b97,	0x0e,
	0x4b9a,	0x08,
	0x4ba1,	0x06,
	0x4ba2,	0x02,
	0x4ba3,	0x06,
	0x4ba4,	0x02,
	0x4ba5,	0x06,
	0x4ba6,	0x0a,
	0x4ba7,	0x0e,
	0x4baa,	0x08,
	0x4bb1,	0x06,
	0x4bb2,	0x02,
	0x4bb3,	0x06,
	0x4bb4,	0x02,
	0x4bb5,	0x06,
	0x4bb6,	0x0a,
	0x4bb7,	0x0e,
	0x4bba,	0x08,
	0x4bbd,	0x00,
	0x4bbf,	0x00,
	0x4bc2,	0x00,
	0x4bc3,	0x08,
	0x4bc5,	0x08,
	0x4bc6,	0x00,
	0x4bc7,	0x08,
	0x4bc8,	0x02,
	0x4bc9,	0x00,
	0x4bca,	0x01,
	0x4bcb,	0x00,
	0x5000,	0xdf,
	0x5001,	0x00,
	0x5002,	0x40,
	0x5003,	0xc0,
	0x5016,	0x11,
	0x5017,	0x00,
	0x50b3,	0x00,
	0x51a7,	0xc0,
	0x54a7,	0xc0,
	0x57a7,	0xc0,
	0x5a60,	0x7a,
	0x5b95,	0x5c,
	0x5b97,	0x04,
	0x5b98,	0x04,
	0x5b99,	0x04,
	0x5bc0,	0x10,
	0x5e00,	0x7a,
	0x5f35,	0x5c,
	0x5f37,	0x04,
	0x5f38,	0x04,
	0x5f39,	0x04,
	0x5f60,	0x10,
	0x6200,	0x21,
	0x6201,	0x20,
	0x6365,	0x00,
	0x6382,	0x04,
	0x6392,	0x04,
	0x64a0,	0x01,
	0x64a1,	0x00,
	0x64a2,	0x40,
	0xc400,	0x10,
	0xc405,	0x0a,
	0xc406,	0x0a,
	0xc407,	0x0a,
	0xc408,	0x0a,
	0xc409,	0x0a,
	0xc40a,	0x0a,
	0xc40b,	0x0a,
	0xc40c,	0x0a,
	0xc40d,	0x0a,
	0xc40e,	0x0a,
	0xc40f,	0x0a,
	0xc410,	0x0a,
	0xc411,	0x0a,
	0xc412,	0x0a,
	0xc413,	0x0a,
	0xc414,	0x0a,
	0xc41c,	0xc8,
	0xc41e,	0xc8,
	0xc420,	0xc8,
	0xc422,	0xc8,
	0xc424,	0xc8,
	0xc426,	0xc8,
	0xc428,	0xc8,
	0xc42a,	0xc8,
	0xc42c,	0xc8,
	0xc42e,	0xc8,
	0xc430,	0xc8,
	0xc432,	0xc8,
	0xc434,	0xc8,
	0xc435,	0x0a,
	0xc436,	0x0a,
	0xc437,	0x0a,
	0xc438,	0x0a,
	0xc439,	0x0a,
	0xc43a,	0x0a,
	0xc43b,	0x0a,
	0xc43c,	0x0a,
	0xc43d,	0x0a,
	0xc43e,	0x0a,
	0xc43f,	0x0a,
	0xc440,	0x0a,
	0xc441,	0x0a,
	0xc442,	0x0a,
	0xc443,	0x0a,
	0xc444,	0x0a,
	0xc464,	0x30,
	0xc465,	0x30,
	0xc466,	0x30,
	0xc804,	0x1e,
	0xc805,	0x1e,
	0xc806,	0x1d,
	0xc807,	0x1d,
	0xc808,	0x16,
	0xc809,	0x10,
	0xc80c,	0x3f,
	0xc81d,	0x03,
	0xc81e,	0x03,
	0xc820,	0x03,
	0xc829,	0x01,
	0xc82a,	0x10,
	0xc82b,	0x15,
	0xc82c,	0x1b,
	0xc82d,	0x1c,
	0xc85a,	0x2d,
	0xc85b,	0x2d,
	0xc85c,	0x1d,
	0xc85d,	0x2d,
	0xc85e,	0x2d,
	0xc85f,	0x1d,
	0xc860,	0x24,
	0xc861,	0x25,
	0xc862,	0x1d,
	0xc863,	0x24,
	0xc864,	0x25,
	0xc865,	0x1d,
	0xc873,	0x10,
	0xc874,	0x10,
	0xc875,	0x10,
	0xc898,	0x1b,
	0xc899,	0x1b,
	0xc89a,	0x2b,
	0xc89b,	0x1a,
	0xc89c,	0x1b,
	0xc89d,	0xfe,
	0xc8a5,	0x15,
	0xc8a6,	0x0f,
	0xc8a7,	0x09,
	0xc8a8,	0x08,
	0xc8aa,	0x07,
	0xc8b1,	0x06,
	0xc8b2,	0x10,
	0xc8b3,	0x24,
	0xc8b4,	0x40,
	0xc8b5,	0x3e,
	0xc8b6,	0x40,
	0xc8b7,	0x0c,
	0xc8b8,	0x0c,
	0xc8b9,	0x16,
	0xc8ba,	0x2a,
	0xc8bb,	0x28,
	0xc8bc,	0x24,
	0xc8bd,	0x00,
	0xc8be,	0x00,
	0xc8bf,	0x00,
	0xc8c3,	0x00,
	0xc8c4,	0x00,
	0xc8c5,	0x00,
	0xc8ca,	0x02,
	0xc8cb,	0x01,
	0xc8cc,	0x0d,
	0xc8cd,	0x02,
	0xc8ce,	0x03,
	0xc8cf,	0x02,
	0xc8d0,	0x03,
	0xc8d1,	0x00,
	0xc8d2,	0x02,
	0xc8d3,	0x00,
	0xc8d4,	0x00,
	0xc8d5,	0x00,
	0xc8d6,	0x00,
	0xc8d7,	0x68,
	0xc8d8,	0x68,
	0xc8d9,	0x68,
	0xc8da,	0x03,
	0xc8db,	0x66,
	0xc8dc,	0x66,
	0xc8dd,	0x66,
	0xc8de,	0x66,
	0xc8df,	0x66,
	0xc8e0,	0x66,
	0xc8e1,	0x67,
	0xc8e2,	0x67,
	0xc8e3,	0x67,
	0xc8e4,	0x67,
	0xc8e5,	0x0f,
	0xc8e6,	0x0f,
	0xc8e7,	0x0f,
	0xc8e9,	0x0f,
	0xc8ea,	0x0f,
	0xc8eb,	0x0f,
	0xc8ec,	0x0f,
	0xc8ed,	0x0f,
	0xc8ee,	0x0f,
	0xc8f3,	0x13,
	0xc8f4,	0x16,
	0xc8f5,	0x16,
	0xc8f6,	0x10,
	0xc8f7,	0x1a,
	0xc8f8,	0x15,
	0xc8f9,	0x10,
	0xc8fa,	0x10,
	0xc8fb,	0x10,
	0xc8fc,	0x14,
	0xc8fd,	0x14,
	0xc8fe,	0x1e,
	0xc8ff,	0x1e,
	0xc900,	0x16,
	0xc903,	0x0b,
	0xc904,	0x11,
	0xc906,	0x1a,
	0xc907,	0x1a,
	0xc908,	0x1a,
	0xc924,	0x03,
	0xc925,	0x03,
	0xc930,	0x05,
	0xc931,	0x13,
	0xc933,	0x1d,
	0xc95c,	0x2d,
	0xc95d,	0x25,
	0xc95e,	0x1b,
	0xc95f,	0x2d,
	0xc960,	0x25,
	0xc961,	0x1b,
	0xc962,	0x2d,
	0xc963,	0x1b,
	0xc964,	0x1b,
	0xc965,	0x2d,
	0xc966,	0x1b,
	0xc967,	0x1b,
	0xc975,	0x10,
	0xc976,	0x10,
	0xc977,	0x10,
	0xc999,	0x38,
	0xc99a,	0x00,
	0xc99c,	0x13,
	0xc99d,	0x21,
	0xc99f,	0xaa,
	0xc9a7,	0x00,
	0xc9a8,	0x20,
	0xc9a9,	0x00,
	0xc9aa,	0x00,
	0xc9b3,	0x06,
	0xc9b4,	0x06,
	0xc9b5,	0x0a,
	0xc9b9,	0x0a,
	0xc9ba,	0x0a,
	0xc9bb,	0x0a,
	0xc9bf,	0x00,
	0xc9c0,	0x04,
	0xc9c1,	0x07,
	0xc9c2,	0x07,
	0xc9c5,	0x00,
	0xc9c7,	0x14,
	0xc9c8,	0x26,
	0xc9cc,	0x00,
	0xc9cd,	0x00,
	0xc9ce,	0x08,
	0xc9cf,	0x01,
	0xc9d0,	0x02,
	0xc9d1,	0x01,
	0xc9d2,	0x02,
	0xc9d3,	0x01,
	0xc9d4,	0x02,
	0xc9d9,	0x9c,
	0xc9da,	0x9c,
	0xc9db,	0x9c,
	0xc9dc,	0x59,
	0xc9dd,	0x9c,
	0xc9de,	0x9c,
	0xc9df,	0x9c,
	0xc9e0,	0x9c,
	0xc9e1,	0x9c,
	0xc9e2,	0x9c,
	0xc9e3,	0x9c,
	0xc9e4,	0x9c,
	0xc9e5,	0x9c,
	0xc9e6,	0x9c,
	0xc9ea,	0x0f,
	0xc9eb,	0x0f,
	0xc9ec,	0x0f,
	0xc9f5,	0x12,
	0xc9f6,	0x12,
	0xc9f7,	0x08,
	0xc9f8,	0x12,
	0xc9f9,	0x0a,
	0xc9fa,	0x08,
	0xc9fb,	0x08,
	0xc9fc,	0x10,
	0xc9fd,	0x16,
	0xc9fe,	0x1f,
	0xca0b,	0x0b,
	0xca0c,	0x11,
	0xca0e,	0x1a,
	0xca0f,	0x1a,
	0xca10,	0x1a,
	0xca17,	0x81,
	0xca1b,	0x3e,
	0xd013,	0x36,
	0xd023,	0x36,
	0xd027,	0x64,
	0xd02b,	0xf0,
	0xd02f,	0x73,
	0xd034,	0x01,
	0xd03b,	0xd3,
	0xd083,	0x08,
	0xd087,	0x53,
	0xd08f,	0x08,
	0xd093,	0x53,
	0xd0a7,	0x04,
	0xd0ab,	0x08,
	0xd0af,	0x03,
	0xd0b3,	0x08,
	0xd0bb,	0x0d,
	0xd0c3,	0x08,
	0xd0ce,	0x00,
	0xd0cf,	0x00,
	0xd143,	0x8c,
	0xd1f9,	0xf1,
	0xd1fb,	0xfd,
	0xd211,	0xf1,
	0xd213,	0xfd,
	0xd241,	0xf1,
	0xd243,	0xfd,
	0xd261,	0xf1,
	0xd263,	0xfd,
	0xd2a1,	0xf1,
	0xd2a3,	0xfd,
	0xd2c1,	0xf1,
	0xd2c3,	0xfd,
	0xd309,	0xff,
	0xd30a,	0x01,
	0xd30b,	0x73,
	0xd30d,	0x00,
	0xd30e,	0x00,
	0xd30f,	0x00,
	0xd514,	0x01,
	0xd515,	0x05,
	0xdbfd,	0xff,
	0xdbff,	0x00,
	0xdc01,	0x00,
	0xddf7,	0x41,
	0xde7b,	0x41,
	0xdeef,	0x41,
	0xdf37,	0x41,
	0xe30c,	0x01,
	0xe30d,	0x0d,
	0xe30e,	0x01,
	0xe30f,	0x69,
	0xe310,	0x00,
	0xe311,	0x00,
	0xe312,	0x00,
	0xe313,	0x00,
	0xe4d7,	0xf1,
	0xe4ed,	0xfd,
	0xe507,	0xf1,
	0xe51d,	0xfd,
	0xe5f9,	0xfb,
	0xe5fa,	0x01,
	0xe5fb,	0x00,
	0xe611,	0xfb,
	0xe612,	0x01,
	0xe613,	0x00,
	0xe629,	0xfb,
	0xe62a,	0x01,
	0xe62b,	0x00,
	0xe649,	0xfb,
	0xe64a,	0x01,
	0xe64b,	0x00,
	0xe665,	0xfb,
	0xe666,	0x01,
	0xe667,	0x00,
	0xe685,	0xfb,
	0xe686,	0x01,
	0xe687,	0x00,
	0xe6a7,	0xf1,
	0xe6bf,	0xf1,
	0xe6d5,	0xfd,
	0xe6ed,	0xfd,
	0xe708,	0x01,
	0xe709,	0x73,
	0xe70b,	0xff,
	0xe70c,	0x00,
	0xe70d,	0x00,
	0xe70f,	0x00,
	0xe720,	0x01,
	0xe721,	0x73,
	0xe723,	0xff,
	0xe724,	0x00,
	0xe725,	0x00,
	0xe727,	0x00,
	0xe738,	0x01,
	0xe739,	0x73,
	0xe73b,	0xff,
	0xe73c,	0x00,
	0xe73d,	0x00,
	0xe73f,	0x00,
	0xe750,	0x01,
	0xe751,	0x73,
	0xe753,	0xff,
	0xe754,	0x00,
	0xe755,	0x00,
	0xe757,	0x00,
	// ois on	offset1: 10ms
	0x3002, 0x80,	//	bit[7] = 1 ; set VSYNC as output
	0x3680, 0x08,	//	assign VSYNC for OIS pin
	0x38f3, 0x02,	//	Enable OIS function
	0x38f4, 0xD8,	//	bit[7:0] offset1[7:0]
	0x38f5, 0x03,	//	bit[7:4] for offset2[11:8]; bit[3:0] for offset1[11:8]
	0x38f6, 0x00,	//	bit[7:4] offset2[7:0]
	0x38af, 0x40,	//	Bit[6]: OIS function signal polarity
};

// custom21 mode 25 :  4K 120fps
// mode_17
static u16 warholovx9500wide_custom21_setting[] = {
	0x0345,	0x40,
	0x0360,	0x01,
	0x100f,	0x62,
	0x101f,	0x62,
	0x1023,	0x37,
	0x1027,	0x4b,
	0x102b,	0xa2,
	0x102f,	0xd0,
	0x1034,	0x00,
	0x103b,	0xd0,
	0x1040,	0x00,
	0x1047,	0xb4,
	0x107a,	0x88,
	0x107b,	0x08,
	0x107e,	0x8b,
	0x107f,	0x03,
	0x1083,	0x0a,
	0x1087,	0x33,
	0x1093,	0x58,
	0x10a7,	0x02,
	0x10ab,	0x00,
	0x10ae,	0x8d,
	0x10af,	0x02,
	0x10b2,	0x8f,
	0x10b6,	0x92,
	0x10b7,	0x03,
	0x10ba,	0x95,
	0x10bb,	0x04,
	0x10be,	0x97,
	0x10c2,	0x9b,
	0x10c3,	0x10,
	0x10c6,	0x00,
	0x10c7,	0x00,
	0x1141,	0x00,
	0x1143,	0x00,
	0x11f9,	0xb5,
	0x11fb,	0xc1,
	0x1211,	0xb5,
	0x1213,	0xc1,
	0x1241,	0xb5,
	0x1243,	0xc1,
	0x1261,	0xb5,
	0x1263,	0xc1,
	0x12a1,	0xb5,
	0x12a3,	0xc1,
	0x12c1,	0xb5,
	0x12c3,	0xc1,
	0x130d,	0xc3,
	0x130e,	0x00,
	0x130f,	0xef,
	0x1310,	0x00,
	0x1311,	0xff,
	0x1313,	0x2b,
	0x1314,	0x01,
	0x1315,	0x43,
	0x1316,	0x01,
	0x1317,	0x69,
	0x1514,	0x00,
	0x1515,	0xc9,
	0x1bd1,	0x85,
	0x1c01,	0xc3,
	0x1c02,	0x00,
	0x1c03,	0xef,
	0x1c04,	0x00,
	0x1c05,	0xff,
	0x1c06,	0x01,
	0x1c07,	0x2b,
	0x1c08,	0x01,
	0x1c09,	0x3b,
	0x24ef,	0x6b,
	0x2507,	0xb5,
	0x251d,	0xc1,
	0x25f9,	0xbf,
	0x25fa,	0x00,
	0x25fb,	0xc4,
	0x2611,	0xbf,
	0x2612,	0x00,
	0x2613,	0xc4,
	0x2629,	0xbf,
	0x262a,	0x00,
	0x262b,	0xc4,
	0x2649,	0xbf,
	0x264a,	0x00,
	0x264b,	0xc4,
	0x2665,	0xbf,
	0x2666,	0x00,
	0x2667,	0xc4,
	0x2685,	0xbf,
	0x2686,	0x00,
	0x2687,	0xc4,
	0x26a7,	0xb5,
	0x26d5,	0xc1,
	0x26ef,	0x6b,
	0x2705,	0xb3,
	0x2708,	0x00,
	0x2709,	0xef,
	0x270b,	0xc3,
	0x270d,	0x2b,
	0x270e,	0x00,
	0x270f,	0xff,
	0x2710,	0x01,
	0x2711,	0x69,
	0x2712,	0x01,
	0x2713,	0x3b,
	0x271d,	0xb3,
	0x2720,	0x00,
	0x2721,	0xef,
	0x2723,	0xc3,
	0x2725,	0x2b,
	0x2726,	0x00,
	0x2727,	0xff,
	0x2728,	0x01,
	0x2729,	0x69,
	0x272a,	0x01,
	0x272b,	0x3b,
	0x2735,	0xb3,
	0x2738,	0x00,
	0x2739,	0xef,
	0x273b,	0xc3,
	0x273d,	0x2b,
	0x273e,	0x00,
	0x273f,	0xff,
	0x2740,	0x01,
	0x2741,	0x69,
	0x2742,	0x01,
	0x2743,	0x3b,
	0x274d,	0xb3,
	0x2750,	0x00,
	0x2751,	0xef,
	0x2753,	0xc3,
	0x2755,	0x2b,
	0x2756,	0x00,
	0x2757,	0xff,
	0x2758,	0x01,
	0x2759,	0x69,
	0x275a,	0x01,
	0x275b,	0x3b,
	0x3010,	0x01,
	0x3402,	0xaf,
	0x3403,	0x19,
	0x3404,	0x19,
	0x3405,	0x0f,
	0x3406,	0x08,
	0x3408,	0x0f,
	0x3409,	0x08,
	0x340a,	0x03,
	0x341b,	0x30,
	0x344d,	0x02,
	0x344e,	0x02,
	0x3506,	0xf8,
	0x350d,	0x00,
	0x350e,	0xb1,
	0x3546,	0xf8,
	0x354d,	0x00,
	0x354e,	0xb1,
	0x3586,	0xf8,
	0x3608,	0x01,
	0x3622,	0x88,
	0x3623,	0x08,
	0x3691,	0x00,
	0x3692,	0x00,
	0x3696,	0x00,
	0x369a,	0x0f,
	0x369b,	0x00,
	0x36a5,	0x02,
	0x36a6,	0x40,
	0x36a7,	0x00,
	0x36b0,	0x84,
	0x36b1,	0x00,
	0x36c8,	0x01,
	0x3714,	0x62,
	0x37bc,	0x08,
	0x37c9,	0x00,
	0x3800,	0x01,
	0x3801,	0x00,
	0x3802,	0x03,
	0x3803,	0xa0,
	0x3804,	0x1f,
	0x3805,	0x1f,
	0x3806,	0x14,
	0x3807,	0x9f,
	0x3808,	0x0f,
	0x3809,	0x00,
	0x380a,	0x08,
	0x380b,	0x70,
	0x380c,	0x04,
	0x380d,	0xb0,
	0x380e,	0x03,
	0x380f,	0x41,
	0x3811,	0x08,
	0x3813,	0x09,
	0x3814,	0x11,
	0x3815,	0x11,
	0x3820,	0x46,
	0x3821,	0x10,
	0x3823,	0x04,
	0x3828,	0x02,
	0x3830,	0x02,
	0x3831,	0x12,
	0x3837,	0x04,
	0x383f,	0x00,
	0x384c,	0x04,
	0x384d,	0xb0,
	0x386d,	0x7c,
	0x3889,	0x08,
	0x388b,	0x08,
	0x388c,	0x0f,
	0x388d,	0x00,
	0x388e,	0x08,
	0x388f,	0x70,
	0x3894,	0x10,
	0x3896,	0x00,
	0x38a1,	0x1d,
	0x38a2,	0x98,
	0x38a4,	0x1d,
	0x38a5,	0x98,
	0x38a6,	0x20,
	0x38a9,	0x3b,
	0x38aa,	0x30,
	0x38ab,	0x00,
	0x38ad,	0x1d,
	0x38ae,	0x98,
	0x38b0,	0x01,
	0x38db,	0xe1,
	0x3f00,	0x06,
	0x3f30,	0x04,
	0x3f70,	0x06,
	0x3f72,	0x14,
	0x3f74,	0x14,
	0x3f76,	0x08,
	0x3f78,	0x08,
	0x3f7a,	0x08,
	0x3f7c,	0x0e,
	0x3f7e,	0x0e,
	0x3f80,	0x0e,
	0x3f8e,	0x08,
	0x3f90,	0x08,
	0x3f92,	0x08,
	0x400e,	0x1c,
	0x400f,	0x60,
	0x4010,	0xf4,
	0x4012,	0x50,
	0x4016,	0x1d,
	0x4018,	0x0f,
	0x4506,	0x01,
	0x4509,	0x07,
	0x450c,	0x00,
	0x450d,	0x60,
	0x4546,	0x04,
	0x4547,	0xb0,
	0x4549,	0x00,
	0x4580,	0x05,
	0x45c0,	0x41,
	0x45cb,	0xf0,
	0x45cc,	0x02,
	0x45cd,	0x00,
	0x45ce,	0x00,
	0x4602,	0x00,
	0x4603,	0x15,
	0x460b,	0x07,
	0x4640,	0x00,
	0x4641,	0xf0,
	0x4643,	0x0c,
	0x4680,	0x09,
	0x468e,	0x30,
	0x4690,	0x11,
	0x4692,	0x56,
	0x4693,	0x00,
	0x4695,	0x11,
	0x4697,	0x11,
	0x46c0,	0x01,
	0x46c2,	0x04,
	0x46cb,	0xff,
	0x4701,	0x3c,
	0x4703,	0x08,
	0x47c0,	0x05,
	0x47c2,	0x02,
	0x47c4,	0x05,
	0x47c6,	0x01,
	0x47c8,	0x05,
	0x47ca,	0x02,
	0x47cc,	0x05,
	0x47ce,	0x01,
	0x4808,	0x54,
	0x4813,	0x10,
	0x4836,	0x32,
	0x490e,	0x08,
	0x490f,	0x60,
	0x4910,	0x00,
	0x4912,	0x00,
	0x4a0e,	0x08,
	0x4a0f,	0x60,
	0x4a10,	0x00,
	0x4a12,	0x00,
	0x4b00,	0x00,
	0x4b10,	0x02,
	0x4b11,	0x06,
	0x4b12,	0x02,
	0x4b13,	0x06,
	0x4b14,	0x02,
	0x4b15,	0x06,
	0x4b16,	0x0a,
	0x4b17,	0x0e,
	0x4b20,	0x02,
	0x4b21,	0x06,
	0x4b22,	0x02,
	0x4b23,	0x06,
	0x4b24,	0x02,
	0x4b25,	0x06,
	0x4b26,	0x0a,
	0x4b27,	0x0e,
	0x4b30,	0x02,
	0x4b31,	0x06,
	0x4b32,	0x02,
	0x4b33,	0x06,
	0x4b34,	0x02,
	0x4b35,	0x06,
	0x4b36,	0x0a,
	0x4b37,	0x0e,
	0x4b3d,	0x00,
	0x4b3f,	0x00,
	0x4b41,	0x08,
	0x4b42,	0x00,
	0x4b43,	0x08,
	0x4b45,	0x08,
	0x4b46,	0x00,
	0x4b47,	0x08,
	0x4b48,	0x02,
	0x4b49,	0x00,
	0x4b4a,	0x01,
	0x4b4b,	0x00,
	0x4b51,	0x06,
	0x4b52,	0x02,
	0x4b53,	0x06,
	0x4b54,	0x02,
	0x4b55,	0x06,
	0x4b56,	0x0a,
	0x4b57,	0x0e,
	0x4b5a,	0x08,
	0x4b61,	0x06,
	0x4b62,	0x02,
	0x4b63,	0x06,
	0x4b64,	0x02,
	0x4b65,	0x06,
	0x4b66,	0x0a,
	0x4b67,	0x0e,
	0x4b6a,	0x08,
	0x4b71,	0x06,
	0x4b72,	0x02,
	0x4b73,	0x06,
	0x4b74,	0x02,
	0x4b75,	0x06,
	0x4b76,	0x0a,
	0x4b77,	0x0e,
	0x4b7a,	0x08,
	0x4b7d,	0x00,
	0x4b7f,	0x00,
	0x4b82,	0x00,
	0x4b83,	0x08,
	0x4b85,	0x08,
	0x4b86,	0x00,
	0x4b87,	0x08,
	0x4b88,	0x02,
	0x4b89,	0x00,
	0x4b8a,	0x01,
	0x4b8b,	0x00,
	0x4b91,	0x06,
	0x4b92,	0x02,
	0x4b93,	0x06,
	0x4b94,	0x02,
	0x4b95,	0x06,
	0x4b96,	0x0a,
	0x4b97,	0x0e,
	0x4b9a,	0x08,
	0x4ba1,	0x06,
	0x4ba2,	0x02,
	0x4ba3,	0x06,
	0x4ba4,	0x02,
	0x4ba5,	0x06,
	0x4ba6,	0x0a,
	0x4ba7,	0x0e,
	0x4baa,	0x08,
	0x4bb1,	0x06,
	0x4bb2,	0x02,
	0x4bb3,	0x06,
	0x4bb4,	0x02,
	0x4bb5,	0x06,
	0x4bb6,	0x0a,
	0x4bb7,	0x0e,
	0x4bba,	0x08,
	0x4bbd,	0x00,
	0x4bbf,	0x00,
	0x4bc2,	0x00,
	0x4bc3,	0x08,
	0x4bc5,	0x08,
	0x4bc6,	0x00,
	0x4bc7,	0x08,
	0x4bc8,	0x02,
	0x4bc9,	0x00,
	0x4bca,	0x01,
	0x4bcb,	0x00,
	0x5000,	0x0f,
	0x5001,	0x00,
	0x5002,	0x40,
	0x5003,	0xc0,
	0x5016,	0x11,
	0x5017,	0x00,
	0x50b3,	0x00,
	0x51a7,	0xc0,
	0x54a7,	0xc0,
	0x57a7,	0xc0,
	0x5a60,	0x7b,
	0x5b95,	0x45,
	0x5b97,	0x0c,
	0x5b98,	0x08,
	0x5b99,	0x00,
	0x5bc0,	0x1f,
	0x5e00,	0x7b,
	0x5f35,	0x45,
	0x5f37,	0x0c,
	0x5f38,	0x08,
	0x5f39,	0x00,
	0x5f60,	0x1f,
	0x6200,	0x60,
	0x6201,	0x00,
	0x6365,	0x00,
	0x6382,	0x03,
	0x6392,	0x03,
	0x64a0,	0x01,
	0x64a1,	0x00,
	0x64a2,	0x40,
	0xc400,	0x11,
	0xc405,	0x12,
	0xc406,	0x12,
	0xc407,	0x00,
	0xc408,	0x00,
	0xc409,	0x00,
	0xc40a,	0x00,
	0xc40b,	0x00,
	0xc40c,	0x00,
	0xc40d,	0x00,
	0xc40e,	0x00,
	0xc40f,	0x00,
	0xc410,	0x00,
	0xc411,	0x00,
	0xc412,	0x00,
	0xc413,	0x00,
	0xc414,	0x00,
	0xc41c,	0x00,
	0xc41e,	0x00,
	0xc420,	0x00,
	0xc422,	0x00,
	0xc424,	0x00,
	0xc426,	0x00,
	0xc428,	0x00,
	0xc42a,	0x00,
	0xc42c,	0x00,
	0xc42e,	0x00,
	0xc430,	0x00,
	0xc432,	0x00,
	0xc434,	0x00,
	0xc435,	0x12,
	0xc436,	0x12,
	0xc437,	0x00,
	0xc438,	0x00,
	0xc439,	0x00,
	0xc43a,	0x00,
	0xc43b,	0x00,
	0xc43c,	0x00,
	0xc43d,	0x00,
	0xc43e,	0x00,
	0xc43f,	0x00,
	0xc440,	0x00,
	0xc441,	0x00,
	0xc442,	0x00,
	0xc443,	0x00,
	0xc444,	0x00,
	0xc464,	0x60,
	0xc465,	0x60,
	0xc466,	0x60,
	0xc804,	0x1d,
	0xc805,	0x1d,
	0xc806,	0x1c,
	0xc807,	0x1c,
	0xc808,	0x16,
	0xc809,	0x10,
	0xc80c,	0x0f,
	0xc81d,	0x03,
	0xc81e,	0x03,
	0xc820,	0x03,
	0xc829,	0x01,
	0xc82a,	0x10,
	0xc82b,	0x15,
	0xc82c,	0x1b,
	0xc82d,	0x1c,
	0xc85a,	0x3f,
	0xc85b,	0x3f,
	0xc85c,	0x3f,
	0xc85d,	0x3f,
	0xc85e,	0x3f,
	0xc85f,	0x3f,
	0xc860,	0x2d,
	0xc861,	0x2d,
	0xc862,	0x3f,
	0xc863,	0x2d,
	0xc864,	0x2d,
	0xc865,	0x3f,
	0xc873,	0x10,
	0xc874,	0x10,
	0xc875,	0x10,
	0xc898,	0x0b,
	0xc899,	0x00,
	0xc89a,	0x00,
	0xc89b,	0x00,
	0xc89c,	0x00,
	0xc89d,	0xea,
	0xc8a5,	0x1f,
	0xc8a6,	0x12,
	0xc8a7,	0x0b,
	0xc8a8,	0x0f,
	0xc8aa,	0x00,
	0xc8b1,	0x06,
	0xc8b2,	0x0a,
	0xc8b3,	0x18,
	0xc8b4,	0x37,
	0xc8b5,	0x00,
	0xc8b6,	0x00,
	0xc8b7,	0x0b,
	0xc8b8,	0x0b,
	0xc8b9,	0x16,
	0xc8ba,	0x2c,
	0xc8bb,	0x00,
	0xc8bc,	0x00,
	0xc8bd,	0x02,
	0xc8be,	0x02,
	0xc8bf,	0x04,
	0xc8c3,	0x0a,
	0xc8c4,	0x0a,
	0xc8c5,	0x0a,
	0xc8ca,	0x00,
	0xc8cb,	0x03,
	0xc8cc,	0x12,
	0xc8cd,	0x04,
	0xc8ce,	0x03,
	0xc8cf,	0x03,
	0xc8d0,	0x03,
	0xc8d1,	0x01,
	0xc8d2,	0x02,
	0xc8d3,	0x01,
	0xc8d4,	0x01,
	0xc8d5,	0x02,
	0xc8d6,	0x02,
	0xc8d7,	0x68,
	0xc8d8,	0x67,
	0xc8d9,	0x67,
	0xc8da,	0x03,
	0xc8db,	0x66,
	0xc8dc,	0x66,
	0xc8dd,	0x66,
	0xc8de,	0x66,
	0xc8df,	0x66,
	0xc8e0,	0x66,
	0xc8e1,	0x66,
	0xc8e2,	0x66,
	0xc8e3,	0x66,
	0xc8e4,	0x66,
	0xc8e5,	0x0f,
	0xc8e6,	0x0f,
	0xc8e7,	0x0f,
	0xc8e9,	0x0f,
	0xc8ea,	0x0f,
	0xc8eb,	0x0f,
	0xc8ec,	0x0f,
	0xc8ed,	0x0f,
	0xc8ee,	0x0f,
	0xc8f3,	0x1e,
	0xc8f4,	0x1e,
	0xc8f5,	0x16,
	0xc8f6,	0x08,
	0xc8f7,	0x10,
	0xc8f8,	0x18,
	0xc8f9,	0x05,
	0xc8fa,	0x05,
	0xc8fb,	0x0a,
	0xc8fc,	0x0a,
	0xc8fd,	0x00,
	0xc8fe,	0x00,
	0xc8ff,	0x00,
	0xc900,	0x00,
	0xc903,	0x0b,
	0xc904,	0x11,
	0xc906,	0x1a,
	0xc907,	0x1a,
	0xc908,	0x1a,
	0xc924,	0x03,
	0xc925,	0x03,
	0xc930,	0x05,
	0xc931,	0x13,
	0xc933,	0x1d,
	0xc95c,	0x34,
	0xc95d,	0x3f,
	0xc95e,	0x3f,
	0xc95f,	0x34,
	0xc960,	0x3f,
	0xc961,	0x3f,
	0xc962,	0x22,
	0xc963,	0x3f,
	0xc964,	0x3f,
	0xc965,	0x22,
	0xc966,	0x3f,
	0xc967,	0x3f,
	0xc975,	0x10,
	0xc976,	0x10,
	0xc977,	0x10,
	0xc999,	0x3f,
	0xc99a,	0x00,
	0xc99c,	0x00,
	0xc99d,	0x00,
	0xc99f,	0xd7,
	0xc9a7,	0x2e,
	0xc9a8,	0x2b,
	0xc9a9,	0x00,
	0xc9aa,	0x00,
	0xc9b3,	0x06,
	0xc9b4,	0x04,
	0xc9b5,	0x08,
	0xc9b9,	0x0b,
	0xc9ba,	0x0a,
	0xc9bb,	0x0b,
	0xc9bf,	0x02,
	0xc9c0,	0x02,
	0xc9c1,	0x0e,
	0xc9c2,	0x24,
	0xc9c5,	0x0a,
	0xc9c7,	0x14,
	0xc9c8,	0x27,
	0xc9cc,	0x01,
	0xc9cd,	0x01,
	0xc9ce,	0x00,
	0xc9cf,	0x01,
	0xc9d0,	0x02,
	0xc9d1,	0x00,
	0xc9d2,	0x00,
	0xc9d3,	0x00,
	0xc9d4,	0x00,
	0xc9d9,	0x9c,
	0xc9da,	0x9b,
	0xc9db,	0x9b,
	0xc9dc,	0x57,
	0xc9dd,	0x99,
	0xc9de,	0x99,
	0xc9df,	0x9c,
	0xc9e0,	0x9c,
	0xc9e1,	0x9c,
	0xc9e2,	0x9c,
	0xc9e3,	0x9c,
	0xc9e4,	0x9c,
	0xc9e5,	0x9c,
	0xc9e6,	0x9c,
	0xc9ea,	0x0f,
	0xc9eb,	0x0f,
	0xc9ec,	0x0f,
	0xc9f5,	0x14,
	0xc9f6,	0x0f,
	0xc9f7,	0x0f,
	0xc9f8,	0x0a,
	0xc9f9,	0x06,
	0xc9fa,	0x10,
	0xc9fb,	0x00,
	0xc9fc,	0x00,
	0xc9fd,	0x00,
	0xc9fe,	0x00,
	0xca0b,	0x0b,
	0xca0c,	0x11,
	0xca0e,	0x1a,
	0xca0f,	0x1a,
	0xca10,	0x1a,
	0xca17,	0x81,
	0xca1b,	0x3e,
	0xd013,	0x37,
	0xd023,	0x37,
	0xd027,	0x36,
	0xd02b,	0x96,
	0xd02f,	0x7a,
	0xd034,	0x00,
	0xd03b,	0x7a,
	0xd083,	0x00,
	0xd087,	0x02,
	0xd08f,	0x00,
	0xd093,	0x02,
	0xd0a7,	0x02,
	0xd0ab,	0x09,
	0xd0af,	0x00,
	0xd0b3,	0x00,
	0xd0bb,	0x08,
	0xd0c3,	0x10,
	0xd0ce,	0x41,
	0xd0cf,	0x05,
	0xd143,	0x50,
	0xd1f9,	0xb5,
	0xd1fb,	0xc1,
	0xd211,	0xb5,
	0xd213,	0xc1,
	0xd241,	0xb5,
	0xd243,	0xc1,
	0xd261,	0xb5,
	0xd263,	0xc1,
	0xd2a1,	0xb5,
	0xd2a3,	0xc1,
	0xd2c1,	0xb5,
	0xd2c3,	0xc1,
	0xd309,	0xc3,
	0xd30a,	0x00,
	0xd30b,	0xef,
	0xd30d,	0xff,
	0xd30e,	0x01,
	0xd30f,	0x73,
	0xd514,	0x00,
	0xd515,	0xc9,
	0xdbfd,	0xc3,
	0xdbff,	0xef,
	0xdc01,	0xff,
	0xddf7,	0x42,
	0xde7b,	0x42,
	0xdeef,	0x42,
	0xdf37,	0x42,
	0xe30c,	0x00,
	0xe30d,	0xd1,
	0xe30e,	0x00,
	0xe30f,	0xe7,
	0xe310,	0x01,
	0xe311,	0x0d,
	0xe312,	0x01,
	0xe313,	0x69,
	0xe4d7,	0xb5,
	0xe4ed,	0xc1,
	0xe507,	0xb5,
	0xe51d,	0xc1,
	0xe5f9,	0xbf,
	0xe5fa,	0x00,
	0xe5fb,	0xc4,
	0xe611,	0xbf,
	0xe612,	0x00,
	0xe613,	0xc4,
	0xe629,	0xbf,
	0xe62a,	0x00,
	0xe62b,	0xc4,
	0xe649,	0xbf,
	0xe64a,	0x00,
	0xe64b,	0xc4,
	0xe665,	0xbf,
	0xe666,	0x00,
	0xe667,	0xc4,
	0xe685,	0xbf,
	0xe686,	0x00,
	0xe687,	0xc4,
	0xe6a7,	0xb5,
	0xe6bf,	0xb5,
	0xe6d5,	0xc1,
	0xe6ed,	0xc1,
	0xe708,	0x00,
	0xe709,	0xef,
	0xe70b,	0xc3,
	0xe70c,	0x01,
	0xe70d,	0x73,
	0xe70f,	0xff,
	0xe720,	0x00,
	0xe721,	0xef,
	0xe723,	0xc3,
	0xe724,	0x01,
	0xe725,	0x73,
	0xe727,	0xff,
	0xe738,	0x00,
	0xe739,	0xef,
	0xe73b,	0xc3,
	0xe73c,	0x01,
	0xe73d,	0x73,
	0xe73f,	0xff,
	0xe750,	0x00,
	0xe751,	0xef,
	0xe753,	0xc3,
	0xe754,	0x01,
	0xe755,	0x73,
	0xe757,	0xff,
	// ois off
	0x3002, 0x00,	//	bit[7] = 1 ; set VSYNC as output
	0x3680, 0x00,	//	assign VSYNC for OIS pin
	0x38f3, 0x00,	//	Enable OIS function
	0x38f4, 0x08,	//	bit[7:0] offset1[7:0]
	0x38f5, 0x00,	//	bit[7:4] for offset2[11:8]; bit[3:0] for offset1[11:8]
	0x38f6, 0x08,	//	bit[7:4] offset2[7:0]
	0x38af, 0x40,	//	Bit[6]: OIS function signal polarity
};

// custom22 mode 26: 16:9；fake14 bit； 60fps
//mode20 setting 4096x2304_4C2PlusSCG_14bit_60.5fps_AG64_PDVC_4096x576
// XiaoMi_O12U_OVX9500_setting_0415_V2.0_for_XIAOMI
static u16 warholovx9500wide_custom22_setting[] = {
	0x0345,	0x45,
	0x0360,	0x01,
	0x100f,	0x62,
	0x101f,	0x62,
	0x1023,	0x37,
	0x1027,	0x4b,
	0x102b,	0xa2,
	0x102f,	0xd0,
	0x1034,	0x00,
	0x103b,	0xd0,
	0x1040,	0x00,
	0x1047,	0xb4,
	0x107a,	0x88,
	0x107b,	0x08,
	0x107e,	0x8b,
	0x107f,	0x03,
	0x1083,	0x0a,
	0x1087,	0x33,
	0x1093,	0x58,
	0x10a7,	0x02,
	0x10ab,	0x00,
	0x10ae,	0x8d,
	0x10af,	0x02,
	0x10b2,	0x8f,
	0x10b6,	0x92,
	0x10b7,	0x03,
	0x10ba,	0x95,
	0x10bb,	0x04,
	0x10be,	0x97,
	0x10c2,	0x9b,
	0x10c3,	0x10,
	0x10c6,	0x00,
	0x10c7,	0x00,
	0x1141,	0x00,
	0x1143,	0x00,
	0x11f9,	0xb5,
	0x11fb,	0xc1,
	0x1211,	0xb5,
	0x1213,	0xc1,
	0x1241,	0xb5,
	0x1243,	0xc1,
	0x1261,	0xb5,
	0x1263,	0xc1,
	0x12a1,	0xb5,
	0x12a3,	0xc1,
	0x12c1,	0xb5,
	0x12c3,	0xc1,
	0x130d,	0xc3,
	0x130e,	0x00,
	0x130f,	0xef,
	0x1310,	0x00,
	0x1311,	0xff,
	0x1313,	0x2b,
	0x1314,	0x01,
	0x1315,	0x43,
	0x1316,	0x01,
	0x1317,	0x69,
	0x1514,	0x00,
	0x1515,	0xc9,
	0x1bd1,	0x85,
	0x1c01,	0xc3,
	0x1c02,	0x00,
	0x1c03,	0xef,
	0x1c04,	0x00,
	0x1c05,	0xff,
	0x1c06,	0x01,
	0x1c07,	0x2b,
	0x1c08,	0x01,
	0x1c09,	0x3b,
	0x24ef,	0x6b,
	0x2507,	0xb5,
	0x251d,	0xc1,
	0x25f9,	0xbf,
	0x25fa,	0x00,
	0x25fb,	0xc4,
	0x2611,	0xbf,
	0x2612,	0x00,
	0x2613,	0xc4,
	0x2629,	0xbf,
	0x262a,	0x00,
	0x262b,	0xc4,
	0x2649,	0xbf,
	0x264a,	0x00,
	0x264b,	0xc4,
	0x2665,	0xbf,
	0x2666,	0x00,
	0x2667,	0xc4,
	0x2685,	0xbf,
	0x2686,	0x00,
	0x2687,	0xc4,
	0x26a7,	0xb5,
	0x26d5,	0xc1,
	0x26ef,	0x6b,
	0x2705,	0xb3,
	0x2708,	0x00,
	0x2709,	0xef,
	0x270b,	0xc3,
	0x270d,	0x2b,
	0x270e,	0x00,
	0x270f,	0xff,
	0x2710,	0x01,
	0x2711,	0x69,
	0x2712,	0x01,
	0x2713,	0x3b,
	0x271d,	0xb3,
	0x2720,	0x00,
	0x2721,	0xef,
	0x2723,	0xc3,
	0x2725,	0x2b,
	0x2726,	0x00,
	0x2727,	0xff,
	0x2728,	0x01,
	0x2729,	0x69,
	0x272a,	0x01,
	0x272b,	0x3b,
	0x2735,	0xb3,
	0x2738,	0x00,
	0x2739,	0xef,
	0x273b,	0xc3,
	0x273d,	0x2b,
	0x273e,	0x00,
	0x273f,	0xff,
	0x2740,	0x01,
	0x2741,	0x69,
	0x2742,	0x01,
	0x2743,	0x3b,
	0x274d,	0xb3,
	0x2750,	0x00,
	0x2751,	0xef,
	0x2753,	0xc3,
	0x2755,	0x2b,
	0x2756,	0x00,
	0x2757,	0xff,
	0x2758,	0x01,
	0x2759,	0x69,
	0x275a,	0x01,
	0x275b,	0x3b,
	0x3010,	0x01,
	0x3402,	0xaf,
	0x3403,	0x19,
	0x3404,	0x19,
	0x3405,	0x0f,
	0x3406,	0x08,
	0x3408,	0x0f,
	0x3409,	0x08,
	0x340a,	0x03,
	0x341b,	0x30,
	0x344d,	0x02,
	0x344e,	0x02,
	0x3506,	0xf8,
	0x350d,	0x00,
	0x350e,	0xb1,
	0x3546,	0xf8,
	0x354d,	0x00,
	0x354e,	0xb1,
	0x3586,	0xf8,
	0x3608,	0x00,
	0x3622,	0xa8,
	0x3623,	0x04,
	0x3691,	0x00,
	0x3692,	0x00,
	0x3696,	0x00,
	0x369a,	0x0b,
	0x369b,	0x40,
	0x36a5,	0x22,
	0x36a6,	0x80,
	0x36a7,	0x00,
	0x36b0,	0x84,
	0x36b1,	0x00,
	0x36c8,	0x00,
	0x3714,	0x68,
	0x37bc,	0x38,
	0x37c9,	0x00,
	0x3800,	0x0a,
	0x3801,	0x60,
	0x3802,	0x07,
	0x3803,	0xc0,
	0x3804,	0x15,
	0x3805,	0xbf,
	0x3806,	0x10,
	0x3807,	0x7f,
	0x3808,	0x0b,
	0x3809,	0x40,
	0x380a,	0x08,
	0x380b,	0x70,
	0x380c,	0x04,
	0x380d,	0xb0,
	0x380e,	0x0d,
	0x380f,	0x05,
	0x3811,	0x10,
	0x3813,	0x2a,
	0x3814,	0x11,
	0x3815,	0x11,
	0x3820,	0x44,
	0x3821,	0x00,
	0x3823,	0x04,
	0x3828,	0x08,
	0x3830,	0x08,
	0x3831,	0x10,
	0x3837,	0x10,
	0x383f,	0x00,
	0x384c,	0x04,
	0x384d,	0xb0,
	0x386d,	0x7c,
	0x3889,	0x10,
	0x388b,	0x28,
	0x388c,	0x0b,
	0x388d,	0x40,
	0x388e,	0x08,
	0x388f,	0x70,
	0x3894,	0x10,
	0x3896,	0x00,
	0x38a1,	0x1d,
	0x38a2,	0x98,
	0x38a4,	0x1d,
	0x38a5,	0x98,
	0x38a6,	0x20,
	0x38a9,	0x3b,
	0x38aa,	0x30,
	0x38ab,	0x00,
	0x38ad,	0x1d,
	0x38ae,	0x98,
	0x38b0,	0x01,
	0x38db,	0xe1,
	0x3f00,	0x04,
	0x3f30,	0x0b,
	0x3f70,	0x0a,
	0x3f72,	0x0a,
	0x3f74,	0x0a,
	0x3f76,	0x16,
	0x3f78,	0x16,
	0x3f7a,	0x16,
	0x3f7c,	0x0e,
	0x3f7e,	0x0e,
	0x3f80,	0x0e,
	0x3f8e,	0x0a,
	0x3f90,	0x0a,
	0x3f92,	0x0a,
	0x400e,	0x14,
	0x400f,	0x30,
	0x4010,	0xf4,
	0x4012,	0x50,
	0x4016,	0x3d,
	0x4018,	0x1f,
	0x4506,	0x01,
	0x4509,	0x07,
	0x450c,	0x00,
	0x450d,	0x30,
	0x4546,	0x09,
	0x4547,	0x60,
	0x4549,	0x00,
	0x4580,	0x05,
	0x45c0,	0x05,
	0x45cb,	0xff,
	0x45cc,	0x02,
	0x45cd,	0x00,
	0x45ce,	0x00,
	0x4602,	0x00,
	0x4603,	0x15,
	0x460b,	0x07,
	0x4640,	0x00,
	0x4641,	0x5a,
	0x4643,	0x08,
	0x4680,	0x19,
	0x468e,	0x30,
	0x4690,	0x12,
	0x4692,	0x56,
	0x4693,	0x00,
	0x4695,	0x11,
	0x4697,	0x11,
	0x46c0,	0x01,
	0x46c2,	0x04,
	0x46cb,	0xff,
	0x4701,	0x2d,
	0x4703,	0x08,
	0x47c0,	0x05,
	0x47c2,	0x02,
	0x47c4,	0x05,
	0x47c6,	0x01,
	0x47c8,	0x05,
	0x47ca,	0x02,
	0x47cc,	0x05,
	0x47ce,	0x01,
	0x4808,	0x54,
	0x4813,	0x10,
	0x4836,	0x32,
	0x490e,	0x00,
	0x490f,	0x30,
	0x4910,	0x00,
	0x4912,	0x00,
	0x4a0e,	0x00,
	0x4a0f,	0x30,
	0x4a10,	0x00,
	0x4a12,	0x00,
	0x4b00,	0x00,
	0x4b10,	0x02,
	0x4b11,	0x06,
	0x4b12,	0x02,
	0x4b13,	0x06,
	0x4b14,	0x02,
	0x4b15,	0x06,
	0x4b16,	0x0a,
	0x4b17,	0x0e,
	0x4b20,	0x02,
	0x4b21,	0x06,
	0x4b22,	0x02,
	0x4b23,	0x06,
	0x4b24,	0x02,
	0x4b25,	0x06,
	0x4b26,	0x0a,
	0x4b27,	0x0e,
	0x4b30,	0x02,
	0x4b31,	0x06,
	0x4b32,	0x02,
	0x4b33,	0x06,
	0x4b34,	0x02,
	0x4b35,	0x06,
	0x4b36,	0x0a,
	0x4b37,	0x0e,
	0x4b3d,	0x00,
	0x4b3f,	0x00,
	0x4b41,	0x08,
	0x4b42,	0x00,
	0x4b43,	0x08,
	0x4b45,	0x08,
	0x4b46,	0x00,
	0x4b47,	0x08,
	0x4b48,	0x02,
	0x4b49,	0x00,
	0x4b4a,	0x01,
	0x4b4b,	0x00,
	0x4b51,	0x06,
	0x4b52,	0x02,
	0x4b53,	0x06,
	0x4b54,	0x02,
	0x4b55,	0x06,
	0x4b56,	0x0a,
	0x4b57,	0x0e,
	0x4b5a,	0x08,
	0x4b61,	0x06,
	0x4b62,	0x02,
	0x4b63,	0x06,
	0x4b64,	0x02,
	0x4b65,	0x06,
	0x4b66,	0x0a,
	0x4b67,	0x0e,
	0x4b6a,	0x08,
	0x4b71,	0x06,
	0x4b72,	0x02,
	0x4b73,	0x06,
	0x4b74,	0x02,
	0x4b75,	0x06,
	0x4b76,	0x0a,
	0x4b77,	0x0e,
	0x4b7a,	0x08,
	0x4b7d,	0x00,
	0x4b7f,	0x00,
	0x4b82,	0x00,
	0x4b83,	0x08,
	0x4b85,	0x08,
	0x4b86,	0x00,
	0x4b87,	0x08,
	0x4b88,	0x02,
	0x4b89,	0x00,
	0x4b8a,	0x01,
	0x4b8b,	0x00,
	0x4b91,	0x06,
	0x4b92,	0x02,
	0x4b93,	0x06,
	0x4b94,	0x02,
	0x4b95,	0x06,
	0x4b96,	0x0a,
	0x4b97,	0x0e,
	0x4b9a,	0x08,
	0x4ba1,	0x06,
	0x4ba2,	0x02,
	0x4ba3,	0x06,
	0x4ba4,	0x02,
	0x4ba5,	0x06,
	0x4ba6,	0x0a,
	0x4ba7,	0x0e,
	0x4baa,	0x08,
	0x4bb1,	0x06,
	0x4bb2,	0x02,
	0x4bb3,	0x06,
	0x4bb4,	0x02,
	0x4bb5,	0x06,
	0x4bb6,	0x0a,
	0x4bb7,	0x0e,
	0x4bba,	0x08,
	0x4bbd,	0x00,
	0x4bbf,	0x00,
	0x4bc2,	0x00,
	0x4bc3,	0x08,
	0x4bc5,	0x08,
	0x4bc6,	0x00,
	0x4bc7,	0x08,
	0x4bc8,	0x02,
	0x4bc9,	0x00,
	0x4bca,	0x01,
	0x4bcb,	0x00,
	0x5000,	0x5f,
	0x5001,	0x00,
	0x5002,	0x40,
	0x5003,	0xc0,
	0x5016,	0x11,
	0x5017,	0x00,
	0x50b3,	0x00,
	0x51a7,	0xc0,
	0x54a7,	0xc0,
	0x57a7,	0xc0,
	0x5a60,	0x7b,
	0x5b95,	0x45,
	0x5b97,	0x0c,
	0x5b98,	0x08,
	0x5b99,	0x00,
	0x5bc0,	0x1f,
	0x5e00,	0x7b,
	0x5f35,	0x45,
	0x5f37,	0x0c,
	0x5f38,	0x08,
	0x5f39,	0x00,
	0x5f60,	0x1f,
	0x6200,	0x21,
	0x6201,	0x20,
	0x6365,	0x00,
	0x6382,	0x04,
	0x6392,	0x04,
	0x64a0,	0x01,
	0x64a1,	0x00,
	0x64a2,	0x40,
	0xc400,	0x10,
	0xc405,	0x0a,
	0xc406,	0x0a,
	0xc407,	0x0a,
	0xc408,	0x0a,
	0xc409,	0x0a,
	0xc40a,	0x0a,
	0xc40b,	0x0a,
	0xc40c,	0x0a,
	0xc40d,	0x0a,
	0xc40e,	0x0a,
	0xc40f,	0x0a,
	0xc410,	0x0a,
	0xc411,	0x0a,
	0xc412,	0x0a,
	0xc413,	0x0a,
	0xc414,	0x0a,
	0xc41c,	0xc8,
	0xc41e,	0xc8,
	0xc420,	0xc8,
	0xc422,	0xc8,
	0xc424,	0xc8,
	0xc426,	0xc8,
	0xc428,	0xc8,
	0xc42a,	0xc8,
	0xc42c,	0xc8,
	0xc42e,	0xc8,
	0xc430,	0xc8,
	0xc432,	0xc8,
	0xc434,	0xc8,
	0xc435,	0x0a,
	0xc436,	0x0a,
	0xc437,	0x0a,
	0xc438,	0x0a,
	0xc439,	0x0a,
	0xc43a,	0x0a,
	0xc43b,	0x0a,
	0xc43c,	0x0a,
	0xc43d,	0x0a,
	0xc43e,	0x0a,
	0xc43f,	0x0a,
	0xc440,	0x0a,
	0xc441,	0x0a,
	0xc442,	0x0a,
	0xc443,	0x0a,
	0xc444,	0x0a,
	0xc464,	0x30,
	0xc465,	0x30,
	0xc466,	0x30,
	0xc804,	0x1e,
	0xc805,	0x1e,
	0xc806,	0x1d,
	0xc807,	0x1d,
	0xc808,	0x16,
	0xc809,	0x10,
	0xc80c,	0x3f,
	0xc81d,	0x03,
	0xc81e,	0x03,
	0xc820,	0x03,
	0xc829,	0x01,
	0xc82a,	0x10,
	0xc82b,	0x15,
	0xc82c,	0x1b,
	0xc82d,	0x1c,
	0xc85a,	0x2d,
	0xc85b,	0x2d,
	0xc85c,	0x1d,
	0xc85d,	0x2d,
	0xc85e,	0x2d,
	0xc85f,	0x1d,
	0xc860,	0x24,
	0xc861,	0x25,
	0xc862,	0x1d,
	0xc863,	0x24,
	0xc864,	0x25,
	0xc865,	0x1d,
	0xc873,	0x10,
	0xc874,	0x10,
	0xc875,	0x10,
	0xc898,	0x1b,
	0xc899,	0x1b,
	0xc89a,	0x2b,
	0xc89b,	0x1a,
	0xc89c,	0x1b,
	0xc89d,	0xfe,
	0xc8a5,	0x15,
	0xc8a6,	0x0f,
	0xc8a7,	0x09,
	0xc8a8,	0x08,
	0xc8aa,	0x07,
	0xc8b1,	0x06,
	0xc8b2,	0x10,
	0xc8b3,	0x24,
	0xc8b4,	0x40,
	0xc8b5,	0x3e,
	0xc8b6,	0x40,
	0xc8b7,	0x0c,
	0xc8b8,	0x0c,
	0xc8b9,	0x16,
	0xc8ba,	0x2a,
	0xc8bb,	0x28,
	0xc8bc,	0x24,
	0xc8bd,	0x00,
	0xc8be,	0x00,
	0xc8bf,	0x00,
	0xc8c3,	0x00,
	0xc8c4,	0x00,
	0xc8c5,	0x00,
	0xc8ca,	0x02,
	0xc8cb,	0x01,
	0xc8cc,	0x0d,
	0xc8cd,	0x02,
	0xc8ce,	0x03,
	0xc8cf,	0x02,
	0xc8d0,	0x03,
	0xc8d1,	0x00,
	0xc8d2,	0x02,
	0xc8d3,	0x00,
	0xc8d4,	0x00,
	0xc8d5,	0x00,
	0xc8d6,	0x00,
	0xc8d7,	0x68,
	0xc8d8,	0x68,
	0xc8d9,	0x68,
	0xc8da,	0x03,
	0xc8db,	0x66,
	0xc8dc,	0x66,
	0xc8dd,	0x66,
	0xc8de,	0x66,
	0xc8df,	0x66,
	0xc8e0,	0x66,
	0xc8e1,	0x67,
	0xc8e2,	0x67,
	0xc8e3,	0x67,
	0xc8e4,	0x67,
	0xc8e5,	0x0f,
	0xc8e6,	0x0f,
	0xc8e7,	0x0f,
	0xc8e9,	0x0f,
	0xc8ea,	0x0f,
	0xc8eb,	0x0f,
	0xc8ec,	0x0f,
	0xc8ed,	0x0f,
	0xc8ee,	0x0f,
	0xc8f3,	0x13,
	0xc8f4,	0x16,
	0xc8f5,	0x16,
	0xc8f6,	0x10,
	0xc8f7,	0x1a,
	0xc8f8,	0x15,
	0xc8f9,	0x10,
	0xc8fa,	0x10,
	0xc8fb,	0x10,
	0xc8fc,	0x14,
	0xc8fd,	0x14,
	0xc8fe,	0x1e,
	0xc8ff,	0x1e,
	0xc900,	0x16,
	0xc903,	0x0b,
	0xc904,	0x11,
	0xc906,	0x1a,
	0xc907,	0x1a,
	0xc908,	0x1a,
	0xc924,	0x03,
	0xc925,	0x03,
	0xc930,	0x05,
	0xc931,	0x13,
	0xc933,	0x1d,
	0xc95c,	0x2d,
	0xc95d,	0x25,
	0xc95e,	0x1b,
	0xc95f,	0x2d,
	0xc960,	0x25,
	0xc961,	0x1b,
	0xc962,	0x2d,
	0xc963,	0x1b,
	0xc964,	0x1b,
	0xc965,	0x2d,
	0xc966,	0x1b,
	0xc967,	0x1b,
	0xc975,	0x10,
	0xc976,	0x10,
	0xc977,	0x10,
	0xc999,	0x38,
	0xc99a,	0x00,
	0xc99c,	0x13,
	0xc99d,	0x21,
	0xc99f,	0xaa,
	0xc9a7,	0x00,
	0xc9a8,	0x20,
	0xc9a9,	0x00,
	0xc9aa,	0x00,
	0xc9b3,	0x06,
	0xc9b4,	0x06,
	0xc9b5,	0x0a,
	0xc9b9,	0x0a,
	0xc9ba,	0x0a,
	0xc9bb,	0x0a,
	0xc9bf,	0x00,
	0xc9c0,	0x04,
	0xc9c1,	0x07,
	0xc9c2,	0x07,
	0xc9c5,	0x00,
	0xc9c7,	0x14,
	0xc9c8,	0x26,
	0xc9cc,	0x00,
	0xc9cd,	0x00,
	0xc9ce,	0x08,
	0xc9cf,	0x01,
	0xc9d0,	0x02,
	0xc9d1,	0x01,
	0xc9d2,	0x02,
	0xc9d3,	0x01,
	0xc9d4,	0x02,
	0xc9d9,	0x9c,
	0xc9da,	0x9c,
	0xc9db,	0x9c,
	0xc9dc,	0x59,
	0xc9dd,	0x9c,
	0xc9de,	0x9c,
	0xc9df,	0x9c,
	0xc9e0,	0x9c,
	0xc9e1,	0x9c,
	0xc9e2,	0x9c,
	0xc9e3,	0x9c,
	0xc9e4,	0x9c,
	0xc9e5,	0x9c,
	0xc9e6,	0x9c,
	0xc9ea,	0x0f,
	0xc9eb,	0x0f,
	0xc9ec,	0x0f,
	0xc9f5,	0x12,
	0xc9f6,	0x12,
	0xc9f7,	0x08,
	0xc9f8,	0x12,
	0xc9f9,	0x0a,
	0xc9fa,	0x08,
	0xc9fb,	0x08,
	0xc9fc,	0x10,
	0xc9fd,	0x16,
	0xc9fe,	0x1f,
	0xca0b,	0x0b,
	0xca0c,	0x11,
	0xca0e,	0x1a,
	0xca0f,	0x1a,
	0xca10,	0x1a,
	0xca17,	0x21,
	0xca1b,	0x3f,
	0xd013,	0x36,
	0xd023,	0x36,
	0xd027,	0x64,
	0xd02b,	0xf0,
	0xd02f,	0x73,
	0xd034,	0x01,
	0xd03b,	0xd3,
	0xd083,	0x08,
	0xd087,	0x53,
	0xd08f,	0x08,
	0xd093,	0x53,
	0xd0a7,	0x04,
	0xd0ab,	0x08,
	0xd0af,	0x03,
	0xd0b3,	0x08,
	0xd0bb,	0x0d,
	0xd0c3,	0x08,
	0xd0ce,	0x00,
	0xd0cf,	0x00,
	0xd143,	0x8c,
	0xd1f9,	0xf1,
	0xd1fb,	0xfd,
	0xd211,	0xf1,
	0xd213,	0xfd,
	0xd241,	0xf1,
	0xd243,	0xfd,
	0xd261,	0xf1,
	0xd263,	0xfd,
	0xd2a1,	0xf1,
	0xd2a3,	0xfd,
	0xd2c1,	0xf1,
	0xd2c3,	0xfd,
	0xd309,	0xff,
	0xd30a,	0x01,
	0xd30b,	0x73,
	0xd30d,	0x00,
	0xd30e,	0x00,
	0xd30f,	0x00,
	0xd514,	0x01,
	0xd515,	0x05,
	0xdbfd,	0xff,
	0xdbff,	0x00,
	0xdc01,	0x00,
	0xddf7,	0x41,
	0xde7b,	0x41,
	0xdeef,	0x41,
	0xdf37,	0x41,
	0xe30c,	0x01,
	0xe30d,	0x0d,
	0xe30e,	0x01,
	0xe30f,	0x69,
	0xe310,	0x00,
	0xe311,	0x00,
	0xe312,	0x00,
	0xe313,	0x00,
	0xe4d7,	0xf1,
	0xe4ed,	0xfd,
	0xe507,	0xf1,
	0xe51d,	0xfd,
	0xe5f9,	0xfb,
	0xe5fa,	0x01,
	0xe5fb,	0x00,
	0xe611,	0xfb,
	0xe612,	0x01,
	0xe613,	0x00,
	0xe629,	0xfb,
	0xe62a,	0x01,
	0xe62b,	0x00,
	0xe649,	0xfb,
	0xe64a,	0x01,
	0xe64b,	0x00,
	0xe665,	0xfb,
	0xe666,	0x01,
	0xe667,	0x00,
	0xe685,	0xfb,
	0xe686,	0x01,
	0xe687,	0x00,
	0xe6a7,	0xf1,
	0xe6bf,	0xf1,
	0xe6d5,	0xfd,
	0xe6ed,	0xfd,
	0xe708,	0x01,
	0xe709,	0x73,
	0xe70b,	0xff,
	0xe70c,	0x00,
	0xe70d,	0x00,
	0xe70f,	0x00,
	0xe720,	0x01,
	0xe721,	0x73,
	0xe723,	0xff,
	0xe724,	0x00,
	0xe725,	0x00,
	0xe727,	0x00,
	0xe738,	0x01,
	0xe739,	0x73,
	0xe73b,	0xff,
	0xe73c,	0x00,
	0xe73d,	0x00,
	0xe73f,	0x00,
	0xe750,	0x01,
	0xe751,	0x73,
	0xe753,	0xff,
	0xe754,	0x00,
	0xe755,	0x00,
	0xe757,	0x00,
	// ois off
	0x3002, 0x00,	//	bit[7] = 1 ; set VSYNC as output
	0x3680, 0x00,	//	assign VSYNC for OIS pin
	0x38f3, 0x00,	//	Enable OIS function
	0x38f4, 0x08,	//	bit[7:0] offset1[7:0]
	0x38f5, 0x00,	//	bit[7:4] for offset2[11:8]; bit[3:0] for offset1[11:8]
	0x38f6, 0x08,	//	bit[7:4] offset2[7:0]
	0x38af, 0x40,	//	Bit[6]: OIS function signal polarity
};

static u16 warholovx9500wide_custom23_setting[] = {
	0x3208, 0x06, // group6 mode 26
	0x3014, 0xf3,
	0x3016, 0xf7,
	0x3017, 0xf2,
	0x301b, 0xf6,
	0x301f, 0x99,

	0x0345,	0x40,
	0x0360,	0x01,
	0x100f,	0x62,
	0x101f,	0x62,
	0x1023,	0x37,
	0x1027,	0x4b,
	0x102b,	0xa2,
	0x102f,	0xd0,
	0x1034,	0x00,
	0x103b,	0xd0,
	0x1040,	0x00,
	0x1047,	0xb4,
	0x107a,	0x88,
	0x107b,	0x08,
	0x107e,	0x8b,
	0x107f,	0x03,
	0x1083,	0x0a,
	0x1087,	0x33,
	0x1093,	0x58,
	0x10a7,	0x02,
	0x10ab,	0x00,
	0x10ae,	0x8d,
	0x10af,	0x02,
	0x10b2,	0x8f,
	0x10b6,	0x92,
	0x10b7,	0x03,
	0x10ba,	0x95,
	0x10bb,	0x04,
	0x10be,	0x97,
	0x10c2,	0x9b,
	0x10c3,	0x10,
	0x10c6,	0x00,
	0x10c7,	0x00,
	0x1141,	0x00,
	0x1143,	0x00,
	0x11f9,	0xb5,
	0x11fb,	0xc1,
	0x1211,	0xb5,
	0x1213,	0xc1,
	0x1241,	0xb5,
	0x1243,	0xc1,
	0x1261,	0xb5,
	0x1263,	0xc1,
	0x12a1,	0xb5,
	0x12a3,	0xc1,
	0x12c1,	0xb5,
	0x12c3,	0xc1,
	0x130d,	0xc3,
	0x130e,	0x00,
	0x130f,	0xef,
	0x1310,	0x00,
	0x1311,	0xff,
	0x1313,	0x2b,
	0x1314,	0x01,
	0x1315,	0x43,
	0x1316,	0x01,
	0x1317,	0x69,
	0x1514,	0x00,
	0x1515,	0xc9,
	0x1bd1,	0x85,
	0x1c01,	0xc3,
	0x1c02,	0x00,
	0x1c03,	0xef,
	0x1c04,	0x00,
	0x1c05,	0xff,
	0x1c06,	0x01,
	0x1c07,	0x2b,
	0x1c08,	0x01,
	0x1c09,	0x3b,
	0x24ef,	0x6b,
	0x2507,	0xb5,
	0x251d,	0xc1,
	0x25f9,	0xbf,
	0x25fa,	0x00,
	0x25fb,	0xc4,
	0x2611,	0xbf,
	0x2612,	0x00,
	0x2613,	0xc4,
	0x2629,	0xbf,
	0x262a,	0x00,
	0x262b,	0xc4,
	0x2649,	0xbf,
	0x264a,	0x00,
	0x264b,	0xc4,
	0x2665,	0xbf,
	0x2666,	0x00,
	0x2667,	0xc4,
	0x2685,	0xbf,
	0x2686,	0x00,
	0x2687,	0xc4,
	0x26a7,	0xb5,
	0x26d5,	0xc1,
	0x26ef,	0x6b,
	0x2705,	0xb3,
	0x2708,	0x00,
	0x2709,	0xef,
	0x270b,	0xc3,
	0x270d,	0x2b,
	0x270e,	0x00,
	0x270f,	0xff,
	0x2710,	0x01,
	0x2711,	0x69,
	0x2712,	0x01,
	0x2713,	0x3b,
	0x271d,	0xb3,
	0x2720,	0x00,
	0x2721,	0xef,
	0x2723,	0xc3,
	0x2725,	0x2b,
	0x2726,	0x00,
	0x2727,	0xff,
	0x2728,	0x01,
	0x2729,	0x69,
	0x272a,	0x01,
	0x272b,	0x3b,
	0x2735,	0xb3,
	0x2738,	0x00,
	0x2739,	0xef,
	0x273b,	0xc3,
	0x273d,	0x2b,
	0x273e,	0x00,
	0x273f,	0xff,
	0x2740,	0x01,
	0x2741,	0x69,
	0x2742,	0x01,
	0x2743,	0x3b,
	0x274d,	0xb3,
	0x2750,	0x00,
	0x2751,	0xef,
	0x2753,	0xc3,
	0x2755,	0x2b,
	0x2756,	0x00,
	0x2757,	0xff,
	0x2758,	0x01,
	0x2759,	0x69,
	0x275a,	0x01,
	0x275b,	0x3b,
	0x3010,	0x01,
	0x3402,	0xaf,
	0x3403,	0x19,
	0x3404,	0x19,
	0x3405,	0x0f,
	0x3406,	0x08,
	0x3408,	0x0f,
	0x3409,	0x08,
	0x340a,	0x03,
	0x341b,	0x30,
	0x344d,	0x02,
	0x344e,	0x02,
	0x3506,	0xf8,
	0x350d,	0x00,
	0x350e,	0xb1,
	0x3546,	0xf8,
	0x354d,	0x00,
	0x354e,	0xb1,
	0x3586,	0xf8,
	0x3608,	0x01,
	0x3622,	0x88,
	0x3623,	0x08,
	0x3691,	0x00,
	0x3692,	0x00,
	0x3696,	0x00,
	0x369a,	0x10,
	0x369b,	0x00,
	0x36a5,	0x02,
	0x36a6,	0x40,
	0x36a7,	0x00,
	0x36b0,	0x84,
	0x36b1,	0x00,
	0x36c8,	0x01,
	0x3714,	0x62,
	0x37bc,	0x08,
	0x37c9,	0x00,
	0x3800,	0x00,
	0x3801,	0x00,
	0x3802,	0x03,
	0x3803,	0x00,
	0x3804,	0x20,
	0x3805,	0x1f,
	0x3806,	0x15,
	0x3807,	0x3f,
	0x3808,	0x10,
	0x3809,	0x00,
	0x380a,	0x09,
	0x380b,	0x00,
	0x380c,	0x04,
	0x380d,	0xb0,
	0x3811,	0x08,
	0x3813,	0x11,
	0x3814,	0x11,
	0x3815,	0x11,
	0x3820,	0x46,
	0x3821,	0x10,
	0x3823,	0x04,
	0x3828,	0x02,
	0x3830,	0x02,
	0x3831,	0x12,
	0x3837,	0x04,
	0x383f,	0x00,
	0x384c,	0x04,
	0x384d,	0xb0,
	0x386d,	0x7c,
	0x3889,	0x08,
	0x388b,	0x10,
	0x388c,	0x10,
	0x388d,	0x00,
	0x388e,	0x09,
	0x388f,	0x00,
	0x3894,	0x10,
	0x3896,	0x00,
	0x38a1,	0x1d,
	0x38a2,	0x98,
	0x38a4,	0x1d,
	0x38a5,	0x98,
	0x38a6,	0x20,
	0x38a9,	0x3b,
	0x38aa,	0x30,
	0x38ab,	0x00,
	0x38ad,	0x1d,
	0x38ae,	0x98,
	0x38b0,	0x01,
	0x38db,	0xe1,
	0x3f00,	0x06,
	0x3f30,	0x04,
	0x3f70,	0x06,
	0x3f72,	0x14,
	0x3f74,	0x14,
	0x3f76,	0x08,
	0x3f78,	0x08,
	0x3f7a,	0x08,
	0x3f7c,	0x0e,
	0x3f7e,	0x0e,
	0x3f80,	0x0e,
	0x3f8e,	0x08,
	0x3f90,	0x08,
	0x3f92,	0x08,
	0x400e,	0x1c,
	0x400f,	0x60,
	0x4010,	0xf4,
	0x4012,	0x50,
	0x4016,	0x1d,
	0x4018,	0x0f,
	0x4506,	0x01,
	0x4509,	0x07,
	0x450c,	0x00,
	0x450d,	0x60,
	0x4546,	0x04,
	0x4547,	0xb0,
	0x4549,	0x00,
	0x4580,	0x05,
	0x45c0,	0x45,
	0x45cb,	0xf0,
	0x45cc,	0x02,
	0x45cd,	0x00,
	0x45ce,	0x00,
	0x4602,	0x00,
	0x4603,	0x15,
	0x460b,	0x07,
	0x4640,	0x01,
	0x4641,	0x00,
	0x4643,	0x0c,
	0x4680,	0x09,
	0x468e,	0x30,
	0x4690,	0x11,
	0x4692,	0x56,
	0x4693,	0x00,
	0x4695,	0x11,
	0x4697,	0x11,
	0x46c0,	0x01,
	0x46c2,	0x04,
	0x46cb,	0xff,
	0x4701,	0x40,
	0x4703,	0x08,
	0x47c0,	0x05,
	0x47c2,	0x02,
	0x47c4,	0x05,
	0x47c6,	0x01,
	0x47c8,	0x05,
	0x47ca,	0x02,
	0x47cc,	0x05,
	0x47ce,	0x01,
	0x4808,	0x54,
	0x4813,	0x10,
	0x4836,	0x32,
	0x490e,	0x08,
	0x490f,	0x60,
	0x4910,	0x00,
	0x4912,	0x00,
	0x4a0e,	0x08,
	0x4a0f,	0x60,
	0x4a10,	0x00,
	0x4a12,	0x00,
	0x4b00,	0x00,
	0x4b10,	0x02,
	0x4b11,	0x06,
	0x4b12,	0x02,
	0x4b13,	0x06,
	0x4b14,	0x02,
	0x4b15,	0x06,
	0x4b16,	0x0a,
	0x4b17,	0x0e,
	0x4b20,	0x02,
	0x4b21,	0x06,
	0x4b22,	0x02,
	0x4b23,	0x06,
	0x4b24,	0x02,
	0x4b25,	0x06,
	0x4b26,	0x0a,
	0x4b27,	0x0e,
	0x4b30,	0x02,
	0x4b31,	0x06,
	0x4b32,	0x02,
	0x4b33,	0x06,
	0x4b34,	0x02,
	0x4b35,	0x06,
	0x4b36,	0x0a,
	0x4b37,	0x0e,
	0x4b3d,	0x00,
	0x4b3f,	0x00,
	0x4b41,	0x08,
	0x4b42,	0x00,
	0x4b43,	0x08,
	0x4b45,	0x08,
	0x4b46,	0x00,
	0x4b47,	0x08,
	0x4b48,	0x02,
	0x4b49,	0x00,
	0x4b4a,	0x01,
	0x4b4b,	0x00,
	0x4b51,	0x06,
	0x4b52,	0x02,
	0x4b53,	0x06,
	0x4b54,	0x02,
	0x4b55,	0x06,
	0x4b56,	0x0a,
	0x4b57,	0x0e,
	0x4b5a,	0x08,
	0x4b61,	0x06,
	0x4b62,	0x02,
	0x4b63,	0x06,
	0x4b64,	0x02,
	0x4b65,	0x06,
	0x4b66,	0x0a,
	0x4b67,	0x0e,
	0x4b6a,	0x08,
	0x4b71,	0x06,
	0x4b72,	0x02,
	0x4b73,	0x06,
	0x4b74,	0x02,
	0x4b75,	0x06,
	0x4b76,	0x0a,
	0x4b77,	0x0e,
	0x4b7a,	0x08,
	0x4b7d,	0x00,
	0x4b7f,	0x00,
	0x4b82,	0x00,
	0x4b83,	0x08,
	0x4b85,	0x08,
	0x4b86,	0x00,
	0x4b87,	0x08,
	0x4b88,	0x02,
	0x4b89,	0x00,
	0x4b8a,	0x01,
	0x4b8b,	0x00,
	0x4b91,	0x06,
	0x4b92,	0x02,
	0x4b93,	0x06,
	0x4b94,	0x02,
	0x4b95,	0x06,
	0x4b96,	0x0a,
	0x4b97,	0x0e,
	0x4b9a,	0x08,
	0x4ba1,	0x06,
	0x4ba2,	0x02,
	0x4ba3,	0x06,
	0x4ba4,	0x02,
	0x4ba5,	0x06,
	0x4ba6,	0x0a,
	0x4ba7,	0x0e,
	0x4baa,	0x08,
	0x4bb1,	0x06,
	0x4bb2,	0x02,
	0x4bb3,	0x06,
	0x4bb4,	0x02,
	0x4bb5,	0x06,
	0x4bb6,	0x0a,
	0x4bb7,	0x0e,
	0x4bba,	0x08,
	0x4bbd,	0x00,
	0x4bbf,	0x00,
	0x4bc2,	0x00,
	0x4bc3,	0x08,
	0x4bc5,	0x08,
	0x4bc6,	0x00,
	0x4bc7,	0x08,
	0x4bc8,	0x02,
	0x4bc9,	0x00,
	0x4bca,	0x01,
	0x4bcb,	0x00,
	0x5000,	0x0f,
	0x5001,	0x00,
	0x5002,	0x40,
	0x5003,	0xc0,
	0x5016,	0x11,
	0x5017,	0x00,
	0x50b3,	0x00,
	0x51a7,	0xc0,
	0x54a7,	0xc0,
	0x57a7,	0xc0,
	0x5a60,	0x7b,
	0x5b95,	0x45,
	0x5b97,	0x0c,
	0x5b98,	0x08,
	0x5b99,	0x00,
	0x5bc0,	0x1f,
	0x5e00,	0x7b,
	0x5f35,	0x45,
	0x5f37,	0x0c,
	0x5f38,	0x08,
	0x5f39,	0x00,
	0x5f60,	0x1f,
	0x6200,	0x60,
	0x6201,	0x00,
	0x6365,	0x00,
	0x6382,	0x03,
	0x6392,	0x03,
	0x64a0,	0x01,
	0x64a1,	0x00,
	0x64a2,	0x40,
	0xc400,	0x11,
	0xc405,	0x12,
	0xc406,	0x12,
	0xc407,	0x00,
	0xc408,	0x00,
	0xc409,	0x00,
	0xc40a,	0x00,
	0xc40b,	0x00,
	0xc40c,	0x00,
	0xc40d,	0x00,
	0xc40e,	0x00,
	0xc40f,	0x00,
	0xc410,	0x00,
	0xc411,	0x00,
	0xc412,	0x00,
	0xc413,	0x00,
	0xc414,	0x00,
	0xc41c,	0x00,
	0xc41e,	0x00,
	0xc420,	0x00,
	0xc422,	0x00,
	0xc424,	0x00,
	0xc426,	0x00,
	0xc428,	0x00,
	0xc42a,	0x00,
	0xc42c,	0x00,
	0xc42e,	0x00,
	0xc430,	0x00,
	0xc432,	0x00,
	0xc434,	0x00,
	0xc435,	0x12,
	0xc436,	0x12,
	0xc437,	0x00,
	0xc438,	0x00,
	0xc439,	0x00,
	0xc43a,	0x00,
	0xc43b,	0x00,
	0xc43c,	0x00,
	0xc43d,	0x00,
	0xc43e,	0x00,
	0xc43f,	0x00,
	0xc440,	0x00,
	0xc441,	0x00,
	0xc442,	0x00,
	0xc443,	0x00,
	0xc444,	0x00,
	0xc464,	0x60,
	0xc465,	0x60,
	0xc466,	0x60,
	0xc804,	0x1d,
	0xc805,	0x1d,
	0xc806,	0x1c,
	0xc807,	0x1c,
	0xc808,	0x16,
	0xc809,	0x10,
	0xc80c,	0x0f,
	0xc81d,	0x03,
	0xc81e,	0x03,
	0xc820,	0x03,
	0xc829,	0x01,
	0xc82a,	0x10,
	0xc82b,	0x15,
	0xc82c,	0x1b,
	0xc82d,	0x1c,
	0xc85a,	0x3f,
	0xc85b,	0x3f,
	0xc85c,	0x3f,
	0xc85d,	0x3f,
	0xc85e,	0x3f,
	0xc85f,	0x3f,
	0xc860,	0x2d,
	0xc861,	0x2d,
	0xc862,	0x3f,
	0xc863,	0x2d,
	0xc864,	0x2d,
	0xc865,	0x3f,
	0xc873,	0x10,
	0xc874,	0x10,
	0xc875,	0x10,
	0xc898,	0x0b,
	0xc899,	0x00,
	0xc89a,	0x00,
	0xc89b,	0x00,
	0xc89c,	0x00,
	0xc89d,	0xea,
	0xc8a5,	0x1f,
	0xc8a6,	0x12,
	0xc8a7,	0x0b,
	0xc8a8,	0x0f,
	0xc8aa,	0x00,
	0xc8b1,	0x06,
	0xc8b2,	0x0a,
	0xc8b3,	0x18,
	0xc8b4,	0x37,
	0xc8b5,	0x00,
	0xc8b6,	0x00,
	0xc8b7,	0x0b,
	0xc8b8,	0x0b,
	0xc8b9,	0x16,
	0xc8ba,	0x2c,
	0xc8bb,	0x00,
	0xc8bc,	0x00,
	0xc8bd,	0x02,
	0xc8be,	0x02,
	0xc8bf,	0x04,
	0xc8c3,	0x0a,
	0xc8c4,	0x0a,
	0xc8c5,	0x0a,
	0xc8ca,	0x00,
	0xc8cb,	0x03,
	0xc8cc,	0x12,
	0xc8cd,	0x04,
	0xc8ce,	0x03,
	0xc8cf,	0x03,
	0xc8d0,	0x03,
	0xc8d1,	0x01,
	0xc8d2,	0x02,
	0xc8d3,	0x01,
	0xc8d4,	0x01,
	0xc8d5,	0x02,
	0xc8d6,	0x02,
	0xc8d7,	0x68,
	0xc8d8,	0x67,
	0xc8d9,	0x67,
	0xc8da,	0x03,
	0xc8db,	0x66,
	0xc8dc,	0x66,
	0xc8dd,	0x66,
	0xc8de,	0x66,
	0xc8df,	0x66,
	0xc8e0,	0x66,
	0xc8e1,	0x66,
	0xc8e2,	0x66,
	0xc8e3,	0x66,
	0xc8e4,	0x66,
	0xc8e5,	0x0f,
	0xc8e6,	0x0f,
	0xc8e7,	0x0f,
	0xc8e9,	0x0f,
	0xc8ea,	0x0f,
	0xc8eb,	0x0f,
	0xc8ec,	0x0f,
	0xc8ed,	0x0f,
	0xc8ee,	0x0f,
	0xc8f3,	0x1e,
	0xc8f4,	0x1e,
	0xc8f5,	0x16,
	0xc8f6,	0x08,
	0xc8f7,	0x10,
	0xc8f8,	0x18,
	0xc8f9,	0x05,
	0xc8fa,	0x05,
	0xc8fb,	0x0a,
	0xc8fc,	0x0a,
	0xc8fd,	0x00,
	0xc8fe,	0x00,
	0xc8ff,	0x00,
	0xc900,	0x00,
	0xc903,	0x0b,
	0xc904,	0x11,
	0xc906,	0x1a,
	0xc907,	0x1a,
	0xc908,	0x1a,
	0xc924,	0x03,
	0xc925,	0x03,
	0xc930,	0x05,
	0xc931,	0x13,
	0xc933,	0x1d,
	0xc95c,	0x34,
	0xc95d,	0x3f,
	0xc95e,	0x3f,
	0xc95f,	0x34,
	0xc960,	0x3f,
	0xc961,	0x3f,
	0xc962,	0x22,
	0xc963,	0x3f,
	0xc964,	0x3f,
	0xc965,	0x22,
	0xc966,	0x3f,
	0xc967,	0x3f,
	0xc975,	0x10,
	0xc976,	0x10,
	0xc977,	0x10,
	0xc999,	0x3f,
	0xc99a,	0x00,
	0xc99c,	0x00,
	0xc99d,	0x00,
	0xc99f,	0xd7,
	0xc9a7,	0x2e,
	0xc9a8,	0x2b,
	0xc9a9,	0x00,
	0xc9aa,	0x00,
	0xc9b3,	0x06,
	0xc9b4,	0x04,
	0xc9b5,	0x08,
	0xc9b9,	0x0b,
	0xc9ba,	0x0a,
	0xc9bb,	0x0b,
	0xc9bf,	0x02,
	0xc9c0,	0x02,
	0xc9c1,	0x0e,
	0xc9c2,	0x24,
	0xc9c5,	0x0a,
	0xc9c7,	0x14,
	0xc9c8,	0x27,
	0xc9cc,	0x01,
	0xc9cd,	0x01,
	0xc9ce,	0x00,
	0xc9cf,	0x01,
	0xc9d0,	0x02,
	0xc9d1,	0x00,
	0xc9d2,	0x00,
	0xc9d3,	0x00,
	0xc9d4,	0x00,
	0xc9d9,	0x9c,
	0xc9da,	0x9b,
	0xc9db,	0x9b,
	0xc9dc,	0x57,
	0xc9dd,	0x99,
	0xc9de,	0x99,
	0xc9df,	0x9c,
	0xc9e0,	0x9c,
	0xc9e1,	0x9c,
	0xc9e2,	0x9c,
	0xc9e3,	0x9c,
	0xc9e4,	0x9c,
	0xc9e5,	0x9c,
	0xc9e6,	0x9c,
	0xc9ea,	0x0f,
	0xc9eb,	0x0f,
	0xc9ec,	0x0f,
	0xc9f5,	0x14,
	0xc9f6,	0x0f,
	0xc9f7,	0x0f,
	0xc9f8,	0x0a,
	0xc9f9,	0x06,
	0xc9fa,	0x10,
	0xc9fb,	0x00,
	0xc9fc,	0x00,
	0xc9fd,	0x00,
	0xc9fe,	0x00,
	0xca0b,	0x0b,
	0xca0c,	0x11,
	0xca0e,	0x1a,
	0xca0f,	0x1a,
	0xca10,	0x1a,
	0xca17,	0x81,
	0xca1b,	0x3e,
	0xd013,	0x37,
	0xd023,	0x37,
	0xd027,	0x36,
	0xd02b,	0x96,
	0xd02f,	0x7a,
	0xd034,	0x00,
	0xd03b,	0x7a,
	0xd083,	0x00,
	0xd087,	0x02,
	0xd08f,	0x00,
	0xd093,	0x02,
	0xd0a7,	0x02,
	0xd0ab,	0x09,
	0xd0af,	0x00,
	0xd0b3,	0x00,
	0xd0bb,	0x08,
	0xd0c3,	0x10,
	0xd0ce,	0x41,
	0xd0cf,	0x05,
	0xd143,	0x50,
	0xd1f9,	0xb5,
	0xd1fb,	0xc1,
	0xd211,	0xb5,
	0xd213,	0xc1,
	0xd241,	0xb5,
	0xd243,	0xc1,
	0xd261,	0xb5,
	0xd263,	0xc1,
	0xd2a1,	0xb5,
	0xd2a3,	0xc1,
	0xd2c1,	0xb5,
	0xd2c3,	0xc1,
	0xd309,	0xc3,
	0xd30a,	0x00,
	0xd30b,	0xef,
	0xd30d,	0xff,
	0xd30e,	0x01,
	0xd30f,	0x73,
	0xd514,	0x00,
	0xd515,	0xc9,
	0xdbfd,	0xc3,
	0xdbff,	0xef,
	0xdc01,	0xff,
	0xddf7,	0x42,
	0xde7b,	0x42,
	0xdeef,	0x42,
	0xdf37,	0x42,
	0xe30c,	0x00,
	0xe30d,	0xd1,
	0xe30e,	0x00,
	0xe30f,	0xe7,
	0xe310,	0x01,
	0xe311,	0x0d,
	0xe312,	0x01,
	0xe313,	0x69,
	0xe4d7,	0xb5,
	0xe4ed,	0xc1,
	0xe507,	0xb5,
	0xe51d,	0xc1,
	0xe5f9,	0xbf,
	0xe5fa,	0x00,
	0xe5fb,	0xc4,
	0xe611,	0xbf,
	0xe612,	0x00,
	0xe613,	0xc4,
	0xe629,	0xbf,
	0xe62a,	0x00,
	0xe62b,	0xc4,
	0xe649,	0xbf,
	0xe64a,	0x00,
	0xe64b,	0xc4,
	0xe665,	0xbf,
	0xe666,	0x00,
	0xe667,	0xc4,
	0xe685,	0xbf,
	0xe686,	0x00,
	0xe687,	0xc4,
	0xe6a7,	0xb5,
	0xe6bf,	0xb5,
	0xe6d5,	0xc1,
	0xe6ed,	0xc1,
	0xe708,	0x00,
	0xe709,	0xef,
	0xe70b,	0xc3,
	0xe70c,	0x01,
	0xe70d,	0x73,
	0xe70f,	0xff,
	0xe720,	0x00,
	0xe721,	0xef,
	0xe723,	0xc3,
	0xe724,	0x01,
	0xe725,	0x73,
	0xe727,	0xff,
	0xe738,	0x00,
	0xe739,	0xef,
	0xe73b,	0xc3,
	0xe73c,	0x01,
	0xe73d,	0x73,
	0xe73f,	0xff,
	0xe750,	0x00,
	0xe751,	0xef,
	0xe753,	0xc3,
	0xe754,	0x01,
	0xe755,	0x73,
	0xe757,	0xff,

	0x3014, 0xf0,
	0x301b, 0xf0,
	0x3017, 0xf0,
	0x3016, 0xf0,
	0x301f, 0x98,
	0x3046, 0x01,
	0x3208, 0x16, //group6 record end



	0x3208, 0x07, //group7 mode 27
	0x3014, 0xf3,
	0x3016, 0xf7,
	0x3017, 0xf2,
	0x301b, 0xf6,
	0x301f, 0x99,

	0x0345,	0x40,
	0x0360,	0x03,
	0x100f,	0x62,
	0x101f,	0x62,
	0x1023,	0x37,
	0x1027,	0x4b,
	0x102b,	0xa2,
	0x102f,	0xd0,
	0x1034,	0x00,
	0x103b,	0xd0,
	0x1040,	0x00,
	0x1047,	0xb4,
	0x107a,	0x88,
	0x107b,	0x08,
	0x107e,	0x8b,
	0x107f,	0x03,
	0x1083,	0x0a,
	0x1087,	0x33,
	0x1093,	0x58,
	0x10a7,	0x02,
	0x10ab,	0x00,
	0x10ae,	0x8d,
	0x10af,	0x02,
	0x10b2,	0x8f,
	0x10b6,	0x92,
	0x10b7,	0x03,
	0x10ba,	0x95,
	0x10bb,	0x04,
	0x10be,	0x97,
	0x10c2,	0x9b,
	0x10c3,	0x10,
	0x10c6,	0x00,
	0x10c7,	0x00,
	0x1141,	0x00,
	0x1143,	0x00,
	0x11f9,	0xb5,
	0x11fb,	0xc1,
	0x1211,	0xb5,
	0x1213,	0xc1,
	0x1241,	0xb5,
	0x1243,	0xc1,
	0x1261,	0xb5,
	0x1263,	0xc1,
	0x12a1,	0xb5,
	0x12a3,	0xc1,
	0x12c1,	0xb5,
	0x12c3,	0xc1,
	0x130d,	0xc3,
	0x130e,	0x00,
	0x130f,	0xef,
	0x1310,	0x00,
	0x1311,	0xff,
	0x1313,	0x2b,
	0x1314,	0x01,
	0x1315,	0x43,
	0x1316,	0x01,
	0x1317,	0x69,
	0x1514,	0x00,
	0x1515,	0xc9,
	0x1bd1,	0x85,
	0x1c01,	0xc3,
	0x1c02,	0x00,
	0x1c03,	0xef,
	0x1c04,	0x00,
	0x1c05,	0xff,
	0x1c06,	0x01,
	0x1c07,	0x2b,
	0x1c08,	0x01,
	0x1c09,	0x3b,
	0x24ef,	0x6b,
	0x2507,	0xb5,
	0x251d,	0xc1,
	0x25f9,	0xbf,
	0x25fa,	0x00,
	0x25fb,	0xc4,
	0x2611,	0xbf,
	0x2612,	0x00,
	0x2613,	0xc4,
	0x2629,	0xbf,
	0x262a,	0x00,
	0x262b,	0xc4,
	0x2649,	0xbf,
	0x264a,	0x00,
	0x264b,	0xc4,
	0x2665,	0xbf,
	0x2666,	0x00,
	0x2667,	0xc4,
	0x2685,	0xbf,
	0x2686,	0x00,
	0x2687,	0xc4,
	0x26a7,	0xb5,
	0x26d5,	0xc1,
	0x26ef,	0x6b,
	0x2705,	0xb3,
	0x2708,	0x00,
	0x2709,	0xef,
	0x270b,	0xc3,
	0x270d,	0x2b,
	0x270e,	0x00,
	0x270f,	0xff,
	0x2710,	0x01,
	0x2711,	0x69,
	0x2712,	0x01,
	0x2713,	0x3b,
	0x271d,	0xb3,
	0x2720,	0x00,
	0x2721,	0xef,
	0x2723,	0xc3,
	0x2725,	0x2b,
	0x2726,	0x00,
	0x2727,	0xff,
	0x2728,	0x01,
	0x2729,	0x69,
	0x272a,	0x01,
	0x272b,	0x3b,
	0x2735,	0xb3,
	0x2738,	0x00,
	0x2739,	0xef,
	0x273b,	0xc3,
	0x273d,	0x2b,
	0x273e,	0x00,
	0x273f,	0xff,
	0x2740,	0x01,
	0x2741,	0x69,
	0x2742,	0x01,
	0x2743,	0x3b,
	0x274d,	0xb3,
	0x2750,	0x00,
	0x2751,	0xef,
	0x2753,	0xc3,
	0x2755,	0x2b,
	0x2756,	0x00,
	0x2757,	0xff,
	0x2758,	0x01,
	0x2759,	0x69,
	0x275a,	0x01,
	0x275b,	0x3b,
	0x3010,	0x06,
	0x3402,	0x58,
	0x3403,	0x0d,
	0x3404,	0x0d,
	0x3405,	0x08,
	0x3406,	0x04,
	0x3408,	0x08,
	0x3409,	0x04,
	0x340a,	0x02,
	0x341b,	0x30,
	0x344d,	0x02,
	0x344e,	0x02,
	0x3506,	0x1b,
	0x350d,	0x01,
	0x350e,	0x00,
	0x3546,	0x19,
	0x354d,	0x01,
	0x354e,	0x00,
	0x3586,	0x98,
	0x3608,	0x00,
	0x3622,	0xa8,
	0x3623,	0x06,
	0x3691,	0x01,
	0x3692,	0x20,
	0x3696,	0x00,
	0x369a,	0x10,
	0x369b,	0x00,
	0x36a5,	0x02,
	0x36a6,	0x40,
	0x36a7,	0x00,
	0x36b0,	0x84,
	0x36b1,	0x04,
	0x36c8,	0x01,
	0x3714,	0x62,
	0x37bc,	0x08,
	0x37c9,	0x02,
	0x3800,	0x00,
	0x3801,	0x00,
	0x3802,	0x03,
	0x3803,	0x00,
	0x3804,	0x20,
	0x3805,	0x1f,
	0x3806,	0x15,
	0x3807,	0x3f,
	0x3808,	0x10,
	0x3809,	0x00,
	0x380a,	0x09,
	0x380b,	0x00,
	0x380c,	0x09,
	0x380d,	0x60,
	0x3811,	0x08,
	0x3813,	0x11,
	0x3814,	0x11,
	0x3815,	0x11,
	0x3820,	0x46,
	0x3821,	0x10,
	0x3823,	0x06,
	0x3828,	0x02,
	0x3830,	0x02,
	0x3831,	0x12,
	0x3837,	0x04,
	0x383f,	0x04,
	0x384c,	0x09,
	0x384d,	0x60,
	0x386d,	0x7c,
	0x3889,	0x08,
	0x388b,	0x10,
	0x388c,	0x10,
	0x388d,	0x00,
	0x388e,	0x09,
	0x388f,	0x00,
	0x3894,	0x10,
	0x3896,	0x00,
	0x38a1,	0x1d,
	0x38a2,	0x98,
	0x38a4,	0x1d,
	0x38a5,	0x98,
	0x38a6,	0x20,
	0x38a9,	0x3b,
	0x38aa,	0x30,
	0x38ab,	0x00,
	0x38ad,	0x1d,
	0x38ae,	0x98,
	0x38b0,	0x01,
	0x38db,	0xe1,
	0x3f00,	0x06,
	0x3f30,	0x04,
	0x3f70,	0x0a,
	0x3f72,	0x1e,
	0x3f74,	0x1e,
	0x3f76,	0x0e,
	0x3f78,	0x0e,
	0x3f7a,	0x0e,
	0x3f7c,	0x08,
	0x3f7e,	0x08,
	0x3f80,	0x08,
	0x3f8e,	0x08,
	0x3f90,	0x08,
	0x3f92,	0x08,
	0x400e,	0x1c,
	0x400f,	0x60,
	0x4010,	0xf4,
	0x4012,	0x50,
	0x4016,	0x1d,
	0x4018,	0x0f,
	0x4506,	0x01,
	0x4509,	0x07,
	0x450c,	0x00,
	0x450d,	0x60,
	0x4546,	0x04,
	0x4547,	0xb0,
	0x4549,	0x00,
	0x4580,	0x05,
	0x45c0,	0x45,
	0x45cb,	0xf0,
	0x45cc,	0x02,
	0x45cd,	0x00,
	0x45ce,	0x00,
	0x4602,	0x00,
	0x4603,	0x15,
	0x460b,	0x07,
	0x4640,	0x01,
	0x4641,	0x00,
	0x4643,	0x0c,
	0x4680,	0x09,
	0x468e,	0x38,
	0x4690,	0x22,
	0x4692,	0x56,
	0x4693,	0x00,
	0x4695,	0x11,
	0x4697,	0x33,
	0x46c0,	0x41,
	0x46c2,	0x14,
	0x46cb,	0xf0,
	0x4701,	0x40,
	0x4703,	0x0c,
	0x47c0,	0x05,
	0x47c2,	0x02,
	0x47c4,	0x05,
	0x47c6,	0x01,
	0x47c8,	0x05,
	0x47ca,	0x02,
	0x47cc,	0x05,
	0x47ce,	0x01,
	0x4808,	0x43,
	0x4813,	0x50,
	0x4836,	0x21,
	0x490e,	0x08,
	0x490f,	0x30,
	0x4910,	0x00,
	0x4912,	0x00,
	0x4a0e,	0x08,
	0x4a0f,	0x30,
	0x4a10,	0x00,
	0x4a12,	0x00,
	0x4b00,	0x40,
	0x4b10,	0x05,
	0x4b11,	0x04,
	0x4b12,	0x00,
	0x4b13,	0x01,
	0x4b14,	0x01,
	0x4b15,	0x05,
	0x4b16,	0x09,
	0x4b17,	0x0d,
	0x4b20,	0x05,
	0x4b21,	0x04,
	0x4b22,	0x00,
	0x4b23,	0x01,
	0x4b24,	0x01,
	0x4b25,	0x05,
	0x4b26,	0x09,
	0x4b27,	0x0d,
	0x4b30,	0x05,
	0x4b31,	0x04,
	0x4b32,	0x00,
	0x4b33,	0x01,
	0x4b34,	0x01,
	0x4b35,	0x05,
	0x4b36,	0x09,
	0x4b37,	0x0d,
	0x4b3d,	0x10,
	0x4b3f,	0x10,
	0x4b41,	0x10,
	0x4b42,	0x20,
	0x4b43,	0x00,
	0x4b45,	0x10,
	0x4b46,	0x10,
	0x4b47,	0x00,
	0x4b48,	0x20,
	0x4b49,	0x20,
	0x4b4a,	0x10,
	0x4b4b,	0x20,
	0x4b51,	0x02,
	0x4b52,	0x00,
	0x4b53,	0x00,
	0x4b54,	0x01,
	0x4b55,	0x05,
	0x4b56,	0x09,
	0x4b57,	0x0d,
	0x4b5a,	0x04,
	0x4b61,	0x02,
	0x4b62,	0x00,
	0x4b63,	0x00,
	0x4b64,	0x01,
	0x4b65,	0x05,
	0x4b66,	0x09,
	0x4b67,	0x0d,
	0x4b6a,	0x04,
	0x4b71,	0x02,
	0x4b72,	0x00,
	0x4b73,	0x00,
	0x4b74,	0x01,
	0x4b75,	0x05,
	0x4b76,	0x09,
	0x4b77,	0x0d,
	0x4b7a,	0x04,
	0x4b7d,	0x08,
	0x4b7f,	0x10,
	0x4b82,	0x10,
	0x4b83,	0x00,
	0x4b85,	0x10,
	0x4b86,	0x10,
	0x4b87,	0x00,
	0x4b88,	0x10,
	0x4b89,	0x10,
	0x4b8a,	0x10,
	0x4b8b,	0x20,
	0x4b91,	0x02,
	0x4b92,	0x00,
	0x4b93,	0x00,
	0x4b94,	0x01,
	0x4b95,	0x05,
	0x4b96,	0x09,
	0x4b97,	0x0d,
	0x4b9a,	0x04,
	0x4ba1,	0x02,
	0x4ba2,	0x00,
	0x4ba3,	0x00,
	0x4ba4,	0x01,
	0x4ba5,	0x05,
	0x4ba6,	0x09,
	0x4ba7,	0x0d,
	0x4baa,	0x04,
	0x4bb1,	0x02,
	0x4bb2,	0x00,
	0x4bb3,	0x00,
	0x4bb4,	0x01,
	0x4bb5,	0x05,
	0x4bb6,	0x09,
	0x4bb7,	0x0d,
	0x4bba,	0x04,
	0x4bbd,	0x08,
	0x4bbf,	0x10,
	0x4bc2,	0x10,
	0x4bc3,	0x00,
	0x4bc5,	0x10,
	0x4bc6,	0x10,
	0x4bc7,	0x00,
	0x4bc8,	0x10,
	0x4bc9,	0x10,
	0x4bca,	0x10,
	0x4bcb,	0x20,
	0x5000,	0x2f,
	0x5001,	0x2c,
	0x5002,	0x71,
	0x5003,	0xcc,
	0x5016,	0x31,
	0x5017,	0x01,
	0x50b3,	0xd7,
	0x51a7,	0xd8,
	0x54a7,	0xd8,
	0x57a7,	0xd8,
	0x5a60,	0x7b,
	0x5b95,	0x45,
	0x5b97,	0x0c,
	0x5b98,	0x08,
	0x5b99,	0x00,
	0x5bc0,	0x1f,
	0x5e00,	0x7b,
	0x5f35,	0x45,
	0x5f37,	0x0c,
	0x5f38,	0x08,
	0x5f39,	0x00,
	0x5f60,	0x1f,
	0x6200,	0x60,
	0x6201,	0x01,
	0x6365,	0x80,
	0x6382,	0x03,
	0x6392,	0x03,
	0x64a0,	0x03,
	0x64a1,	0x04,
	0x64a2,	0x00,
	0xc400,	0x11,
	0xc405,	0x12,
	0xc406,	0x12,
	0xc407,	0x12,
	0xc408,	0x00,
	0xc409,	0x00,
	0xc40a,	0x00,
	0xc40b,	0x00,
	0xc40c,	0x00,
	0xc40d,	0x00,
	0xc40e,	0x00,
	0xc40f,	0x00,
	0xc410,	0x00,
	0xc411,	0x00,
	0xc412,	0x00,
	0xc413,	0x00,
	0xc414,	0x00,
	0xc41c,	0x00,
	0xc41e,	0x00,
	0xc420,	0x00,
	0xc422,	0x00,
	0xc424,	0x00,
	0xc426,	0x00,
	0xc428,	0x00,
	0xc42a,	0x00,
	0xc42c,	0x00,
	0xc42e,	0x00,
	0xc430,	0x00,
	0xc432,	0x00,
	0xc434,	0x00,
	0xc435,	0x12,
	0xc436,	0x12,
	0xc437,	0x12,
	0xc438,	0x00,
	0xc439,	0x00,
	0xc43a,	0x00,
	0xc43b,	0x00,
	0xc43c,	0x00,
	0xc43d,	0x00,
	0xc43e,	0x00,
	0xc43f,	0x00,
	0xc440,	0x00,
	0xc441,	0x00,
	0xc442,	0x00,
	0xc443,	0x00,
	0xc444,	0x00,
	0xc464,	0x60,
	0xc465,	0x30,
	0xc466,	0x30,
	0xc804,	0x1d,
	0xc805,	0x1d,
	0xc806,	0x1f,
	0xc807,	0x1f,
	0xc808,	0x18,
	0xc809,	0x18,
	0xc80c,	0x0f,
	0xc81d,	0x03,
	0xc81e,	0x03,
	0xc820,	0x03,
	0xc829,	0x09,
	0xc82a,	0x12,
	0xc82b,	0x16,
	0xc82c,	0x1c,
	0xc82d,	0x1d,
	0xc85a,	0x3e,
	0xc85b,	0x1d,
	0xc85c,	0x1b,
	0xc85d,	0x3f,
	0xc85e,	0x1d,
	0xc85f,	0x1b,
	0xc860,	0x2f,
	0xc861,	0x1d,
	0xc862,	0x1b,
	0xc863,	0x2e,
	0xc864,	0x1d,
	0xc865,	0x1b,
	0xc873,	0x0c,
	0xc874,	0x0c,
	0xc875,	0x0c,
	0xc898,	0x1b,
	0xc899,	0x1b,
	0xc89a,	0x00,
	0xc89b,	0x00,
	0xc89c,	0x00,
	0xc89d,	0xff,
	0xc8a5,	0x10,
	0xc8a6,	0x0b,
	0xc8a7,	0x07,
	0xc8a8,	0x06,
	0xc8aa,	0x05,
	0xc8b1,	0x0a,
	0xc8b2,	0x10,
	0xc8b3,	0x28,
	0xc8b4,	0x4a,
	0xc8b5,	0x4a,
	0xc8b6,	0x4a,
	0xc8b7,	0x0c,
	0xc8b8,	0x0c,
	0xc8b9,	0x18,
	0xc8ba,	0x2a,
	0xc8bb,	0x28,
	0xc8bc,	0x24,
	0xc8bd,	0x02,
	0xc8be,	0x02,
	0xc8bf,	0x04,
	0xc8c3,	0x0a,
	0xc8c4,	0x0a,
	0xc8c5,	0x0a,
	0xc8ca,	0x01,
	0xc8cb,	0x01,
	0xc8cc,	0x07,
	0xc8cd,	0x05,
	0xc8ce,	0x05,
	0xc8cf,	0x04,
	0xc8d0,	0x04,
	0xc8d1,	0x04,
	0xc8d2,	0x04,
	0xc8d3,	0x05,
	0xc8d4,	0x05,
	0xc8d5,	0x08,
	0xc8d6,	0x08,
	0xc8d7,	0x89,
	0xc8d8,	0x89,
	0xc8d9,	0x89,
	0xc8da,	0x3a,
	0xc8db,	0x87,
	0xc8dc,	0x87,
	0xc8dd,	0x87,
	0xc8de,	0x87,
	0xc8df,	0x87,
	0xc8e0,	0x87,
	0xc8e1,	0x87,
	0xc8e2,	0x87,
	0xc8e3,	0x87,
	0xc8e4,	0x87,
	0xc8e5,	0x0f,
	0xc8e6,	0x0f,
	0xc8e7,	0x0f,
	0xc8e9,	0x0f,
	0xc8ea,	0x0f,
	0xc8eb,	0x0f,
	0xc8ec,	0x0f,
	0xc8ed,	0x0f,
	0xc8ee,	0x0f,
	0xc8f3,	0x1e,
	0xc8f4,	0x10,
	0xc8f5,	0x0a,
	0xc8f6,	0x01,
	0xc8f7,	0x0f,
	0xc8f8,	0x08,
	0xc8f9,	0x08,
	0xc8fa,	0x08,
	0xc8fb,	0x08,
	0xc8fc,	0x08,
	0xc8fd,	0x12,
	0xc8fe,	0x12,
	0xc8ff,	0x10,
	0xc900,	0x10,
	0xc903,	0x09,
	0xc904,	0x10,
	0xc906,	0x17,
	0xc907,	0x17,
	0xc908,	0x17,
	0xc924,	0x03,
	0xc925,	0x03,
	0xc930,	0x07,
	0xc931,	0x12,
	0xc933,	0x1c,
	0xc95c,	0x23,
	0xc95d,	0x33,
	0xc95e,	0x1b,
	0xc95f,	0x1a,
	0xc960,	0x33,
	0xc961,	0x1b,
	0xc962,	0x0f,
	0xc963,	0x39,
	0xc964,	0x1b,
	0xc965,	0x0e,
	0xc966,	0x09,
	0xc967,	0x1b,
	0xc975,	0x0c,
	0xc976,	0x0c,
	0xc977,	0x0c,
	0xc999,	0x3f,
	0xc99a,	0x2c,
	0xc99c,	0x00,
	0xc99d,	0x00,
	0xc99f,	0xff,
	0xc9a7,	0x3f,
	0xc9a8,	0x25,
	0xc9a9,	0x3f,
	0xc9aa,	0x13,
	0xc9b3,	0x08,
	0xc9b4,	0x08,
	0xc9b5,	0x0c,
	0xc9b9,	0x0c,
	0xc9ba,	0x0c,
	0xc9bb,	0x0c,
	0xc9bf,	0x02,
	0xc9c0,	0x06,
	0xc9c1,	0x0a,
	0xc9c2,	0x24,
	0xc9c5,	0x0a,
	0xc9c7,	0x1a,
	0xc9c8,	0x32,
	0xc9cc,	0x02,
	0xc9cd,	0x00,
	0xc9ce,	0x04,
	0xc9cf,	0x00,
	0xc9d0,	0x00,
	0xc9d1,	0x00,
	0xc9d2,	0x00,
	0xc9d3,	0x00,
	0xc9d4,	0x00,
	0xc9d9,	0x89,
	0xc9da,	0x88,
	0xc9db,	0x88,
	0xc9dc,	0x39,
	0xc9dd,	0x85,
	0xc9de,	0x85,
	0xc9df,	0x85,
	0xc9e0,	0x85,
	0xc9e1,	0x85,
	0xc9e2,	0x85,
	0xc9e3,	0x89,
	0xc9e4,	0x89,
	0xc9e5,	0x89,
	0xc9e6,	0x89,
	0xc9ea,	0x0f,
	0xc9eb,	0x0f,
	0xc9ec,	0x0f,
	0xc9f5,	0x1a,
	0xc9f6,	0x1a,
	0xc9f7,	0x10,
	0xc9f8,	0x10,
	0xc9f9,	0x10,
	0xc9fa,	0x10,
	0xc9fb,	0x10,
	0xc9fc,	0x10,
	0xc9fd,	0x10,
	0xc9fe,	0x08,
	0xca0b,	0x09,
	0xca0c,	0x10,
	0xca0e,	0x17,
	0xca0f,	0x17,
	0xca10,	0x17,
	0xca17,	0x81,
	0xca1b,	0x3e,
	0xd013,	0x37,
	0xd023,	0x37,
	0xd027,	0x36,
	0xd02b,	0x96,
	0xd02f,	0xd6,
	0xd034,	0x00,
	0xd03b,	0xd6,
	0xd083,	0x00,
	0xd087,	0x5e,
	0xd08f,	0x00,
	0xd093,	0x5e,
	0xd0a7,	0x02,
	0xd0ab,	0x0a,
	0xd0af,	0x00,
	0xd0b3,	0x04,
	0xd0bb,	0x08,
	0xd0c3,	0x10,
	0xd0ce,	0x41,
	0xd0cf,	0x00,
	0xd143,	0x50,
	0xd1f9,	0xb5,
	0xd1fb,	0xc1,
	0xd211,	0xb5,
	0xd213,	0xc1,
	0xd241,	0xb5,
	0xd243,	0xc1,
	0xd261,	0xb5,
	0xd263,	0xc1,
	0xd2a1,	0xb5,
	0xd2a3,	0xc1,
	0xd2c1,	0xb5,
	0xd2c3,	0xc1,
	0xd309,	0xc3,
	0xd30a,	0x00,
	0xd30b,	0xef,
	0xd30d,	0xff,
	0xd30e,	0x01,
	0xd30f,	0x73,
	0xd514,	0x00,
	0xd515,	0xc9,
	0xdbfd,	0xc3,
	0xdbff,	0xef,
	0xdc01,	0xff,
	0xddf7,	0x41,
	0xde7b,	0x41,
	0xdeef,	0x41,
	0xdf37,	0x41,
	0xe30c,	0x00,
	0xe30d,	0xd1,
	0xe30e,	0x00,
	0xe30f,	0xe7,
	0xe310,	0x01,
	0xe311,	0x0d,
	0xe312,	0x01,
	0xe313,	0x69,
	0xe4d7,	0xb5,
	0xe4ed,	0xc1,
	0xe507,	0xb5,
	0xe51d,	0xc1,
	0xe5f9,	0xbf,
	0xe5fa,	0x00,
	0xe5fb,	0xc4,
	0xe611,	0xbf,
	0xe612,	0x00,
	0xe613,	0xc4,
	0xe629,	0xbf,
	0xe62a,	0x00,
	0xe62b,	0xc4,
	0xe649,	0xbf,
	0xe64a,	0x00,
	0xe64b,	0xc4,
	0xe665,	0xbf,
	0xe666,	0x00,
	0xe667,	0xc4,
	0xe685,	0xbf,
	0xe686,	0x00,
	0xe687,	0xc4,
	0xe6a7,	0xb5,
	0xe6bf,	0xb5,
	0xe6d5,	0xc1,
	0xe6ed,	0xc1,
	0xe708,	0x00,
	0xe709,	0xef,
	0xe70b,	0xc3,
	0xe70c,	0x01,
	0xe70d,	0x73,
	0xe70f,	0xff,
	0xe720,	0x00,
	0xe721,	0xef,
	0xe723,	0xc3,
	0xe724,	0x01,
	0xe725,	0x73,
	0xe727,	0xff,
	0xe738,	0x00,
	0xe739,	0xef,
	0xe73b,	0xc3,
	0xe73c,	0x01,
	0xe73d,	0x73,
	0xe73f,	0xff,
	0xe750,	0x00,
	0xe751,	0xef,
	0xe753,	0xc3,
	0xe754,	0x01,
	0xe755,	0x73,
	0xe757,	0xff,


	0x3014, 0xf0,
	0x301b, 0xf0,
	0x3017, 0xf0,
	0x3016, 0xf0,
	0x301f, 0x98,
	0x3046, 0x01,
	0x3208, 0x17, //group7 record end


	0x3208, 0x08, //group8 mode 40
	0x3014, 0xf3,
	0x3016, 0xf7,
	0x3017, 0xf2,
	0x301b, 0xf6,
	0x301f, 0x99,

	0x0345,	0x45,
	0x0360,	0x01,
	0x100f,	0x62,
	0x101f,	0x62,
	0x1023,	0x37,
	0x1027,	0x4b,
	0x102b,	0xa2,
	0x102f,	0xd0,
	0x1034,	0x00,
	0x103b,	0xd0,
	0x1040,	0x00,
	0x1047,	0xb4,
	0x107a,	0x88,
	0x107b,	0x08,
	0x107e,	0x8b,
	0x107f,	0x03,
	0x1083,	0x0a,
	0x1087,	0x33,
	0x1093,	0x58,
	0x10a7,	0x02,
	0x10ab,	0x00,
	0x10ae,	0x8d,
	0x10af,	0x02,
	0x10b2,	0x8f,
	0x10b6,	0x92,
	0x10b7,	0x03,
	0x10ba,	0x95,
	0x10bb,	0x04,
	0x10be,	0x97,
	0x10c2,	0x9b,
	0x10c3,	0x10,
	0x10c6,	0x00,
	0x10c7,	0x00,
	0x1141,	0x00,
	0x1143,	0x00,
	0x11f9,	0xb5,
	0x11fb,	0xc1,
	0x1211,	0xb5,
	0x1213,	0xc1,
	0x1241,	0xb5,
	0x1243,	0xc1,
	0x1261,	0xb5,
	0x1263,	0xc1,
	0x12a1,	0xb5,
	0x12a3,	0xc1,
	0x12c1,	0xb5,
	0x12c3,	0xc1,
	0x130d,	0xc3,
	0x130e,	0x00,
	0x130f,	0xef,
	0x1310,	0x00,
	0x1311,	0xff,
	0x1313,	0x2b,
	0x1314,	0x01,
	0x1315,	0x43,
	0x1316,	0x01,
	0x1317,	0x69,
	0x1514,	0x00,
	0x1515,	0xc9,
	0x1bd1,	0x85,
	0x1c01,	0xc3,
	0x1c02,	0x00,
	0x1c03,	0xef,
	0x1c04,	0x00,
	0x1c05,	0xff,
	0x1c06,	0x01,
	0x1c07,	0x2b,
	0x1c08,	0x01,
	0x1c09,	0x3b,
	0x24ef,	0x6b,
	0x2507,	0xb5,
	0x251d,	0xc1,
	0x25f9,	0xbf,
	0x25fa,	0x00,
	0x25fb,	0xc4,
	0x2611,	0xbf,
	0x2612,	0x00,
	0x2613,	0xc4,
	0x2629,	0xbf,
	0x262a,	0x00,
	0x262b,	0xc4,
	0x2649,	0xbf,
	0x264a,	0x00,
	0x264b,	0xc4,
	0x2665,	0xbf,
	0x2666,	0x00,
	0x2667,	0xc4,
	0x2685,	0xbf,
	0x2686,	0x00,
	0x2687,	0xc4,
	0x26a7,	0xb5,
	0x26d5,	0xc1,
	0x26ef,	0x6b,
	0x2705,	0xb3,
	0x2708,	0x00,
	0x2709,	0xef,
	0x270b,	0xc3,
	0x270d,	0x2b,
	0x270e,	0x00,
	0x270f,	0xff,
	0x2710,	0x01,
	0x2711,	0x69,
	0x2712,	0x01,
	0x2713,	0x3b,
	0x271d,	0xb3,
	0x2720,	0x00,
	0x2721,	0xef,
	0x2723,	0xc3,
	0x2725,	0x2b,
	0x2726,	0x00,
	0x2727,	0xff,
	0x2728,	0x01,
	0x2729,	0x69,
	0x272a,	0x01,
	0x272b,	0x3b,
	0x2735,	0xb3,
	0x2738,	0x00,
	0x2739,	0xef,
	0x273b,	0xc3,
	0x273d,	0x2b,
	0x273e,	0x00,
	0x273f,	0xff,
	0x2740,	0x01,
	0x2741,	0x69,
	0x2742,	0x01,
	0x2743,	0x3b,
	0x274d,	0xb3,
	0x2750,	0x00,
	0x2751,	0xef,
	0x2753,	0xc3,
	0x2755,	0x2b,
	0x2756,	0x00,
	0x2757,	0xff,
	0x2758,	0x01,
	0x2759,	0x69,
	0x275a,	0x01,
	0x275b,	0x3b,
	0x3010,	0x01,
	0x3402,	0xaf,
	0x3403,	0x19,
	0x3404,	0x19,
	0x3405,	0x0f,
	0x3406,	0x08,
	0x3408,	0x0f,
	0x3409,	0x08,
	0x340a,	0x03,
	0x341b,	0x30,
	0x344d,	0x02,
	0x344e,	0x02,
	0x3506,	0xf8,
	0x350d,	0x00,
	0x350e,	0xb1,
	0x3546,	0xf8,
	0x354d,	0x00,
	0x354e,	0xb1,
	0x3586,	0xf8,
	0x3608,	0x00,
	0x3622,	0xa8,
	0x3623,	0x04,
	0x3691,	0x00,
	0x3692,	0x00,
	0x3696,	0x00,
	0x369a,	0x10,
	0x369b,	0x00,
	0x36a5,	0x22,
	0x36a6,	0x80,
	0x36a7,	0x00,
	0x36b0,	0x84,
	0x36b1,	0x00,
	0x36c8,	0x00,
	0x3714,	0x68,
	0x37bc,	0x38,
	0x37c9,	0x00,
	0x3800,	0x08,
	0x3801,	0x00,
	0x3802,	0x07,
	0x3803,	0x80,
	0x3804,	0x18,
	0x3805,	0x1f,
	0x3806,	0x10,
	0x3807,	0xbf,
	0x3808,	0x10,
	0x3809,	0x00,
	0x380a,	0x09,
	0x380b,	0x00,
	0x380c,	0x04,
	0x380d,	0xb0,
	0x3811,	0x10,
	0x3813,	0x21,
	0x3814,	0x11,
	0x3815,	0x11,
	0x3820,	0x44,
	0x3821,	0x00,
	0x3823,	0x04,
	0x3828,	0x08,
	0x3830,	0x08,
	0x3831,	0x10,
	0x3837,	0x10,
	0x383f,	0x00,
	0x384c,	0x04,
	0x384d,	0xb0,
	0x386d,	0x7c,
	0x3889,	0x10,
	0x388b,	0x20,
	0x388c,	0x10,
	0x388d,	0x00,
	0x388e,	0x09,
	0x388f,	0x00,
	0x3894,	0x10,
	0x3896,	0x00,
	0x38a1,	0x1d,
	0x38a2,	0x98,
	0x38a4,	0x1d,
	0x38a5,	0x98,
	0x38a6,	0x20,
	0x38a9,	0x3b,
	0x38aa,	0x30,
	0x38ab,	0x00,
	0x38ad,	0x1d,
	0x38ae,	0x98,
	0x38b0,	0x01,
	0x38db,	0xe1,
	0x3f00,	0x06,
	0x3f30,	0x00,
	0x3f70,	0x02,
	0x3f72,	0x0a,
	0x3f74,	0x0a,
	0x3f76,	0x16,
	0x3f78,	0x16,
	0x3f7a,	0x16,
	0x3f7c,	0x0e,
	0x3f7e,	0x0e,
	0x3f80,	0x0e,
	0x3f8e,	0x02,
	0x3f90,	0x0a,
	0x3f92,	0x0a,
	0x400e,	0x14,
	0x400f,	0x30,
	0x4010,	0xf4,
	0x4012,	0x50,
	0x4016,	0x3d,
	0x4018,	0x1f,
	0x4506,	0x01,
	0x4509,	0x07,
	0x450c,	0x00,
	0x450d,	0x30,
	0x4546,	0x09,
	0x4547,	0x60,
	0x4549,	0x00,
	0x4580,	0x05,
	0x45c0,	0x05,
	0x45cb,	0xff,
	0x45cc,	0x02,
	0x45cd,	0x00,
	0x45ce,	0x00,
	0x4602,	0x00,
	0x4603,	0x15,
	0x460b,	0x07,
	0x4640,	0x00,
	0x4641,	0x80,
	0x4643,	0x08,
	0x4680,	0x19,
	0x468e,	0x30,
	0x4690,	0x12,
	0x4692,	0x56,
	0x4693,	0x00,
	0x4695,	0x11,
	0x4697,	0x11,
	0x46c0,	0x01,
	0x46c2,	0x04,
	0x46cb,	0xff,
	0x4701,	0x40,
	0x4703,	0x08,
	0x47c0,	0x05,
	0x47c2,	0x02,
	0x47c4,	0x05,
	0x47c6,	0x01,
	0x47c8,	0x05,
	0x47ca,	0x02,
	0x47cc,	0x05,
	0x47ce,	0x01,
	0x4808,	0x54,
	0x4813,	0x10,
	0x4836,	0x32,
	0x490e,	0x00,
	0x490f,	0x30,
	0x4910,	0x00,
	0x4912,	0x00,
	0x4a0e,	0x00,
	0x4a0f,	0x30,
	0x4a10,	0x00,
	0x4a12,	0x00,
	0x4b00,	0x00,
	0x4b10,	0x02,
	0x4b11,	0x06,
	0x4b12,	0x02,
	0x4b13,	0x06,
	0x4b14,	0x02,
	0x4b15,	0x06,
	0x4b16,	0x0a,
	0x4b17,	0x0e,
	0x4b20,	0x02,
	0x4b21,	0x06,
	0x4b22,	0x02,
	0x4b23,	0x06,
	0x4b24,	0x02,
	0x4b25,	0x06,
	0x4b26,	0x0a,
	0x4b27,	0x0e,
	0x4b30,	0x02,
	0x4b31,	0x06,
	0x4b32,	0x02,
	0x4b33,	0x06,
	0x4b34,	0x02,
	0x4b35,	0x06,
	0x4b36,	0x0a,
	0x4b37,	0x0e,
	0x4b3d,	0x00,
	0x4b3f,	0x00,
	0x4b41,	0x08,
	0x4b42,	0x00,
	0x4b43,	0x08,
	0x4b45,	0x08,
	0x4b46,	0x00,
	0x4b47,	0x08,
	0x4b48,	0x02,
	0x4b49,	0x00,
	0x4b4a,	0x01,
	0x4b4b,	0x00,
	0x4b51,	0x06,
	0x4b52,	0x02,
	0x4b53,	0x06,
	0x4b54,	0x02,
	0x4b55,	0x06,
	0x4b56,	0x0a,
	0x4b57,	0x0e,
	0x4b5a,	0x08,
	0x4b61,	0x06,
	0x4b62,	0x02,
	0x4b63,	0x06,
	0x4b64,	0x02,
	0x4b65,	0x06,
	0x4b66,	0x0a,
	0x4b67,	0x0e,
	0x4b6a,	0x08,
	0x4b71,	0x06,
	0x4b72,	0x02,
	0x4b73,	0x06,
	0x4b74,	0x02,
	0x4b75,	0x06,
	0x4b76,	0x0a,
	0x4b77,	0x0e,
	0x4b7a,	0x08,
	0x4b7d,	0x00,
	0x4b7f,	0x00,
	0x4b82,	0x00,
	0x4b83,	0x08,
	0x4b85,	0x08,
	0x4b86,	0x00,
	0x4b87,	0x08,
	0x4b88,	0x02,
	0x4b89,	0x00,
	0x4b8a,	0x01,
	0x4b8b,	0x00,
	0x4b91,	0x06,
	0x4b92,	0x02,
	0x4b93,	0x06,
	0x4b94,	0x02,
	0x4b95,	0x06,
	0x4b96,	0x0a,
	0x4b97,	0x0e,
	0x4b9a,	0x08,
	0x4ba1,	0x06,
	0x4ba2,	0x02,
	0x4ba3,	0x06,
	0x4ba4,	0x02,
	0x4ba5,	0x06,
	0x4ba6,	0x0a,
	0x4ba7,	0x0e,
	0x4baa,	0x08,
	0x4bb1,	0x06,
	0x4bb2,	0x02,
	0x4bb3,	0x06,
	0x4bb4,	0x02,
	0x4bb5,	0x06,
	0x4bb6,	0x0a,
	0x4bb7,	0x0e,
	0x4bba,	0x08,
	0x4bbd,	0x00,
	0x4bbf,	0x00,
	0x4bc2,	0x00,
	0x4bc3,	0x08,
	0x4bc5,	0x08,
	0x4bc6,	0x00,
	0x4bc7,	0x08,
	0x4bc8,	0x02,
	0x4bc9,	0x00,
	0x4bca,	0x01,
	0x4bcb,	0x00,
	0x5000,	0xdf,
	0x5001,	0x00,
	0x5002,	0x40,
	0x5003,	0xc0,
	0x5016,	0x11,
	0x5017,	0x00,
	0x50b3,	0x00,
	0x51a7,	0xc0,
	0x54a7,	0xc0,
	0x57a7,	0xc0,
	0x5a60,	0x7a,
	0x5b95,	0x5c,
	0x5b97,	0x04,
	0x5b98,	0x04,
	0x5b99,	0x04,
	0x5bc0,	0x10,
	0x5e00,	0x7a,
	0x5f35,	0x5c,
	0x5f37,	0x04,
	0x5f38,	0x04,
	0x5f39,	0x04,
	0x5f60,	0x10,
	0x6200,	0x21,
	0x6201,	0x20,
	0x6365,	0x00,
	0x6382,	0x04,
	0x6392,	0x04,
	0x64a0,	0x01,
	0x64a1,	0x00,
	0x64a2,	0x40,
	0xc400,	0x10,
	0xc405,	0x0a,
	0xc406,	0x0a,
	0xc407,	0x0a,
	0xc408,	0x0a,
	0xc409,	0x0a,
	0xc40a,	0x0a,
	0xc40b,	0x0a,
	0xc40c,	0x0a,
	0xc40d,	0x0a,
	0xc40e,	0x0a,
	0xc40f,	0x0a,
	0xc410,	0x0a,
	0xc411,	0x0a,
	0xc412,	0x0a,
	0xc413,	0x0a,
	0xc414,	0x0a,
	0xc41c,	0xc8,
	0xc41e,	0xc8,
	0xc420,	0xc8,
	0xc422,	0xc8,
	0xc424,	0xc8,
	0xc426,	0xc8,
	0xc428,	0xc8,
	0xc42a,	0xc8,
	0xc42c,	0xc8,
	0xc42e,	0xc8,
	0xc430,	0xc8,
	0xc432,	0xc8,
	0xc434,	0xc8,
	0xc435,	0x0a,
	0xc436,	0x0a,
	0xc437,	0x0a,
	0xc438,	0x0a,
	0xc439,	0x0a,
	0xc43a,	0x0a,
	0xc43b,	0x0a,
	0xc43c,	0x0a,
	0xc43d,	0x0a,
	0xc43e,	0x0a,
	0xc43f,	0x0a,
	0xc440,	0x0a,
	0xc441,	0x0a,
	0xc442,	0x0a,
	0xc443,	0x0a,
	0xc444,	0x0a,
	0xc464,	0x30,
	0xc465,	0x30,
	0xc466,	0x30,
	0xc804,	0x1e,
	0xc805,	0x1e,
	0xc806,	0x1d,
	0xc807,	0x1d,
	0xc808,	0x16,
	0xc809,	0x10,
	0xc80c,	0x3f,
	0xc81d,	0x03,
	0xc81e,	0x03,
	0xc820,	0x03,
	0xc829,	0x01,
	0xc82a,	0x10,
	0xc82b,	0x15,
	0xc82c,	0x1b,
	0xc82d,	0x1c,
	0xc85a,	0x2d,
	0xc85b,	0x2d,
	0xc85c,	0x1d,
	0xc85d,	0x2d,
	0xc85e,	0x2d,
	0xc85f,	0x1d,
	0xc860,	0x24,
	0xc861,	0x25,
	0xc862,	0x1d,
	0xc863,	0x24,
	0xc864,	0x25,
	0xc865,	0x1d,
	0xc873,	0x10,
	0xc874,	0x10,
	0xc875,	0x10,
	0xc898,	0x1b,
	0xc899,	0x1b,
	0xc89a,	0x2b,
	0xc89b,	0x1a,
	0xc89c,	0x1b,
	0xc89d,	0xfe,
	0xc8a5,	0x15,
	0xc8a6,	0x0f,
	0xc8a7,	0x09,
	0xc8a8,	0x08,
	0xc8aa,	0x07,
	0xc8b1,	0x06,
	0xc8b2,	0x10,
	0xc8b3,	0x24,
	0xc8b4,	0x40,
	0xc8b5,	0x3e,
	0xc8b6,	0x40,
	0xc8b7,	0x0c,
	0xc8b8,	0x0c,
	0xc8b9,	0x16,
	0xc8ba,	0x2a,
	0xc8bb,	0x28,
	0xc8bc,	0x24,
	0xc8bd,	0x00,
	0xc8be,	0x00,
	0xc8bf,	0x00,
	0xc8c3,	0x00,
	0xc8c4,	0x00,
	0xc8c5,	0x00,
	0xc8ca,	0x02,
	0xc8cb,	0x01,
	0xc8cc,	0x0d,
	0xc8cd,	0x02,
	0xc8ce,	0x03,
	0xc8cf,	0x02,
	0xc8d0,	0x03,
	0xc8d1,	0x00,
	0xc8d2,	0x02,
	0xc8d3,	0x00,
	0xc8d4,	0x00,
	0xc8d5,	0x00,
	0xc8d6,	0x00,
	0xc8d7,	0x68,
	0xc8d8,	0x68,
	0xc8d9,	0x68,
	0xc8da,	0x03,
	0xc8db,	0x66,
	0xc8dc,	0x66,
	0xc8dd,	0x66,
	0xc8de,	0x66,
	0xc8df,	0x66,
	0xc8e0,	0x66,
	0xc8e1,	0x67,
	0xc8e2,	0x67,
	0xc8e3,	0x67,
	0xc8e4,	0x67,
	0xc8e5,	0x0f,
	0xc8e6,	0x0f,
	0xc8e7,	0x0f,
	0xc8e9,	0x0f,
	0xc8ea,	0x0f,
	0xc8eb,	0x0f,
	0xc8ec,	0x0f,
	0xc8ed,	0x0f,
	0xc8ee,	0x0f,
	0xc8f3,	0x13,
	0xc8f4,	0x16,
	0xc8f5,	0x16,
	0xc8f6,	0x10,
	0xc8f7,	0x1a,
	0xc8f8,	0x15,
	0xc8f9,	0x10,
	0xc8fa,	0x10,
	0xc8fb,	0x10,
	0xc8fc,	0x14,
	0xc8fd,	0x14,
	0xc8fe,	0x1e,
	0xc8ff,	0x1e,
	0xc900,	0x16,
	0xc903,	0x0b,
	0xc904,	0x11,
	0xc906,	0x1a,
	0xc907,	0x1a,
	0xc908,	0x1a,
	0xc924,	0x03,
	0xc925,	0x03,
	0xc930,	0x05,
	0xc931,	0x13,
	0xc933,	0x1d,
	0xc95c,	0x2d,
	0xc95d,	0x25,
	0xc95e,	0x1b,
	0xc95f,	0x2d,
	0xc960,	0x25,
	0xc961,	0x1b,
	0xc962,	0x2d,
	0xc963,	0x1b,
	0xc964,	0x1b,
	0xc965,	0x2d,
	0xc966,	0x1b,
	0xc967,	0x1b,
	0xc975,	0x10,
	0xc976,	0x10,
	0xc977,	0x10,
	0xc999,	0x38,
	0xc99a,	0x00,
	0xc99c,	0x13,
	0xc99d,	0x21,
	0xc99f,	0xaa,
	0xc9a7,	0x00,
	0xc9a8,	0x20,
	0xc9a9,	0x00,
	0xc9aa,	0x00,
	0xc9b3,	0x06,
	0xc9b4,	0x06,
	0xc9b5,	0x0a,
	0xc9b9,	0x0a,
	0xc9ba,	0x0a,
	0xc9bb,	0x0a,
	0xc9bf,	0x00,
	0xc9c0,	0x04,
	0xc9c1,	0x07,
	0xc9c2,	0x07,
	0xc9c5,	0x00,
	0xc9c7,	0x14,
	0xc9c8,	0x26,
	0xc9cc,	0x00,
	0xc9cd,	0x00,
	0xc9ce,	0x08,
	0xc9cf,	0x01,
	0xc9d0,	0x02,
	0xc9d1,	0x01,
	0xc9d2,	0x02,
	0xc9d3,	0x01,
	0xc9d4,	0x02,
	0xc9d9,	0x9c,
	0xc9da,	0x9c,
	0xc9db,	0x9c,
	0xc9dc,	0x59,
	0xc9dd,	0x9c,
	0xc9de,	0x9c,
	0xc9df,	0x9c,
	0xc9e0,	0x9c,
	0xc9e1,	0x9c,
	0xc9e2,	0x9c,
	0xc9e3,	0x9c,
	0xc9e4,	0x9c,
	0xc9e5,	0x9c,
	0xc9e6,	0x9c,
	0xc9ea,	0x0f,
	0xc9eb,	0x0f,
	0xc9ec,	0x0f,
	0xc9f5,	0x12,
	0xc9f6,	0x12,
	0xc9f7,	0x08,
	0xc9f8,	0x12,
	0xc9f9,	0x0a,
	0xc9fa,	0x08,
	0xc9fb,	0x08,
	0xc9fc,	0x10,
	0xc9fd,	0x16,
	0xc9fe,	0x1f,
	0xca0b,	0x0b,
	0xca0c,	0x11,
	0xca0e,	0x1a,
	0xca0f,	0x1a,
	0xca10,	0x1a,
	0xca17,	0x21,
	0xca1b,	0x3f,
	0xd013,	0x36,
	0xd023,	0x36,
	0xd027,	0x64,
	0xd02b,	0xf0,
	0xd02f,	0x73,
	0xd034,	0x01,
	0xd03b,	0xd3,
	0xd083,	0x08,
	0xd087,	0x53,
	0xd08f,	0x08,
	0xd093,	0x53,
	0xd0a7,	0x04,
	0xd0ab,	0x08,
	0xd0af,	0x03,
	0xd0b3,	0x08,
	0xd0bb,	0x0d,
	0xd0c3,	0x08,
	0xd0ce,	0x00,
	0xd0cf,	0x00,
	0xd143,	0x8c,
	0xd1f9,	0xf1,
	0xd1fb,	0xfd,
	0xd211,	0xf1,
	0xd213,	0xfd,
	0xd241,	0xf1,
	0xd243,	0xfd,
	0xd261,	0xf1,
	0xd263,	0xfd,
	0xd2a1,	0xf1,
	0xd2a3,	0xfd,
	0xd2c1,	0xf1,
	0xd2c3,	0xfd,
	0xd309,	0xff,
	0xd30a,	0x01,
	0xd30b,	0x73,
	0xd30d,	0x00,
	0xd30e,	0x00,
	0xd30f,	0x00,
	0xd514,	0x01,
	0xd515,	0x05,
	0xdbfd,	0xff,
	0xdbff,	0x00,
	0xdc01,	0x00,
	0xddf7,	0x41,
	0xde7b,	0x41,
	0xdeef,	0x41,
	0xdf37,	0x41,
	0xe30c,	0x01,
	0xe30d,	0x0d,
	0xe30e,	0x01,
	0xe30f,	0x69,
	0xe310,	0x00,
	0xe311,	0x00,
	0xe312,	0x00,
	0xe313,	0x00,
	0xe4d7,	0xf1,
	0xe4ed,	0xfd,
	0xe507,	0xf1,
	0xe51d,	0xfd,
	0xe5f9,	0xfb,
	0xe5fa,	0x01,
	0xe5fb,	0x00,
	0xe611,	0xfb,
	0xe612,	0x01,
	0xe613,	0x00,
	0xe629,	0xfb,
	0xe62a,	0x01,
	0xe62b,	0x00,
	0xe649,	0xfb,
	0xe64a,	0x01,
	0xe64b,	0x00,
	0xe665,	0xfb,
	0xe666,	0x01,
	0xe667,	0x00,
	0xe685,	0xfb,
	0xe686,	0x01,
	0xe687,	0x00,
	0xe6a7,	0xf1,
	0xe6bf,	0xf1,
	0xe6d5,	0xfd,
	0xe6ed,	0xfd,
	0xe708,	0x01,
	0xe709,	0x73,
	0xe70b,	0xff,
	0xe70c,	0x00,
	0xe70d,	0x00,
	0xe70f,	0x00,
	0xe720,	0x01,
	0xe721,	0x73,
	0xe723,	0xff,
	0xe724,	0x00,
	0xe725,	0x00,
	0xe727,	0x00,
	0xe738,	0x01,
	0xe739,	0x73,
	0xe73b,	0xff,
	0xe73c,	0x00,
	0xe73d,	0x00,
	0xe73f,	0x00,
	0xe750,	0x01,
	0xe751,	0x73,
	0xe753,	0xff,
	0xe754,	0x00,
	0xe755,	0x00,
	0xe757,	0x00,

	0x3014, 0xf0,
	0x301b, 0xf0,
	0x3017, 0xf0,
	0x3016, 0xf0,
	0x301f, 0x98,
	0x3046, 0x01,
	0x3208, 0x18, //group8 record end
	0x3208, 0xa7,
};

// custom23 mode 27: 16:9；DXG 14 bit； 60fps
//mode_15
static u16 warholovx9500wide_custom23_setting_seamless[] = {
	0x3208, 0xa7,
};

static u16 warholovx9500wide_custom36_setting[] = {
	0x3208, 0x06, // group6 mode 26
	0x3014, 0xf3,
	0x3016, 0xf7,
	0x3017, 0xf2,
	0x301b, 0xf6,
	0x301f, 0x99,

	0x0345,	0x40,
	0x0360,	0x01,
	0x100f,	0x62,
	0x101f,	0x62,
	0x1023,	0x37,
	0x1027,	0x4b,
	0x102b,	0xa2,
	0x102f,	0xd0,
	0x1034,	0x00,
	0x103b,	0xd0,
	0x1040,	0x00,
	0x1047,	0xb4,
	0x107a,	0x88,
	0x107b,	0x08,
	0x107e,	0x8b,
	0x107f,	0x03,
	0x1083,	0x0a,
	0x1087,	0x33,
	0x1093,	0x58,
	0x10a7,	0x02,
	0x10ab,	0x00,
	0x10ae,	0x8d,
	0x10af,	0x02,
	0x10b2,	0x8f,
	0x10b6,	0x92,
	0x10b7,	0x03,
	0x10ba,	0x95,
	0x10bb,	0x04,
	0x10be,	0x97,
	0x10c2,	0x9b,
	0x10c3,	0x10,
	0x10c6,	0x00,
	0x10c7,	0x00,
	0x1141,	0x00,
	0x1143,	0x00,
	0x11f9,	0xb5,
	0x11fb,	0xc1,
	0x1211,	0xb5,
	0x1213,	0xc1,
	0x1241,	0xb5,
	0x1243,	0xc1,
	0x1261,	0xb5,
	0x1263,	0xc1,
	0x12a1,	0xb5,
	0x12a3,	0xc1,
	0x12c1,	0xb5,
	0x12c3,	0xc1,
	0x130d,	0xc3,
	0x130e,	0x00,
	0x130f,	0xef,
	0x1310,	0x00,
	0x1311,	0xff,
	0x1313,	0x2b,
	0x1314,	0x01,
	0x1315,	0x43,
	0x1316,	0x01,
	0x1317,	0x69,
	0x1514,	0x00,
	0x1515,	0xc9,
	0x1bd1,	0x85,
	0x1c01,	0xc3,
	0x1c02,	0x00,
	0x1c03,	0xef,
	0x1c04,	0x00,
	0x1c05,	0xff,
	0x1c06,	0x01,
	0x1c07,	0x2b,
	0x1c08,	0x01,
	0x1c09,	0x3b,
	0x24ef,	0x6b,
	0x2507,	0xb5,
	0x251d,	0xc1,
	0x25f9,	0xbf,
	0x25fa,	0x00,
	0x25fb,	0xc4,
	0x2611,	0xbf,
	0x2612,	0x00,
	0x2613,	0xc4,
	0x2629,	0xbf,
	0x262a,	0x00,
	0x262b,	0xc4,
	0x2649,	0xbf,
	0x264a,	0x00,
	0x264b,	0xc4,
	0x2665,	0xbf,
	0x2666,	0x00,
	0x2667,	0xc4,
	0x2685,	0xbf,
	0x2686,	0x00,
	0x2687,	0xc4,
	0x26a7,	0xb5,
	0x26d5,	0xc1,
	0x26ef,	0x6b,
	0x2705,	0xb3,
	0x2708,	0x00,
	0x2709,	0xef,
	0x270b,	0xc3,
	0x270d,	0x2b,
	0x270e,	0x00,
	0x270f,	0xff,
	0x2710,	0x01,
	0x2711,	0x69,
	0x2712,	0x01,
	0x2713,	0x3b,
	0x271d,	0xb3,
	0x2720,	0x00,
	0x2721,	0xef,
	0x2723,	0xc3,
	0x2725,	0x2b,
	0x2726,	0x00,
	0x2727,	0xff,
	0x2728,	0x01,
	0x2729,	0x69,
	0x272a,	0x01,
	0x272b,	0x3b,
	0x2735,	0xb3,
	0x2738,	0x00,
	0x2739,	0xef,
	0x273b,	0xc3,
	0x273d,	0x2b,
	0x273e,	0x00,
	0x273f,	0xff,
	0x2740,	0x01,
	0x2741,	0x69,
	0x2742,	0x01,
	0x2743,	0x3b,
	0x274d,	0xb3,
	0x2750,	0x00,
	0x2751,	0xef,
	0x2753,	0xc3,
	0x2755,	0x2b,
	0x2756,	0x00,
	0x2757,	0xff,
	0x2758,	0x01,
	0x2759,	0x69,
	0x275a,	0x01,
	0x275b,	0x3b,
	0x3010,	0x01,
	0x3402,	0xaf,
	0x3403,	0x19,
	0x3404,	0x19,
	0x3405,	0x0f,
	0x3406,	0x08,
	0x3408,	0x0f,
	0x3409,	0x08,
	0x340a,	0x03,
	0x341b,	0x30,
	0x344d,	0x02,
	0x344e,	0x02,
	0x3506,	0xf8,
	0x350d,	0x00,
	0x350e,	0xb1,
	0x3546,	0xf8,
	0x354d,	0x00,
	0x354e,	0xb1,
	0x3586,	0xf8,
	0x3608,	0x01,
	0x3622,	0x88,
	0x3623,	0x08,
	0x3691,	0x00,
	0x3692,	0x00,
	0x3696,	0x00,
	0x369a,	0x10,
	0x369b,	0x00,
	0x36a5,	0x02,
	0x36a6,	0x40,
	0x36a7,	0x00,
	0x36b0,	0x84,
	0x36b1,	0x00,
	0x36c8,	0x01,
	0x3714,	0x62,
	0x37bc,	0x08,
	0x37c9,	0x00,
	0x3800,	0x00,
	0x3801,	0x00,
	0x3802,	0x03,
	0x3803,	0x00,
	0x3804,	0x20,
	0x3805,	0x1f,
	0x3806,	0x15,
	0x3807,	0x3f,
	0x3808,	0x10,
	0x3809,	0x00,
	0x380a,	0x09,
	0x380b,	0x00,
	0x380c,	0x04,
	0x380d,	0xb0,
	0x3811,	0x08,
	0x3813,	0x11,
	0x3814,	0x11,
	0x3815,	0x11,
	0x3820,	0x46,
	0x3821,	0x10,
	0x3823,	0x04,
	0x3828,	0x02,
	0x3830,	0x02,
	0x3831,	0x12,
	0x3837,	0x04,
	0x383f,	0x00,
	0x384c,	0x04,
	0x384d,	0xb0,
	0x386d,	0x7c,
	0x3889,	0x08,
	0x388b,	0x10,
	0x388c,	0x10,
	0x388d,	0x00,
	0x388e,	0x09,
	0x388f,	0x00,
	0x3894,	0x10,
	0x3896,	0x00,
	0x38a1,	0x1d,
	0x38a2,	0x98,
	0x38a4,	0x1d,
	0x38a5,	0x98,
	0x38a6,	0x20,
	0x38a9,	0x3b,
	0x38aa,	0x30,
	0x38ab,	0x00,
	0x38ad,	0x1d,
	0x38ae,	0x98,
	0x38b0,	0x01,
	0x38db,	0xe1,
	0x3f00,	0x06,
	0x3f30,	0x04,
	0x3f70,	0x06,
	0x3f72,	0x14,
	0x3f74,	0x14,
	0x3f76,	0x08,
	0x3f78,	0x08,
	0x3f7a,	0x08,
	0x3f7c,	0x0e,
	0x3f7e,	0x0e,
	0x3f80,	0x0e,
	0x3f8e,	0x08,
	0x3f90,	0x08,
	0x3f92,	0x08,
	0x400e,	0x1c,
	0x400f,	0x60,
	0x4010,	0xf4,
	0x4012,	0x50,
	0x4016,	0x1d,
	0x4018,	0x0f,
	0x4506,	0x01,
	0x4509,	0x07,
	0x450c,	0x00,
	0x450d,	0x60,
	0x4546,	0x04,
	0x4547,	0xb0,
	0x4549,	0x00,
	0x4580,	0x05,
	0x45c0,	0x45,
	0x45cb,	0xf0,
	0x45cc,	0x02,
	0x45cd,	0x00,
	0x45ce,	0x00,
	0x4602,	0x00,
	0x4603,	0x15,
	0x460b,	0x07,
	0x4640,	0x01,
	0x4641,	0x00,
	0x4643,	0x0c,
	0x4680,	0x09,
	0x468e,	0x30,
	0x4690,	0x11,
	0x4692,	0x56,
	0x4693,	0x00,
	0x4695,	0x11,
	0x4697,	0x11,
	0x46c0,	0x01,
	0x46c2,	0x04,
	0x46cb,	0xff,
	0x4701,	0x40,
	0x4703,	0x08,
	0x47c0,	0x05,
	0x47c2,	0x02,
	0x47c4,	0x05,
	0x47c6,	0x01,
	0x47c8,	0x05,
	0x47ca,	0x02,
	0x47cc,	0x05,
	0x47ce,	0x01,
	0x4808,	0x54,
	0x4813,	0x10,
	0x4836,	0x32,
	0x490e,	0x08,
	0x490f,	0x60,
	0x4910,	0x00,
	0x4912,	0x00,
	0x4a0e,	0x08,
	0x4a0f,	0x60,
	0x4a10,	0x00,
	0x4a12,	0x00,
	0x4b00,	0x00,
	0x4b10,	0x02,
	0x4b11,	0x06,
	0x4b12,	0x02,
	0x4b13,	0x06,
	0x4b14,	0x02,
	0x4b15,	0x06,
	0x4b16,	0x0a,
	0x4b17,	0x0e,
	0x4b20,	0x02,
	0x4b21,	0x06,
	0x4b22,	0x02,
	0x4b23,	0x06,
	0x4b24,	0x02,
	0x4b25,	0x06,
	0x4b26,	0x0a,
	0x4b27,	0x0e,
	0x4b30,	0x02,
	0x4b31,	0x06,
	0x4b32,	0x02,
	0x4b33,	0x06,
	0x4b34,	0x02,
	0x4b35,	0x06,
	0x4b36,	0x0a,
	0x4b37,	0x0e,
	0x4b3d,	0x00,
	0x4b3f,	0x00,
	0x4b41,	0x08,
	0x4b42,	0x00,
	0x4b43,	0x08,
	0x4b45,	0x08,
	0x4b46,	0x00,
	0x4b47,	0x08,
	0x4b48,	0x02,
	0x4b49,	0x00,
	0x4b4a,	0x01,
	0x4b4b,	0x00,
	0x4b51,	0x06,
	0x4b52,	0x02,
	0x4b53,	0x06,
	0x4b54,	0x02,
	0x4b55,	0x06,
	0x4b56,	0x0a,
	0x4b57,	0x0e,
	0x4b5a,	0x08,
	0x4b61,	0x06,
	0x4b62,	0x02,
	0x4b63,	0x06,
	0x4b64,	0x02,
	0x4b65,	0x06,
	0x4b66,	0x0a,
	0x4b67,	0x0e,
	0x4b6a,	0x08,
	0x4b71,	0x06,
	0x4b72,	0x02,
	0x4b73,	0x06,
	0x4b74,	0x02,
	0x4b75,	0x06,
	0x4b76,	0x0a,
	0x4b77,	0x0e,
	0x4b7a,	0x08,
	0x4b7d,	0x00,
	0x4b7f,	0x00,
	0x4b82,	0x00,
	0x4b83,	0x08,
	0x4b85,	0x08,
	0x4b86,	0x00,
	0x4b87,	0x08,
	0x4b88,	0x02,
	0x4b89,	0x00,
	0x4b8a,	0x01,
	0x4b8b,	0x00,
	0x4b91,	0x06,
	0x4b92,	0x02,
	0x4b93,	0x06,
	0x4b94,	0x02,
	0x4b95,	0x06,
	0x4b96,	0x0a,
	0x4b97,	0x0e,
	0x4b9a,	0x08,
	0x4ba1,	0x06,
	0x4ba2,	0x02,
	0x4ba3,	0x06,
	0x4ba4,	0x02,
	0x4ba5,	0x06,
	0x4ba6,	0x0a,
	0x4ba7,	0x0e,
	0x4baa,	0x08,
	0x4bb1,	0x06,
	0x4bb2,	0x02,
	0x4bb3,	0x06,
	0x4bb4,	0x02,
	0x4bb5,	0x06,
	0x4bb6,	0x0a,
	0x4bb7,	0x0e,
	0x4bba,	0x08,
	0x4bbd,	0x00,
	0x4bbf,	0x00,
	0x4bc2,	0x00,
	0x4bc3,	0x08,
	0x4bc5,	0x08,
	0x4bc6,	0x00,
	0x4bc7,	0x08,
	0x4bc8,	0x02,
	0x4bc9,	0x00,
	0x4bca,	0x01,
	0x4bcb,	0x00,
	0x5000,	0x0f,
	0x5001,	0x00,
	0x5002,	0x40,
	0x5003,	0xc0,
	0x5016,	0x11,
	0x5017,	0x00,
	0x50b3,	0x00,
	0x51a7,	0xc0,
	0x54a7,	0xc0,
	0x57a7,	0xc0,
	0x5a60,	0x7b,
	0x5b95,	0x45,
	0x5b97,	0x0c,
	0x5b98,	0x08,
	0x5b99,	0x00,
	0x5bc0,	0x1f,
	0x5e00,	0x7b,
	0x5f35,	0x45,
	0x5f37,	0x0c,
	0x5f38,	0x08,
	0x5f39,	0x00,
	0x5f60,	0x1f,
	0x6200,	0x60,
	0x6201,	0x00,
	0x6365,	0x00,
	0x6382,	0x03,
	0x6392,	0x03,
	0x64a0,	0x01,
	0x64a1,	0x00,
	0x64a2,	0x40,
	0xc400,	0x11,
	0xc405,	0x12,
	0xc406,	0x12,
	0xc407,	0x00,
	0xc408,	0x00,
	0xc409,	0x00,
	0xc40a,	0x00,
	0xc40b,	0x00,
	0xc40c,	0x00,
	0xc40d,	0x00,
	0xc40e,	0x00,
	0xc40f,	0x00,
	0xc410,	0x00,
	0xc411,	0x00,
	0xc412,	0x00,
	0xc413,	0x00,
	0xc414,	0x00,
	0xc41c,	0x00,
	0xc41e,	0x00,
	0xc420,	0x00,
	0xc422,	0x00,
	0xc424,	0x00,
	0xc426,	0x00,
	0xc428,	0x00,
	0xc42a,	0x00,
	0xc42c,	0x00,
	0xc42e,	0x00,
	0xc430,	0x00,
	0xc432,	0x00,
	0xc434,	0x00,
	0xc435,	0x12,
	0xc436,	0x12,
	0xc437,	0x00,
	0xc438,	0x00,
	0xc439,	0x00,
	0xc43a,	0x00,
	0xc43b,	0x00,
	0xc43c,	0x00,
	0xc43d,	0x00,
	0xc43e,	0x00,
	0xc43f,	0x00,
	0xc440,	0x00,
	0xc441,	0x00,
	0xc442,	0x00,
	0xc443,	0x00,
	0xc444,	0x00,
	0xc464,	0x60,
	0xc465,	0x60,
	0xc466,	0x60,
	0xc804,	0x1d,
	0xc805,	0x1d,
	0xc806,	0x1c,
	0xc807,	0x1c,
	0xc808,	0x16,
	0xc809,	0x10,
	0xc80c,	0x0f,
	0xc81d,	0x03,
	0xc81e,	0x03,
	0xc820,	0x03,
	0xc829,	0x01,
	0xc82a,	0x10,
	0xc82b,	0x15,
	0xc82c,	0x1b,
	0xc82d,	0x1c,
	0xc85a,	0x3f,
	0xc85b,	0x3f,
	0xc85c,	0x3f,
	0xc85d,	0x3f,
	0xc85e,	0x3f,
	0xc85f,	0x3f,
	0xc860,	0x2d,
	0xc861,	0x2d,
	0xc862,	0x3f,
	0xc863,	0x2d,
	0xc864,	0x2d,
	0xc865,	0x3f,
	0xc873,	0x10,
	0xc874,	0x10,
	0xc875,	0x10,
	0xc898,	0x0b,
	0xc899,	0x00,
	0xc89a,	0x00,
	0xc89b,	0x00,
	0xc89c,	0x00,
	0xc89d,	0xea,
	0xc8a5,	0x1f,
	0xc8a6,	0x12,
	0xc8a7,	0x0b,
	0xc8a8,	0x0f,
	0xc8aa,	0x00,
	0xc8b1,	0x06,
	0xc8b2,	0x0a,
	0xc8b3,	0x18,
	0xc8b4,	0x37,
	0xc8b5,	0x00,
	0xc8b6,	0x00,
	0xc8b7,	0x0b,
	0xc8b8,	0x0b,
	0xc8b9,	0x16,
	0xc8ba,	0x2c,
	0xc8bb,	0x00,
	0xc8bc,	0x00,
	0xc8bd,	0x02,
	0xc8be,	0x02,
	0xc8bf,	0x04,
	0xc8c3,	0x0a,
	0xc8c4,	0x0a,
	0xc8c5,	0x0a,
	0xc8ca,	0x00,
	0xc8cb,	0x03,
	0xc8cc,	0x12,
	0xc8cd,	0x04,
	0xc8ce,	0x03,
	0xc8cf,	0x03,
	0xc8d0,	0x03,
	0xc8d1,	0x01,
	0xc8d2,	0x02,
	0xc8d3,	0x01,
	0xc8d4,	0x01,
	0xc8d5,	0x02,
	0xc8d6,	0x02,
	0xc8d7,	0x68,
	0xc8d8,	0x67,
	0xc8d9,	0x67,
	0xc8da,	0x03,
	0xc8db,	0x66,
	0xc8dc,	0x66,
	0xc8dd,	0x66,
	0xc8de,	0x66,
	0xc8df,	0x66,
	0xc8e0,	0x66,
	0xc8e1,	0x66,
	0xc8e2,	0x66,
	0xc8e3,	0x66,
	0xc8e4,	0x66,
	0xc8e5,	0x0f,
	0xc8e6,	0x0f,
	0xc8e7,	0x0f,
	0xc8e9,	0x0f,
	0xc8ea,	0x0f,
	0xc8eb,	0x0f,
	0xc8ec,	0x0f,
	0xc8ed,	0x0f,
	0xc8ee,	0x0f,
	0xc8f3,	0x1e,
	0xc8f4,	0x1e,
	0xc8f5,	0x16,
	0xc8f6,	0x08,
	0xc8f7,	0x10,
	0xc8f8,	0x18,
	0xc8f9,	0x05,
	0xc8fa,	0x05,
	0xc8fb,	0x0a,
	0xc8fc,	0x0a,
	0xc8fd,	0x00,
	0xc8fe,	0x00,
	0xc8ff,	0x00,
	0xc900,	0x00,
	0xc903,	0x0b,
	0xc904,	0x11,
	0xc906,	0x1a,
	0xc907,	0x1a,
	0xc908,	0x1a,
	0xc924,	0x03,
	0xc925,	0x03,
	0xc930,	0x05,
	0xc931,	0x13,
	0xc933,	0x1d,
	0xc95c,	0x34,
	0xc95d,	0x3f,
	0xc95e,	0x3f,
	0xc95f,	0x34,
	0xc960,	0x3f,
	0xc961,	0x3f,
	0xc962,	0x22,
	0xc963,	0x3f,
	0xc964,	0x3f,
	0xc965,	0x22,
	0xc966,	0x3f,
	0xc967,	0x3f,
	0xc975,	0x10,
	0xc976,	0x10,
	0xc977,	0x10,
	0xc999,	0x3f,
	0xc99a,	0x00,
	0xc99c,	0x00,
	0xc99d,	0x00,
	0xc99f,	0xd7,
	0xc9a7,	0x2e,
	0xc9a8,	0x2b,
	0xc9a9,	0x00,
	0xc9aa,	0x00,
	0xc9b3,	0x06,
	0xc9b4,	0x04,
	0xc9b5,	0x08,
	0xc9b9,	0x0b,
	0xc9ba,	0x0a,
	0xc9bb,	0x0b,
	0xc9bf,	0x02,
	0xc9c0,	0x02,
	0xc9c1,	0x0e,
	0xc9c2,	0x24,
	0xc9c5,	0x0a,
	0xc9c7,	0x14,
	0xc9c8,	0x27,
	0xc9cc,	0x01,
	0xc9cd,	0x01,
	0xc9ce,	0x00,
	0xc9cf,	0x01,
	0xc9d0,	0x02,
	0xc9d1,	0x00,
	0xc9d2,	0x00,
	0xc9d3,	0x00,
	0xc9d4,	0x00,
	0xc9d9,	0x9c,
	0xc9da,	0x9b,
	0xc9db,	0x9b,
	0xc9dc,	0x57,
	0xc9dd,	0x99,
	0xc9de,	0x99,
	0xc9df,	0x9c,
	0xc9e0,	0x9c,
	0xc9e1,	0x9c,
	0xc9e2,	0x9c,
	0xc9e3,	0x9c,
	0xc9e4,	0x9c,
	0xc9e5,	0x9c,
	0xc9e6,	0x9c,
	0xc9ea,	0x0f,
	0xc9eb,	0x0f,
	0xc9ec,	0x0f,
	0xc9f5,	0x14,
	0xc9f6,	0x0f,
	0xc9f7,	0x0f,
	0xc9f8,	0x0a,
	0xc9f9,	0x06,
	0xc9fa,	0x10,
	0xc9fb,	0x00,
	0xc9fc,	0x00,
	0xc9fd,	0x00,
	0xc9fe,	0x00,
	0xca0b,	0x0b,
	0xca0c,	0x11,
	0xca0e,	0x1a,
	0xca0f,	0x1a,
	0xca10,	0x1a,
	0xca17,	0x81,
	0xca1b,	0x3e,
	0xd013,	0x37,
	0xd023,	0x37,
	0xd027,	0x36,
	0xd02b,	0x96,
	0xd02f,	0x7a,
	0xd034,	0x00,
	0xd03b,	0x7a,
	0xd083,	0x00,
	0xd087,	0x02,
	0xd08f,	0x00,
	0xd093,	0x02,
	0xd0a7,	0x02,
	0xd0ab,	0x09,
	0xd0af,	0x00,
	0xd0b3,	0x00,
	0xd0bb,	0x08,
	0xd0c3,	0x10,
	0xd0ce,	0x41,
	0xd0cf,	0x05,
	0xd143,	0x50,
	0xd1f9,	0xb5,
	0xd1fb,	0xc1,
	0xd211,	0xb5,
	0xd213,	0xc1,
	0xd241,	0xb5,
	0xd243,	0xc1,
	0xd261,	0xb5,
	0xd263,	0xc1,
	0xd2a1,	0xb5,
	0xd2a3,	0xc1,
	0xd2c1,	0xb5,
	0xd2c3,	0xc1,
	0xd309,	0xc3,
	0xd30a,	0x00,
	0xd30b,	0xef,
	0xd30d,	0xff,
	0xd30e,	0x01,
	0xd30f,	0x73,
	0xd514,	0x00,
	0xd515,	0xc9,
	0xdbfd,	0xc3,
	0xdbff,	0xef,
	0xdc01,	0xff,
	0xddf7,	0x42,
	0xde7b,	0x42,
	0xdeef,	0x42,
	0xdf37,	0x42,
	0xe30c,	0x00,
	0xe30d,	0xd1,
	0xe30e,	0x00,
	0xe30f,	0xe7,
	0xe310,	0x01,
	0xe311,	0x0d,
	0xe312,	0x01,
	0xe313,	0x69,
	0xe4d7,	0xb5,
	0xe4ed,	0xc1,
	0xe507,	0xb5,
	0xe51d,	0xc1,
	0xe5f9,	0xbf,
	0xe5fa,	0x00,
	0xe5fb,	0xc4,
	0xe611,	0xbf,
	0xe612,	0x00,
	0xe613,	0xc4,
	0xe629,	0xbf,
	0xe62a,	0x00,
	0xe62b,	0xc4,
	0xe649,	0xbf,
	0xe64a,	0x00,
	0xe64b,	0xc4,
	0xe665,	0xbf,
	0xe666,	0x00,
	0xe667,	0xc4,
	0xe685,	0xbf,
	0xe686,	0x00,
	0xe687,	0xc4,
	0xe6a7,	0xb5,
	0xe6bf,	0xb5,
	0xe6d5,	0xc1,
	0xe6ed,	0xc1,
	0xe708,	0x00,
	0xe709,	0xef,
	0xe70b,	0xc3,
	0xe70c,	0x01,
	0xe70d,	0x73,
	0xe70f,	0xff,
	0xe720,	0x00,
	0xe721,	0xef,
	0xe723,	0xc3,
	0xe724,	0x01,
	0xe725,	0x73,
	0xe727,	0xff,
	0xe738,	0x00,
	0xe739,	0xef,
	0xe73b,	0xc3,
	0xe73c,	0x01,
	0xe73d,	0x73,
	0xe73f,	0xff,
	0xe750,	0x00,
	0xe751,	0xef,
	0xe753,	0xc3,
	0xe754,	0x01,
	0xe755,	0x73,
	0xe757,	0xff,

	0x3014, 0xf0,
	0x301b, 0xf0,
	0x3017, 0xf0,
	0x3016, 0xf0,
	0x301f, 0x98,
	0x3046, 0x01,
	0x3208, 0x16, //group6 record end



	0x3208, 0x07, //group7 mode 27
	0x3014, 0xf3,
	0x3016, 0xf7,
	0x3017, 0xf2,
	0x301b, 0xf6,
	0x301f, 0x99,

	0x0345,	0x40,
	0x0360,	0x03,
	0x100f,	0x62,
	0x101f,	0x62,
	0x1023,	0x37,
	0x1027,	0x4b,
	0x102b,	0xa2,
	0x102f,	0xd0,
	0x1034,	0x00,
	0x103b,	0xd0,
	0x1040,	0x00,
	0x1047,	0xb4,
	0x107a,	0x88,
	0x107b,	0x08,
	0x107e,	0x8b,
	0x107f,	0x03,
	0x1083,	0x0a,
	0x1087,	0x33,
	0x1093,	0x58,
	0x10a7,	0x02,
	0x10ab,	0x00,
	0x10ae,	0x8d,
	0x10af,	0x02,
	0x10b2,	0x8f,
	0x10b6,	0x92,
	0x10b7,	0x03,
	0x10ba,	0x95,
	0x10bb,	0x04,
	0x10be,	0x97,
	0x10c2,	0x9b,
	0x10c3,	0x10,
	0x10c6,	0x00,
	0x10c7,	0x00,
	0x1141,	0x00,
	0x1143,	0x00,
	0x11f9,	0xb5,
	0x11fb,	0xc1,
	0x1211,	0xb5,
	0x1213,	0xc1,
	0x1241,	0xb5,
	0x1243,	0xc1,
	0x1261,	0xb5,
	0x1263,	0xc1,
	0x12a1,	0xb5,
	0x12a3,	0xc1,
	0x12c1,	0xb5,
	0x12c3,	0xc1,
	0x130d,	0xc3,
	0x130e,	0x00,
	0x130f,	0xef,
	0x1310,	0x00,
	0x1311,	0xff,
	0x1313,	0x2b,
	0x1314,	0x01,
	0x1315,	0x43,
	0x1316,	0x01,
	0x1317,	0x69,
	0x1514,	0x00,
	0x1515,	0xc9,
	0x1bd1,	0x85,
	0x1c01,	0xc3,
	0x1c02,	0x00,
	0x1c03,	0xef,
	0x1c04,	0x00,
	0x1c05,	0xff,
	0x1c06,	0x01,
	0x1c07,	0x2b,
	0x1c08,	0x01,
	0x1c09,	0x3b,
	0x24ef,	0x6b,
	0x2507,	0xb5,
	0x251d,	0xc1,
	0x25f9,	0xbf,
	0x25fa,	0x00,
	0x25fb,	0xc4,
	0x2611,	0xbf,
	0x2612,	0x00,
	0x2613,	0xc4,
	0x2629,	0xbf,
	0x262a,	0x00,
	0x262b,	0xc4,
	0x2649,	0xbf,
	0x264a,	0x00,
	0x264b,	0xc4,
	0x2665,	0xbf,
	0x2666,	0x00,
	0x2667,	0xc4,
	0x2685,	0xbf,
	0x2686,	0x00,
	0x2687,	0xc4,
	0x26a7,	0xb5,
	0x26d5,	0xc1,
	0x26ef,	0x6b,
	0x2705,	0xb3,
	0x2708,	0x00,
	0x2709,	0xef,
	0x270b,	0xc3,
	0x270d,	0x2b,
	0x270e,	0x00,
	0x270f,	0xff,
	0x2710,	0x01,
	0x2711,	0x69,
	0x2712,	0x01,
	0x2713,	0x3b,
	0x271d,	0xb3,
	0x2720,	0x00,
	0x2721,	0xef,
	0x2723,	0xc3,
	0x2725,	0x2b,
	0x2726,	0x00,
	0x2727,	0xff,
	0x2728,	0x01,
	0x2729,	0x69,
	0x272a,	0x01,
	0x272b,	0x3b,
	0x2735,	0xb3,
	0x2738,	0x00,
	0x2739,	0xef,
	0x273b,	0xc3,
	0x273d,	0x2b,
	0x273e,	0x00,
	0x273f,	0xff,
	0x2740,	0x01,
	0x2741,	0x69,
	0x2742,	0x01,
	0x2743,	0x3b,
	0x274d,	0xb3,
	0x2750,	0x00,
	0x2751,	0xef,
	0x2753,	0xc3,
	0x2755,	0x2b,
	0x2756,	0x00,
	0x2757,	0xff,
	0x2758,	0x01,
	0x2759,	0x69,
	0x275a,	0x01,
	0x275b,	0x3b,
	0x3010,	0x06,
	0x3402,	0x58,
	0x3403,	0x0d,
	0x3404,	0x0d,
	0x3405,	0x08,
	0x3406,	0x04,
	0x3408,	0x08,
	0x3409,	0x04,
	0x340a,	0x02,
	0x341b,	0x30,
	0x344d,	0x02,
	0x344e,	0x02,
	0x3506,	0x1b,
	0x350d,	0x01,
	0x350e,	0x00,
	0x3546,	0x19,
	0x354d,	0x01,
	0x354e,	0x00,
	0x3586,	0x98,
	0x3608,	0x00,
	0x3622,	0xa8,
	0x3623,	0x06,
	0x3691,	0x01,
	0x3692,	0x20,
	0x3696,	0x00,
	0x369a,	0x10,
	0x369b,	0x00,
	0x36a5,	0x02,
	0x36a6,	0x40,
	0x36a7,	0x00,
	0x36b0,	0x84,
	0x36b1,	0x04,
	0x36c8,	0x01,
	0x3714,	0x62,
	0x37bc,	0x08,
	0x37c9,	0x02,
	0x3800,	0x00,
	0x3801,	0x00,
	0x3802,	0x03,
	0x3803,	0x00,
	0x3804,	0x20,
	0x3805,	0x1f,
	0x3806,	0x15,
	0x3807,	0x3f,
	0x3808,	0x10,
	0x3809,	0x00,
	0x380a,	0x09,
	0x380b,	0x00,
	0x380c,	0x09,
	0x380d,	0x60,
	0x3811,	0x08,
	0x3813,	0x11,
	0x3814,	0x11,
	0x3815,	0x11,
	0x3820,	0x46,
	0x3821,	0x10,
	0x3823,	0x06,
	0x3828,	0x02,
	0x3830,	0x02,
	0x3831,	0x12,
	0x3837,	0x04,
	0x383f,	0x04,
	0x384c,	0x09,
	0x384d,	0x60,
	0x386d,	0x7c,
	0x3889,	0x08,
	0x388b,	0x10,
	0x388c,	0x10,
	0x388d,	0x00,
	0x388e,	0x09,
	0x388f,	0x00,
	0x3894,	0x10,
	0x3896,	0x00,
	0x38a1,	0x1d,
	0x38a2,	0x98,
	0x38a4,	0x1d,
	0x38a5,	0x98,
	0x38a6,	0x20,
	0x38a9,	0x3b,
	0x38aa,	0x30,
	0x38ab,	0x00,
	0x38ad,	0x1d,
	0x38ae,	0x98,
	0x38b0,	0x01,
	0x38db,	0xe1,
	0x3f00,	0x06,
	0x3f30,	0x04,
	0x3f70,	0x0a,
	0x3f72,	0x1e,
	0x3f74,	0x1e,
	0x3f76,	0x0e,
	0x3f78,	0x0e,
	0x3f7a,	0x0e,
	0x3f7c,	0x08,
	0x3f7e,	0x08,
	0x3f80,	0x08,
	0x3f8e,	0x08,
	0x3f90,	0x08,
	0x3f92,	0x08,
	0x400e,	0x1c,
	0x400f,	0x60,
	0x4010,	0xf4,
	0x4012,	0x50,
	0x4016,	0x1d,
	0x4018,	0x0f,
	0x4506,	0x01,
	0x4509,	0x07,
	0x450c,	0x00,
	0x450d,	0x60,
	0x4546,	0x04,
	0x4547,	0xb0,
	0x4549,	0x00,
	0x4580,	0x05,
	0x45c0,	0x45,
	0x45cb,	0xf0,
	0x45cc,	0x02,
	0x45cd,	0x00,
	0x45ce,	0x00,
	0x4602,	0x00,
	0x4603,	0x15,
	0x460b,	0x07,
	0x4640,	0x01,
	0x4641,	0x00,
	0x4643,	0x0c,
	0x4680,	0x09,
	0x468e,	0x38,
	0x4690,	0x22,
	0x4692,	0x56,
	0x4693,	0x00,
	0x4695,	0x11,
	0x4697,	0x33,
	0x46c0,	0x41,
	0x46c2,	0x14,
	0x46cb,	0xf0,
	0x4701,	0x40,
	0x4703,	0x0c,
	0x47c0,	0x05,
	0x47c2,	0x02,
	0x47c4,	0x05,
	0x47c6,	0x01,
	0x47c8,	0x05,
	0x47ca,	0x02,
	0x47cc,	0x05,
	0x47ce,	0x01,
	0x4808,	0x43,
	0x4813,	0x50,
	0x4836,	0x21,
	0x490e,	0x08,
	0x490f,	0x30,
	0x4910,	0x00,
	0x4912,	0x00,
	0x4a0e,	0x08,
	0x4a0f,	0x30,
	0x4a10,	0x00,
	0x4a12,	0x00,
	0x4b00,	0x40,
	0x4b10,	0x05,
	0x4b11,	0x04,
	0x4b12,	0x00,
	0x4b13,	0x01,
	0x4b14,	0x01,
	0x4b15,	0x05,
	0x4b16,	0x09,
	0x4b17,	0x0d,
	0x4b20,	0x05,
	0x4b21,	0x04,
	0x4b22,	0x00,
	0x4b23,	0x01,
	0x4b24,	0x01,
	0x4b25,	0x05,
	0x4b26,	0x09,
	0x4b27,	0x0d,
	0x4b30,	0x05,
	0x4b31,	0x04,
	0x4b32,	0x00,
	0x4b33,	0x01,
	0x4b34,	0x01,
	0x4b35,	0x05,
	0x4b36,	0x09,
	0x4b37,	0x0d,
	0x4b3d,	0x10,
	0x4b3f,	0x10,
	0x4b41,	0x10,
	0x4b42,	0x20,
	0x4b43,	0x00,
	0x4b45,	0x10,
	0x4b46,	0x10,
	0x4b47,	0x00,
	0x4b48,	0x20,
	0x4b49,	0x20,
	0x4b4a,	0x10,
	0x4b4b,	0x20,
	0x4b51,	0x02,
	0x4b52,	0x00,
	0x4b53,	0x00,
	0x4b54,	0x01,
	0x4b55,	0x05,
	0x4b56,	0x09,
	0x4b57,	0x0d,
	0x4b5a,	0x04,
	0x4b61,	0x02,
	0x4b62,	0x00,
	0x4b63,	0x00,
	0x4b64,	0x01,
	0x4b65,	0x05,
	0x4b66,	0x09,
	0x4b67,	0x0d,
	0x4b6a,	0x04,
	0x4b71,	0x02,
	0x4b72,	0x00,
	0x4b73,	0x00,
	0x4b74,	0x01,
	0x4b75,	0x05,
	0x4b76,	0x09,
	0x4b77,	0x0d,
	0x4b7a,	0x04,
	0x4b7d,	0x08,
	0x4b7f,	0x10,
	0x4b82,	0x10,
	0x4b83,	0x00,
	0x4b85,	0x10,
	0x4b86,	0x10,
	0x4b87,	0x00,
	0x4b88,	0x10,
	0x4b89,	0x10,
	0x4b8a,	0x10,
	0x4b8b,	0x20,
	0x4b91,	0x02,
	0x4b92,	0x00,
	0x4b93,	0x00,
	0x4b94,	0x01,
	0x4b95,	0x05,
	0x4b96,	0x09,
	0x4b97,	0x0d,
	0x4b9a,	0x04,
	0x4ba1,	0x02,
	0x4ba2,	0x00,
	0x4ba3,	0x00,
	0x4ba4,	0x01,
	0x4ba5,	0x05,
	0x4ba6,	0x09,
	0x4ba7,	0x0d,
	0x4baa,	0x04,
	0x4bb1,	0x02,
	0x4bb2,	0x00,
	0x4bb3,	0x00,
	0x4bb4,	0x01,
	0x4bb5,	0x05,
	0x4bb6,	0x09,
	0x4bb7,	0x0d,
	0x4bba,	0x04,
	0x4bbd,	0x08,
	0x4bbf,	0x10,
	0x4bc2,	0x10,
	0x4bc3,	0x00,
	0x4bc5,	0x10,
	0x4bc6,	0x10,
	0x4bc7,	0x00,
	0x4bc8,	0x10,
	0x4bc9,	0x10,
	0x4bca,	0x10,
	0x4bcb,	0x20,
	0x5000,	0x2f,
	0x5001,	0x2c,
	0x5002,	0x71,
	0x5003,	0xcc,
	0x5016,	0x31,
	0x5017,	0x01,
	0x50b3,	0xd7,
	0x51a7,	0xd8,
	0x54a7,	0xd8,
	0x57a7,	0xd8,
	0x5a60,	0x7b,
	0x5b95,	0x45,
	0x5b97,	0x0c,
	0x5b98,	0x08,
	0x5b99,	0x00,
	0x5bc0,	0x1f,
	0x5e00,	0x7b,
	0x5f35,	0x45,
	0x5f37,	0x0c,
	0x5f38,	0x08,
	0x5f39,	0x00,
	0x5f60,	0x1f,
	0x6200,	0x60,
	0x6201,	0x01,
	0x6365,	0x80,
	0x6382,	0x03,
	0x6392,	0x03,
	0x64a0,	0x03,
	0x64a1,	0x04,
	0x64a2,	0x00,
	0xc400,	0x11,
	0xc405,	0x12,
	0xc406,	0x12,
	0xc407,	0x12,
	0xc408,	0x00,
	0xc409,	0x00,
	0xc40a,	0x00,
	0xc40b,	0x00,
	0xc40c,	0x00,
	0xc40d,	0x00,
	0xc40e,	0x00,
	0xc40f,	0x00,
	0xc410,	0x00,
	0xc411,	0x00,
	0xc412,	0x00,
	0xc413,	0x00,
	0xc414,	0x00,
	0xc41c,	0x00,
	0xc41e,	0x00,
	0xc420,	0x00,
	0xc422,	0x00,
	0xc424,	0x00,
	0xc426,	0x00,
	0xc428,	0x00,
	0xc42a,	0x00,
	0xc42c,	0x00,
	0xc42e,	0x00,
	0xc430,	0x00,
	0xc432,	0x00,
	0xc434,	0x00,
	0xc435,	0x12,
	0xc436,	0x12,
	0xc437,	0x12,
	0xc438,	0x00,
	0xc439,	0x00,
	0xc43a,	0x00,
	0xc43b,	0x00,
	0xc43c,	0x00,
	0xc43d,	0x00,
	0xc43e,	0x00,
	0xc43f,	0x00,
	0xc440,	0x00,
	0xc441,	0x00,
	0xc442,	0x00,
	0xc443,	0x00,
	0xc444,	0x00,
	0xc464,	0x60,
	0xc465,	0x30,
	0xc466,	0x30,
	0xc804,	0x1d,
	0xc805,	0x1d,
	0xc806,	0x1f,
	0xc807,	0x1f,
	0xc808,	0x18,
	0xc809,	0x18,
	0xc80c,	0x0f,
	0xc81d,	0x03,
	0xc81e,	0x03,
	0xc820,	0x03,
	0xc829,	0x09,
	0xc82a,	0x12,
	0xc82b,	0x16,
	0xc82c,	0x1c,
	0xc82d,	0x1d,
	0xc85a,	0x3e,
	0xc85b,	0x1d,
	0xc85c,	0x1b,
	0xc85d,	0x3f,
	0xc85e,	0x1d,
	0xc85f,	0x1b,
	0xc860,	0x2f,
	0xc861,	0x1d,
	0xc862,	0x1b,
	0xc863,	0x2e,
	0xc864,	0x1d,
	0xc865,	0x1b,
	0xc873,	0x0c,
	0xc874,	0x0c,
	0xc875,	0x0c,
	0xc898,	0x1b,
	0xc899,	0x1b,
	0xc89a,	0x00,
	0xc89b,	0x00,
	0xc89c,	0x00,
	0xc89d,	0xff,
	0xc8a5,	0x10,
	0xc8a6,	0x0b,
	0xc8a7,	0x07,
	0xc8a8,	0x06,
	0xc8aa,	0x05,
	0xc8b1,	0x0a,
	0xc8b2,	0x10,
	0xc8b3,	0x28,
	0xc8b4,	0x4a,
	0xc8b5,	0x4a,
	0xc8b6,	0x4a,
	0xc8b7,	0x0c,
	0xc8b8,	0x0c,
	0xc8b9,	0x18,
	0xc8ba,	0x2a,
	0xc8bb,	0x28,
	0xc8bc,	0x24,
	0xc8bd,	0x02,
	0xc8be,	0x02,
	0xc8bf,	0x04,
	0xc8c3,	0x0a,
	0xc8c4,	0x0a,
	0xc8c5,	0x0a,
	0xc8ca,	0x01,
	0xc8cb,	0x01,
	0xc8cc,	0x07,
	0xc8cd,	0x05,
	0xc8ce,	0x05,
	0xc8cf,	0x04,
	0xc8d0,	0x04,
	0xc8d1,	0x04,
	0xc8d2,	0x04,
	0xc8d3,	0x05,
	0xc8d4,	0x05,
	0xc8d5,	0x08,
	0xc8d6,	0x08,
	0xc8d7,	0x89,
	0xc8d8,	0x89,
	0xc8d9,	0x89,
	0xc8da,	0x3a,
	0xc8db,	0x87,
	0xc8dc,	0x87,
	0xc8dd,	0x87,
	0xc8de,	0x87,
	0xc8df,	0x87,
	0xc8e0,	0x87,
	0xc8e1,	0x87,
	0xc8e2,	0x87,
	0xc8e3,	0x87,
	0xc8e4,	0x87,
	0xc8e5,	0x0f,
	0xc8e6,	0x0f,
	0xc8e7,	0x0f,
	0xc8e9,	0x0f,
	0xc8ea,	0x0f,
	0xc8eb,	0x0f,
	0xc8ec,	0x0f,
	0xc8ed,	0x0f,
	0xc8ee,	0x0f,
	0xc8f3,	0x1e,
	0xc8f4,	0x10,
	0xc8f5,	0x0a,
	0xc8f6,	0x01,
	0xc8f7,	0x0f,
	0xc8f8,	0x08,
	0xc8f9,	0x08,
	0xc8fa,	0x08,
	0xc8fb,	0x08,
	0xc8fc,	0x08,
	0xc8fd,	0x12,
	0xc8fe,	0x12,
	0xc8ff,	0x10,
	0xc900,	0x10,
	0xc903,	0x09,
	0xc904,	0x10,
	0xc906,	0x17,
	0xc907,	0x17,
	0xc908,	0x17,
	0xc924,	0x03,
	0xc925,	0x03,
	0xc930,	0x07,
	0xc931,	0x12,
	0xc933,	0x1c,
	0xc95c,	0x23,
	0xc95d,	0x33,
	0xc95e,	0x1b,
	0xc95f,	0x1a,
	0xc960,	0x33,
	0xc961,	0x1b,
	0xc962,	0x0f,
	0xc963,	0x39,
	0xc964,	0x1b,
	0xc965,	0x0e,
	0xc966,	0x09,
	0xc967,	0x1b,
	0xc975,	0x0c,
	0xc976,	0x0c,
	0xc977,	0x0c,
	0xc999,	0x3f,
	0xc99a,	0x2c,
	0xc99c,	0x00,
	0xc99d,	0x00,
	0xc99f,	0xff,
	0xc9a7,	0x3f,
	0xc9a8,	0x25,
	0xc9a9,	0x3f,
	0xc9aa,	0x13,
	0xc9b3,	0x08,
	0xc9b4,	0x08,
	0xc9b5,	0x0c,
	0xc9b9,	0x0c,
	0xc9ba,	0x0c,
	0xc9bb,	0x0c,
	0xc9bf,	0x02,
	0xc9c0,	0x06,
	0xc9c1,	0x0a,
	0xc9c2,	0x24,
	0xc9c5,	0x0a,
	0xc9c7,	0x1a,
	0xc9c8,	0x32,
	0xc9cc,	0x02,
	0xc9cd,	0x00,
	0xc9ce,	0x04,
	0xc9cf,	0x00,
	0xc9d0,	0x00,
	0xc9d1,	0x00,
	0xc9d2,	0x00,
	0xc9d3,	0x00,
	0xc9d4,	0x00,
	0xc9d9,	0x89,
	0xc9da,	0x88,
	0xc9db,	0x88,
	0xc9dc,	0x39,
	0xc9dd,	0x85,
	0xc9de,	0x85,
	0xc9df,	0x85,
	0xc9e0,	0x85,
	0xc9e1,	0x85,
	0xc9e2,	0x85,
	0xc9e3,	0x89,
	0xc9e4,	0x89,
	0xc9e5,	0x89,
	0xc9e6,	0x89,
	0xc9ea,	0x0f,
	0xc9eb,	0x0f,
	0xc9ec,	0x0f,
	0xc9f5,	0x1a,
	0xc9f6,	0x1a,
	0xc9f7,	0x10,
	0xc9f8,	0x10,
	0xc9f9,	0x10,
	0xc9fa,	0x10,
	0xc9fb,	0x10,
	0xc9fc,	0x10,
	0xc9fd,	0x10,
	0xc9fe,	0x08,
	0xca0b,	0x09,
	0xca0c,	0x10,
	0xca0e,	0x17,
	0xca0f,	0x17,
	0xca10,	0x17,
	0xca17,	0x81,
	0xca1b,	0x3e,
	0xd013,	0x37,
	0xd023,	0x37,
	0xd027,	0x36,
	0xd02b,	0x96,
	0xd02f,	0xd6,
	0xd034,	0x00,
	0xd03b,	0xd6,
	0xd083,	0x00,
	0xd087,	0x5e,
	0xd08f,	0x00,
	0xd093,	0x5e,
	0xd0a7,	0x02,
	0xd0ab,	0x0a,
	0xd0af,	0x00,
	0xd0b3,	0x04,
	0xd0bb,	0x08,
	0xd0c3,	0x10,
	0xd0ce,	0x41,
	0xd0cf,	0x00,
	0xd143,	0x50,
	0xd1f9,	0xb5,
	0xd1fb,	0xc1,
	0xd211,	0xb5,
	0xd213,	0xc1,
	0xd241,	0xb5,
	0xd243,	0xc1,
	0xd261,	0xb5,
	0xd263,	0xc1,
	0xd2a1,	0xb5,
	0xd2a3,	0xc1,
	0xd2c1,	0xb5,
	0xd2c3,	0xc1,
	0xd309,	0xc3,
	0xd30a,	0x00,
	0xd30b,	0xef,
	0xd30d,	0xff,
	0xd30e,	0x01,
	0xd30f,	0x73,
	0xd514,	0x00,
	0xd515,	0xc9,
	0xdbfd,	0xc3,
	0xdbff,	0xef,
	0xdc01,	0xff,
	0xddf7,	0x41,
	0xde7b,	0x41,
	0xdeef,	0x41,
	0xdf37,	0x41,
	0xe30c,	0x00,
	0xe30d,	0xd1,
	0xe30e,	0x00,
	0xe30f,	0xe7,
	0xe310,	0x01,
	0xe311,	0x0d,
	0xe312,	0x01,
	0xe313,	0x69,
	0xe4d7,	0xb5,
	0xe4ed,	0xc1,
	0xe507,	0xb5,
	0xe51d,	0xc1,
	0xe5f9,	0xbf,
	0xe5fa,	0x00,
	0xe5fb,	0xc4,
	0xe611,	0xbf,
	0xe612,	0x00,
	0xe613,	0xc4,
	0xe629,	0xbf,
	0xe62a,	0x00,
	0xe62b,	0xc4,
	0xe649,	0xbf,
	0xe64a,	0x00,
	0xe64b,	0xc4,
	0xe665,	0xbf,
	0xe666,	0x00,
	0xe667,	0xc4,
	0xe685,	0xbf,
	0xe686,	0x00,
	0xe687,	0xc4,
	0xe6a7,	0xb5,
	0xe6bf,	0xb5,
	0xe6d5,	0xc1,
	0xe6ed,	0xc1,
	0xe708,	0x00,
	0xe709,	0xef,
	0xe70b,	0xc3,
	0xe70c,	0x01,
	0xe70d,	0x73,
	0xe70f,	0xff,
	0xe720,	0x00,
	0xe721,	0xef,
	0xe723,	0xc3,
	0xe724,	0x01,
	0xe725,	0x73,
	0xe727,	0xff,
	0xe738,	0x00,
	0xe739,	0xef,
	0xe73b,	0xc3,
	0xe73c,	0x01,
	0xe73d,	0x73,
	0xe73f,	0xff,
	0xe750,	0x00,
	0xe751,	0xef,
	0xe753,	0xc3,
	0xe754,	0x01,
	0xe755,	0x73,
	0xe757,	0xff,


	0x3014, 0xf0,
	0x301b, 0xf0,
	0x3017, 0xf0,
	0x3016, 0xf0,
	0x301f, 0x98,
	0x3046, 0x01,
	0x3208, 0x17, //group7 record end


	0x3208, 0x08, //group8 mode 40
	0x3014, 0xf3,
	0x3016, 0xf7,
	0x3017, 0xf2,
	0x301b, 0xf6,
	0x301f, 0x99,

	0x0345,	0x45,
	0x0360,	0x01,
	0x100f,	0x62,
	0x101f,	0x62,
	0x1023,	0x37,
	0x1027,	0x4b,
	0x102b,	0xa2,
	0x102f,	0xd0,
	0x1034,	0x00,
	0x103b,	0xd0,
	0x1040,	0x00,
	0x1047,	0xb4,
	0x107a,	0x88,
	0x107b,	0x08,
	0x107e,	0x8b,
	0x107f,	0x03,
	0x1083,	0x0a,
	0x1087,	0x33,
	0x1093,	0x58,
	0x10a7,	0x02,
	0x10ab,	0x00,
	0x10ae,	0x8d,
	0x10af,	0x02,
	0x10b2,	0x8f,
	0x10b6,	0x92,
	0x10b7,	0x03,
	0x10ba,	0x95,
	0x10bb,	0x04,
	0x10be,	0x97,
	0x10c2,	0x9b,
	0x10c3,	0x10,
	0x10c6,	0x00,
	0x10c7,	0x00,
	0x1141,	0x00,
	0x1143,	0x00,
	0x11f9,	0xb5,
	0x11fb,	0xc1,
	0x1211,	0xb5,
	0x1213,	0xc1,
	0x1241,	0xb5,
	0x1243,	0xc1,
	0x1261,	0xb5,
	0x1263,	0xc1,
	0x12a1,	0xb5,
	0x12a3,	0xc1,
	0x12c1,	0xb5,
	0x12c3,	0xc1,
	0x130d,	0xc3,
	0x130e,	0x00,
	0x130f,	0xef,
	0x1310,	0x00,
	0x1311,	0xff,
	0x1313,	0x2b,
	0x1314,	0x01,
	0x1315,	0x43,
	0x1316,	0x01,
	0x1317,	0x69,
	0x1514,	0x00,
	0x1515,	0xc9,
	0x1bd1,	0x85,
	0x1c01,	0xc3,
	0x1c02,	0x00,
	0x1c03,	0xef,
	0x1c04,	0x00,
	0x1c05,	0xff,
	0x1c06,	0x01,
	0x1c07,	0x2b,
	0x1c08,	0x01,
	0x1c09,	0x3b,
	0x24ef,	0x6b,
	0x2507,	0xb5,
	0x251d,	0xc1,
	0x25f9,	0xbf,
	0x25fa,	0x00,
	0x25fb,	0xc4,
	0x2611,	0xbf,
	0x2612,	0x00,
	0x2613,	0xc4,
	0x2629,	0xbf,
	0x262a,	0x00,
	0x262b,	0xc4,
	0x2649,	0xbf,
	0x264a,	0x00,
	0x264b,	0xc4,
	0x2665,	0xbf,
	0x2666,	0x00,
	0x2667,	0xc4,
	0x2685,	0xbf,
	0x2686,	0x00,
	0x2687,	0xc4,
	0x26a7,	0xb5,
	0x26d5,	0xc1,
	0x26ef,	0x6b,
	0x2705,	0xb3,
	0x2708,	0x00,
	0x2709,	0xef,
	0x270b,	0xc3,
	0x270d,	0x2b,
	0x270e,	0x00,
	0x270f,	0xff,
	0x2710,	0x01,
	0x2711,	0x69,
	0x2712,	0x01,
	0x2713,	0x3b,
	0x271d,	0xb3,
	0x2720,	0x00,
	0x2721,	0xef,
	0x2723,	0xc3,
	0x2725,	0x2b,
	0x2726,	0x00,
	0x2727,	0xff,
	0x2728,	0x01,
	0x2729,	0x69,
	0x272a,	0x01,
	0x272b,	0x3b,
	0x2735,	0xb3,
	0x2738,	0x00,
	0x2739,	0xef,
	0x273b,	0xc3,
	0x273d,	0x2b,
	0x273e,	0x00,
	0x273f,	0xff,
	0x2740,	0x01,
	0x2741,	0x69,
	0x2742,	0x01,
	0x2743,	0x3b,
	0x274d,	0xb3,
	0x2750,	0x00,
	0x2751,	0xef,
	0x2753,	0xc3,
	0x2755,	0x2b,
	0x2756,	0x00,
	0x2757,	0xff,
	0x2758,	0x01,
	0x2759,	0x69,
	0x275a,	0x01,
	0x275b,	0x3b,
	0x3010,	0x01,
	0x3402,	0xaf,
	0x3403,	0x19,
	0x3404,	0x19,
	0x3405,	0x0f,
	0x3406,	0x08,
	0x3408,	0x0f,
	0x3409,	0x08,
	0x340a,	0x03,
	0x341b,	0x30,
	0x344d,	0x02,
	0x344e,	0x02,
	0x3506,	0xf8,
	0x350d,	0x00,
	0x350e,	0xb1,
	0x3546,	0xf8,
	0x354d,	0x00,
	0x354e,	0xb1,
	0x3586,	0xf8,
	0x3608,	0x00,
	0x3622,	0xa8,
	0x3623,	0x04,
	0x3691,	0x00,
	0x3692,	0x00,
	0x3696,	0x00,
	0x369a,	0x10,
	0x369b,	0x00,
	0x36a5,	0x22,
	0x36a6,	0x80,
	0x36a7,	0x00,
	0x36b0,	0x84,
	0x36b1,	0x00,
	0x36c8,	0x00,
	0x3714,	0x68,
	0x37bc,	0x38,
	0x37c9,	0x00,
	0x3800,	0x08,
	0x3801,	0x00,
	0x3802,	0x07,
	0x3803,	0x80,
	0x3804,	0x18,
	0x3805,	0x1f,
	0x3806,	0x10,
	0x3807,	0xbf,
	0x3808,	0x10,
	0x3809,	0x00,
	0x380a,	0x09,
	0x380b,	0x00,
	0x380c,	0x04,
	0x380d,	0xb0,
	0x3811,	0x10,
	0x3813,	0x21,
	0x3814,	0x11,
	0x3815,	0x11,
	0x3820,	0x44,
	0x3821,	0x00,
	0x3823,	0x04,
	0x3828,	0x08,
	0x3830,	0x08,
	0x3831,	0x10,
	0x3837,	0x10,
	0x383f,	0x00,
	0x384c,	0x04,
	0x384d,	0xb0,
	0x386d,	0x7c,
	0x3889,	0x10,
	0x388b,	0x20,
	0x388c,	0x10,
	0x388d,	0x00,
	0x388e,	0x09,
	0x388f,	0x00,
	0x3894,	0x10,
	0x3896,	0x00,
	0x38a1,	0x1d,
	0x38a2,	0x98,
	0x38a4,	0x1d,
	0x38a5,	0x98,
	0x38a6,	0x20,
	0x38a9,	0x3b,
	0x38aa,	0x30,
	0x38ab,	0x00,
	0x38ad,	0x1d,
	0x38ae,	0x98,
	0x38b0,	0x01,
	0x38db,	0xe1,
	0x3f00,	0x06,
	0x3f30,	0x00,
	0x3f70,	0x02,
	0x3f72,	0x0a,
	0x3f74,	0x0a,
	0x3f76,	0x16,
	0x3f78,	0x16,
	0x3f7a,	0x16,
	0x3f7c,	0x0e,
	0x3f7e,	0x0e,
	0x3f80,	0x0e,
	0x3f8e,	0x02,
	0x3f90,	0x0a,
	0x3f92,	0x0a,
	0x400e,	0x14,
	0x400f,	0x30,
	0x4010,	0xf4,
	0x4012,	0x50,
	0x4016,	0x3d,
	0x4018,	0x1f,
	0x4506,	0x01,
	0x4509,	0x07,
	0x450c,	0x00,
	0x450d,	0x30,
	0x4546,	0x09,
	0x4547,	0x60,
	0x4549,	0x00,
	0x4580,	0x05,
	0x45c0,	0x05,
	0x45cb,	0xff,
	0x45cc,	0x02,
	0x45cd,	0x00,
	0x45ce,	0x00,
	0x4602,	0x00,
	0x4603,	0x15,
	0x460b,	0x07,
	0x4640,	0x00,
	0x4641,	0x80,
	0x4643,	0x08,
	0x4680,	0x19,
	0x468e,	0x30,
	0x4690,	0x12,
	0x4692,	0x56,
	0x4693,	0x00,
	0x4695,	0x11,
	0x4697,	0x11,
	0x46c0,	0x01,
	0x46c2,	0x04,
	0x46cb,	0xff,
	0x4701,	0x40,
	0x4703,	0x08,
	0x47c0,	0x05,
	0x47c2,	0x02,
	0x47c4,	0x05,
	0x47c6,	0x01,
	0x47c8,	0x05,
	0x47ca,	0x02,
	0x47cc,	0x05,
	0x47ce,	0x01,
	0x4808,	0x54,
	0x4813,	0x10,
	0x4836,	0x32,
	0x490e,	0x00,
	0x490f,	0x30,
	0x4910,	0x00,
	0x4912,	0x00,
	0x4a0e,	0x00,
	0x4a0f,	0x30,
	0x4a10,	0x00,
	0x4a12,	0x00,
	0x4b00,	0x00,
	0x4b10,	0x02,
	0x4b11,	0x06,
	0x4b12,	0x02,
	0x4b13,	0x06,
	0x4b14,	0x02,
	0x4b15,	0x06,
	0x4b16,	0x0a,
	0x4b17,	0x0e,
	0x4b20,	0x02,
	0x4b21,	0x06,
	0x4b22,	0x02,
	0x4b23,	0x06,
	0x4b24,	0x02,
	0x4b25,	0x06,
	0x4b26,	0x0a,
	0x4b27,	0x0e,
	0x4b30,	0x02,
	0x4b31,	0x06,
	0x4b32,	0x02,
	0x4b33,	0x06,
	0x4b34,	0x02,
	0x4b35,	0x06,
	0x4b36,	0x0a,
	0x4b37,	0x0e,
	0x4b3d,	0x00,
	0x4b3f,	0x00,
	0x4b41,	0x08,
	0x4b42,	0x00,
	0x4b43,	0x08,
	0x4b45,	0x08,
	0x4b46,	0x00,
	0x4b47,	0x08,
	0x4b48,	0x02,
	0x4b49,	0x00,
	0x4b4a,	0x01,
	0x4b4b,	0x00,
	0x4b51,	0x06,
	0x4b52,	0x02,
	0x4b53,	0x06,
	0x4b54,	0x02,
	0x4b55,	0x06,
	0x4b56,	0x0a,
	0x4b57,	0x0e,
	0x4b5a,	0x08,
	0x4b61,	0x06,
	0x4b62,	0x02,
	0x4b63,	0x06,
	0x4b64,	0x02,
	0x4b65,	0x06,
	0x4b66,	0x0a,
	0x4b67,	0x0e,
	0x4b6a,	0x08,
	0x4b71,	0x06,
	0x4b72,	0x02,
	0x4b73,	0x06,
	0x4b74,	0x02,
	0x4b75,	0x06,
	0x4b76,	0x0a,
	0x4b77,	0x0e,
	0x4b7a,	0x08,
	0x4b7d,	0x00,
	0x4b7f,	0x00,
	0x4b82,	0x00,
	0x4b83,	0x08,
	0x4b85,	0x08,
	0x4b86,	0x00,
	0x4b87,	0x08,
	0x4b88,	0x02,
	0x4b89,	0x00,
	0x4b8a,	0x01,
	0x4b8b,	0x00,
	0x4b91,	0x06,
	0x4b92,	0x02,
	0x4b93,	0x06,
	0x4b94,	0x02,
	0x4b95,	0x06,
	0x4b96,	0x0a,
	0x4b97,	0x0e,
	0x4b9a,	0x08,
	0x4ba1,	0x06,
	0x4ba2,	0x02,
	0x4ba3,	0x06,
	0x4ba4,	0x02,
	0x4ba5,	0x06,
	0x4ba6,	0x0a,
	0x4ba7,	0x0e,
	0x4baa,	0x08,
	0x4bb1,	0x06,
	0x4bb2,	0x02,
	0x4bb3,	0x06,
	0x4bb4,	0x02,
	0x4bb5,	0x06,
	0x4bb6,	0x0a,
	0x4bb7,	0x0e,
	0x4bba,	0x08,
	0x4bbd,	0x00,
	0x4bbf,	0x00,
	0x4bc2,	0x00,
	0x4bc3,	0x08,
	0x4bc5,	0x08,
	0x4bc6,	0x00,
	0x4bc7,	0x08,
	0x4bc8,	0x02,
	0x4bc9,	0x00,
	0x4bca,	0x01,
	0x4bcb,	0x00,
	0x5000,	0xdf,
	0x5001,	0x00,
	0x5002,	0x40,
	0x5003,	0xc0,
	0x5016,	0x11,
	0x5017,	0x00,
	0x50b3,	0x00,
	0x51a7,	0xc0,
	0x54a7,	0xc0,
	0x57a7,	0xc0,
	0x5a60,	0x7a,
	0x5b95,	0x5c,
	0x5b97,	0x04,
	0x5b98,	0x04,
	0x5b99,	0x04,
	0x5bc0,	0x10,
	0x5e00,	0x7a,
	0x5f35,	0x5c,
	0x5f37,	0x04,
	0x5f38,	0x04,
	0x5f39,	0x04,
	0x5f60,	0x10,
	0x6200,	0x21,
	0x6201,	0x20,
	0x6365,	0x00,
	0x6382,	0x04,
	0x6392,	0x04,
	0x64a0,	0x01,
	0x64a1,	0x00,
	0x64a2,	0x40,
	0xc400,	0x10,
	0xc405,	0x0a,
	0xc406,	0x0a,
	0xc407,	0x0a,
	0xc408,	0x0a,
	0xc409,	0x0a,
	0xc40a,	0x0a,
	0xc40b,	0x0a,
	0xc40c,	0x0a,
	0xc40d,	0x0a,
	0xc40e,	0x0a,
	0xc40f,	0x0a,
	0xc410,	0x0a,
	0xc411,	0x0a,
	0xc412,	0x0a,
	0xc413,	0x0a,
	0xc414,	0x0a,
	0xc41c,	0xc8,
	0xc41e,	0xc8,
	0xc420,	0xc8,
	0xc422,	0xc8,
	0xc424,	0xc8,
	0xc426,	0xc8,
	0xc428,	0xc8,
	0xc42a,	0xc8,
	0xc42c,	0xc8,
	0xc42e,	0xc8,
	0xc430,	0xc8,
	0xc432,	0xc8,
	0xc434,	0xc8,
	0xc435,	0x0a,
	0xc436,	0x0a,
	0xc437,	0x0a,
	0xc438,	0x0a,
	0xc439,	0x0a,
	0xc43a,	0x0a,
	0xc43b,	0x0a,
	0xc43c,	0x0a,
	0xc43d,	0x0a,
	0xc43e,	0x0a,
	0xc43f,	0x0a,
	0xc440,	0x0a,
	0xc441,	0x0a,
	0xc442,	0x0a,
	0xc443,	0x0a,
	0xc444,	0x0a,
	0xc464,	0x30,
	0xc465,	0x30,
	0xc466,	0x30,
	0xc804,	0x1e,
	0xc805,	0x1e,
	0xc806,	0x1d,
	0xc807,	0x1d,
	0xc808,	0x16,
	0xc809,	0x10,
	0xc80c,	0x3f,
	0xc81d,	0x03,
	0xc81e,	0x03,
	0xc820,	0x03,
	0xc829,	0x01,
	0xc82a,	0x10,
	0xc82b,	0x15,
	0xc82c,	0x1b,
	0xc82d,	0x1c,
	0xc85a,	0x2d,
	0xc85b,	0x2d,
	0xc85c,	0x1d,
	0xc85d,	0x2d,
	0xc85e,	0x2d,
	0xc85f,	0x1d,
	0xc860,	0x24,
	0xc861,	0x25,
	0xc862,	0x1d,
	0xc863,	0x24,
	0xc864,	0x25,
	0xc865,	0x1d,
	0xc873,	0x10,
	0xc874,	0x10,
	0xc875,	0x10,
	0xc898,	0x1b,
	0xc899,	0x1b,
	0xc89a,	0x2b,
	0xc89b,	0x1a,
	0xc89c,	0x1b,
	0xc89d,	0xfe,
	0xc8a5,	0x15,
	0xc8a6,	0x0f,
	0xc8a7,	0x09,
	0xc8a8,	0x08,
	0xc8aa,	0x07,
	0xc8b1,	0x06,
	0xc8b2,	0x10,
	0xc8b3,	0x24,
	0xc8b4,	0x40,
	0xc8b5,	0x3e,
	0xc8b6,	0x40,
	0xc8b7,	0x0c,
	0xc8b8,	0x0c,
	0xc8b9,	0x16,
	0xc8ba,	0x2a,
	0xc8bb,	0x28,
	0xc8bc,	0x24,
	0xc8bd,	0x00,
	0xc8be,	0x00,
	0xc8bf,	0x00,
	0xc8c3,	0x00,
	0xc8c4,	0x00,
	0xc8c5,	0x00,
	0xc8ca,	0x02,
	0xc8cb,	0x01,
	0xc8cc,	0x0d,
	0xc8cd,	0x02,
	0xc8ce,	0x03,
	0xc8cf,	0x02,
	0xc8d0,	0x03,
	0xc8d1,	0x00,
	0xc8d2,	0x02,
	0xc8d3,	0x00,
	0xc8d4,	0x00,
	0xc8d5,	0x00,
	0xc8d6,	0x00,
	0xc8d7,	0x68,
	0xc8d8,	0x68,
	0xc8d9,	0x68,
	0xc8da,	0x03,
	0xc8db,	0x66,
	0xc8dc,	0x66,
	0xc8dd,	0x66,
	0xc8de,	0x66,
	0xc8df,	0x66,
	0xc8e0,	0x66,
	0xc8e1,	0x67,
	0xc8e2,	0x67,
	0xc8e3,	0x67,
	0xc8e4,	0x67,
	0xc8e5,	0x0f,
	0xc8e6,	0x0f,
	0xc8e7,	0x0f,
	0xc8e9,	0x0f,
	0xc8ea,	0x0f,
	0xc8eb,	0x0f,
	0xc8ec,	0x0f,
	0xc8ed,	0x0f,
	0xc8ee,	0x0f,
	0xc8f3,	0x13,
	0xc8f4,	0x16,
	0xc8f5,	0x16,
	0xc8f6,	0x10,
	0xc8f7,	0x1a,
	0xc8f8,	0x15,
	0xc8f9,	0x10,
	0xc8fa,	0x10,
	0xc8fb,	0x10,
	0xc8fc,	0x14,
	0xc8fd,	0x14,
	0xc8fe,	0x1e,
	0xc8ff,	0x1e,
	0xc900,	0x16,
	0xc903,	0x0b,
	0xc904,	0x11,
	0xc906,	0x1a,
	0xc907,	0x1a,
	0xc908,	0x1a,
	0xc924,	0x03,
	0xc925,	0x03,
	0xc930,	0x05,
	0xc931,	0x13,
	0xc933,	0x1d,
	0xc95c,	0x2d,
	0xc95d,	0x25,
	0xc95e,	0x1b,
	0xc95f,	0x2d,
	0xc960,	0x25,
	0xc961,	0x1b,
	0xc962,	0x2d,
	0xc963,	0x1b,
	0xc964,	0x1b,
	0xc965,	0x2d,
	0xc966,	0x1b,
	0xc967,	0x1b,
	0xc975,	0x10,
	0xc976,	0x10,
	0xc977,	0x10,
	0xc999,	0x38,
	0xc99a,	0x00,
	0xc99c,	0x13,
	0xc99d,	0x21,
	0xc99f,	0xaa,
	0xc9a7,	0x00,
	0xc9a8,	0x20,
	0xc9a9,	0x00,
	0xc9aa,	0x00,
	0xc9b3,	0x06,
	0xc9b4,	0x06,
	0xc9b5,	0x0a,
	0xc9b9,	0x0a,
	0xc9ba,	0x0a,
	0xc9bb,	0x0a,
	0xc9bf,	0x00,
	0xc9c0,	0x04,
	0xc9c1,	0x07,
	0xc9c2,	0x07,
	0xc9c5,	0x00,
	0xc9c7,	0x14,
	0xc9c8,	0x26,
	0xc9cc,	0x00,
	0xc9cd,	0x00,
	0xc9ce,	0x08,
	0xc9cf,	0x01,
	0xc9d0,	0x02,
	0xc9d1,	0x01,
	0xc9d2,	0x02,
	0xc9d3,	0x01,
	0xc9d4,	0x02,
	0xc9d9,	0x9c,
	0xc9da,	0x9c,
	0xc9db,	0x9c,
	0xc9dc,	0x59,
	0xc9dd,	0x9c,
	0xc9de,	0x9c,
	0xc9df,	0x9c,
	0xc9e0,	0x9c,
	0xc9e1,	0x9c,
	0xc9e2,	0x9c,
	0xc9e3,	0x9c,
	0xc9e4,	0x9c,
	0xc9e5,	0x9c,
	0xc9e6,	0x9c,
	0xc9ea,	0x0f,
	0xc9eb,	0x0f,
	0xc9ec,	0x0f,
	0xc9f5,	0x12,
	0xc9f6,	0x12,
	0xc9f7,	0x08,
	0xc9f8,	0x12,
	0xc9f9,	0x0a,
	0xc9fa,	0x08,
	0xc9fb,	0x08,
	0xc9fc,	0x10,
	0xc9fd,	0x16,
	0xc9fe,	0x1f,
	0xca0b,	0x0b,
	0xca0c,	0x11,
	0xca0e,	0x1a,
	0xca0f,	0x1a,
	0xca10,	0x1a,
	0xca17,	0x21,
	0xca1b,	0x3f,
	0xd013,	0x36,
	0xd023,	0x36,
	0xd027,	0x64,
	0xd02b,	0xf0,
	0xd02f,	0x73,
	0xd034,	0x01,
	0xd03b,	0xd3,
	0xd083,	0x08,
	0xd087,	0x53,
	0xd08f,	0x08,
	0xd093,	0x53,
	0xd0a7,	0x04,
	0xd0ab,	0x08,
	0xd0af,	0x03,
	0xd0b3,	0x08,
	0xd0bb,	0x0d,
	0xd0c3,	0x08,
	0xd0ce,	0x00,
	0xd0cf,	0x00,
	0xd143,	0x8c,
	0xd1f9,	0xf1,
	0xd1fb,	0xfd,
	0xd211,	0xf1,
	0xd213,	0xfd,
	0xd241,	0xf1,
	0xd243,	0xfd,
	0xd261,	0xf1,
	0xd263,	0xfd,
	0xd2a1,	0xf1,
	0xd2a3,	0xfd,
	0xd2c1,	0xf1,
	0xd2c3,	0xfd,
	0xd309,	0xff,
	0xd30a,	0x01,
	0xd30b,	0x73,
	0xd30d,	0x00,
	0xd30e,	0x00,
	0xd30f,	0x00,
	0xd514,	0x01,
	0xd515,	0x05,
	0xdbfd,	0xff,
	0xdbff,	0x00,
	0xdc01,	0x00,
	0xddf7,	0x41,
	0xde7b,	0x41,
	0xdeef,	0x41,
	0xdf37,	0x41,
	0xe30c,	0x01,
	0xe30d,	0x0d,
	0xe30e,	0x01,
	0xe30f,	0x69,
	0xe310,	0x00,
	0xe311,	0x00,
	0xe312,	0x00,
	0xe313,	0x00,
	0xe4d7,	0xf1,
	0xe4ed,	0xfd,
	0xe507,	0xf1,
	0xe51d,	0xfd,
	0xe5f9,	0xfb,
	0xe5fa,	0x01,
	0xe5fb,	0x00,
	0xe611,	0xfb,
	0xe612,	0x01,
	0xe613,	0x00,
	0xe629,	0xfb,
	0xe62a,	0x01,
	0xe62b,	0x00,
	0xe649,	0xfb,
	0xe64a,	0x01,
	0xe64b,	0x00,
	0xe665,	0xfb,
	0xe666,	0x01,
	0xe667,	0x00,
	0xe685,	0xfb,
	0xe686,	0x01,
	0xe687,	0x00,
	0xe6a7,	0xf1,
	0xe6bf,	0xf1,
	0xe6d5,	0xfd,
	0xe6ed,	0xfd,
	0xe708,	0x01,
	0xe709,	0x73,
	0xe70b,	0xff,
	0xe70c,	0x00,
	0xe70d,	0x00,
	0xe70f,	0x00,
	0xe720,	0x01,
	0xe721,	0x73,
	0xe723,	0xff,
	0xe724,	0x00,
	0xe725,	0x00,
	0xe727,	0x00,
	0xe738,	0x01,
	0xe739,	0x73,
	0xe73b,	0xff,
	0xe73c,	0x00,
	0xe73d,	0x00,
	0xe73f,	0x00,
	0xe750,	0x01,
	0xe751,	0x73,
	0xe753,	0xff,
	0xe754,	0x00,
	0xe755,	0x00,
	0xe757,	0x00,

	0x3014, 0xf0,
	0x301b, 0xf0,
	0x3017, 0xf0,
	0x3016, 0xf0,
	0x301f, 0x98,
	0x3046, 0x01,
	0x3208, 0x18, //group8 record end
	0x3208, 0xa8,
};

// custom36 mode 40 same as custom10 bokeh
//mode_22
static u16 warholovx9500wide_custom36_setting_seamless[] = {
	0x3208, 0xa8,
};


//mode_25
static u16 warholovx9500wide_custom40_setting[] = {
	0x0345,	0x45,
	0x0360,	0x03,
	0x100f,	0xbe,
	0x101f,	0xc8,
	0x1023,	0x36,
	0x1027,	0x64,
	0x102b,	0xf0,
	0x102f,	0x73,
	0x1034,	0x01,
	0x103b,	0xcc,
	0x1040,	0x01,
	0x1047,	0xb2,
	0x107a,	0x00,
	0x107b,	0x00,
	0x107e,	0x00,
	0x107f,	0x00,
	0x1083,	0x00,
	0x1087,	0x3a,
	0x1093,	0x55,
	0x10a7,	0x0a,
	0x10ab,	0x06,
	0x10ae,	0x47,
	0x10af,	0x08,
	0x10b2,	0x8d,
	0x10b6,	0x8f,
	0x10b7,	0x08,
	0x10ba,	0x92,
	0x10bb,	0x0a,
	0x10be,	0x95,
	0x10c2,	0x97,
	0x10c3,	0x0a,
	0x10c6,	0x9b,
	0x10c7,	0x10,
	0x1141,	0xb4,
	0x1143,	0x3c,
	0x11f9,	0xf1,
	0x11fb,	0xfd,
	0x1211,	0xf1,
	0x1213,	0xfd,
	0x1241,	0xf1,
	0x1243,	0xfd,
	0x1261,	0xf1,
	0x1263,	0xfd,
	0x12a1,	0xf1,
	0x12a3,	0xfd,
	0x12c1,	0xf1,
	0x12c3,	0xfd,
	0x130d,	0xff,
	0x130e,	0x01,
	0x130f,	0x2b,
	0x1310,	0x01,
	0x1311,	0x43,
	0x1313,	0x73,
	0x1314,	0x00,
	0x1315,	0x00,
	0x1316,	0x00,
	0x1317,	0x00,
	0x1514,	0x01,
	0x1515,	0x05,
	0x1bd1,	0x87,
	0x1c01,	0xff,
	0x1c02,	0x01,
	0x1c03,	0x2b,
	0x1c04,	0x01,
	0x1c05,	0x3b,
	0x1c06,	0x00,
	0x1c07,	0x00,
	0x1c08,	0x00,
	0x1c09,	0x00,
	0x24ef,	0x75,
	0x2507,	0xf1,
	0x251d,	0xfd,
	0x25f9,	0xfb,
	0x25fa,	0x01,
	0x25fb,	0x00,
	0x2611,	0xfb,
	0x2612,	0x01,
	0x2613,	0x00,
	0x2629,	0xfb,
	0x262a,	0x01,
	0x262b,	0x00,
	0x2649,	0xfb,
	0x264a,	0x01,
	0x264b,	0x00,
	0x2665,	0xfb,
	0x2666,	0x01,
	0x2667,	0x00,
	0x2685,	0xfb,
	0x2686,	0x01,
	0x2687,	0x00,
	0x26a7,	0xf1,
	0x26d5,	0xfd,
	0x26ef,	0x75,
	0x2705,	0xf1,
	0x2708,	0x01,
	0x2709,	0x2d,
	0x270b,	0xfd,
	0x270d,	0x73,
	0x270e,	0x01,
	0x270f,	0x39,
	0x2710,	0x00,
	0x2711,	0x00,
	0x2712,	0x00,
	0x2713,	0x00,
	0x271d,	0xf1,
	0x2720,	0x01,
	0x2721,	0x2d,
	0x2723,	0xfd,
	0x2725,	0x73,
	0x2726,	0x01,
	0x2727,	0x39,
	0x2728,	0x00,
	0x2729,	0x00,
	0x272a,	0x00,
	0x272b,	0x00,
	0x2735,	0xf1,
	0x2738,	0x01,
	0x2739,	0x2d,
	0x273b,	0xfd,
	0x273d,	0x73,
	0x273e,	0x01,
	0x273f,	0x39,
	0x2740,	0x00,
	0x2741,	0x00,
	0x2742,	0x00,
	0x2743,	0x00,
	0x274d,	0xf1,
	0x2750,	0x01,
	0x2751,	0x2d,
	0x2753,	0xfd,
	0x2755,	0x73,
	0x2756,	0x01,
	0x2757,	0x39,
	0x2758,	0x00,
	0x2759,	0x00,
	0x275a,	0x00,
	0x275b,	0x00,
	0x3010,	0x01,
	0x3402,	0x58,
	0x3403,	0x0d,
	0x3404,	0x0d,
	0x3405,	0x08,
	0x3406,	0x04,
	0x3408,	0x08,
	0x3409,	0x04,
	0x340a,	0x02,
	0x341b,	0x30,
	0x344d,	0x02,
	0x344e,	0x02,
	0x3506,	0x1b,
	0x350d,	0x01,
	0x350e,	0x00,
	0x3546,	0x19,
	0x354d,	0x01,
	0x354e,	0x00,
	0x3586,	0x98,
	0x3608,	0x00,
	0x3622,	0xa8,
	0x3623,	0x02,
	0x3691,	0x01,
	0x3692,	0x20,
	0x3696,	0x80,
	0x369a,	0x10,
	0x369b,	0x00,
	0x36a5,	0x22,
	0x36a6,	0x80,
	0x36a7,	0x00,
	0x36b0,	0x84,
	0x36b1,	0x00,
	0x36c8,	0x00,
	0x3714,	0x68,
	0x37bc,	0x38,
	0x37c9,	0x00,
	0x3800,	0x08,
	0x3801,	0x00,
	0x3802,	0x07,
	0x3803,	0x80,
	0x3804,	0x18,
	0x3805,	0x1f,
	0x3806,	0x10,
	0x3807,	0xbf,
	0x3808,	0x10,
	0x3809,	0x00,
	0x380a,	0x09,
	0x380b,	0x00,
	0x380c,	0x09,
	0x380d,	0x60,
	0x380e,	0x06,
	0x380f,	0x7d,
	0x3811,	0x10,
	0x3813,	0x21,
	0x3814,	0x11,
	0x3815,	0x11,
	0x3820,	0x44,
	0x3821,	0x00,
	0x3823,	0x06,
	0x3828,	0x08,
	0x3830,	0x08,
	0x3831,	0x10,
	0x3837,	0x10,
	0x383f,	0x00,
	0x384c,	0x09,
	0x384d,	0x60,
	0x386d,	0x7c,
	0x3889,	0x10,
	0x388b,	0x20,
	0x388c,	0x10,
	0x388d,	0x00,
	0x388e,	0x09,
	0x388f,	0x00,
	0x3894,	0x10,
	0x3896,	0x00,
	0x38a1,	0x1d,
	0x38a2,	0x98,
	0x38a4,	0x1d,
	0x38a5,	0x98,
	0x38a6,	0x20,
	0x38a9,	0x3b,
	0x38aa,	0x30,
	0x38ab,	0x00,
	0x38ad,	0x1d,
	0x38ae,	0x98,
	0x38b0,	0x01,
	0x38db,	0xe1,
	0x3f00,	0x06,
	0x3f30,	0x04,
	0x3f70,	0x0d,
	0x3f72,	0x0a,
	0x3f74,	0x0a,
	0x3f76,	0x03,
	0x3f78,	0x08,
	0x3f7a,	0x08,
	0x3f7c,	0x0e,
	0x3f7e,	0x0e,
	0x3f80,	0x0e,
	0x3f8e,	0x03,
	0x3f90,	0x08,
	0x3f92,	0x08,
	0x400e,	0x1c,
	0x400f,	0x30,
	0x4010,	0xf5,
	0x4012,	0x50,
	0x4016,	0x3d,
	0x4018,	0x1f,
	0x4506,	0x01,
	0x4509,	0x06,
	0x450c,	0x00,
	0x450d,	0x00,
	0x4546,	0x12,
	0x4547,	0xc0,
	0x4549,	0x40,
	0x4580,	0x05,
	0x45c0,	0x05,
	0x45cb,	0xff,
	0x45cc,	0x01,
	0x45cd,	0x10,
	0x45ce,	0xc0,
	0x4602,	0x00,
	0x4603,	0x15,
	0x460b,	0x07,
	0x4640,	0x00,
	0x4641,	0x80,
	0x4643,	0x08,
	0x4680,	0x19,
	0x468e,	0x38,
	0x4690,	0x23,
	0x4692,	0x56,
	0x4693,	0x00,
	0x4695,	0x11,
	0x4697,	0x11,
	0x46c0,	0x01,
	0x46c2,	0x04,
	0x46cb,	0xff,
	0x4701,	0x40,
	0x4703,	0x08,
	0x47c0,	0x05,
	0x47c2,	0x02,
	0x47c4,	0x05,
	0x47c6,	0x01,
	0x47c8,	0x05,
	0x47ca,	0x02,
	0x47cc,	0x05,
	0x47ce,	0x01,
	0x4808,	0x43,
	0x4813,	0x50,
	0x4836,	0x21,
	0x490e,	0x08,
	0x490f,	0x30,
	0x4910,	0x00,
	0x4912,	0x00,
	0x4a0e,	0x08,
	0x4a0f,	0x30,
	0x4a10,	0x00,
	0x4a12,	0x00,
	0x4b00,	0x00,
	0x4b10,	0x02,
	0x4b11,	0x06,
	0x4b12,	0x02,
	0x4b13,	0x06,
	0x4b14,	0x02,
	0x4b15,	0x06,
	0x4b16,	0x0a,
	0x4b17,	0x0e,
	0x4b20,	0x02,
	0x4b21,	0x06,
	0x4b22,	0x02,
	0x4b23,	0x06,
	0x4b24,	0x02,
	0x4b25,	0x06,
	0x4b26,	0x0a,
	0x4b27,	0x0e,
	0x4b30,	0x02,
	0x4b31,	0x06,
	0x4b32,	0x02,
	0x4b33,	0x06,
	0x4b34,	0x02,
	0x4b35,	0x06,
	0x4b36,	0x0a,
	0x4b37,	0x0e,
	0x4b3d,	0x00,
	0x4b3f,	0x00,
	0x4b41,	0x08,
	0x4b42,	0x00,
	0x4b43,	0x08,
	0x4b45,	0x08,
	0x4b46,	0x00,
	0x4b47,	0x08,
	0x4b48,	0x02,
	0x4b49,	0x00,
	0x4b4a,	0x01,
	0x4b4b,	0x00,
	0x4b51,	0x06,
	0x4b52,	0x02,
	0x4b53,	0x06,
	0x4b54,	0x02,
	0x4b55,	0x06,
	0x4b56,	0x0a,
	0x4b57,	0x0e,
	0x4b5a,	0x08,
	0x4b61,	0x06,
	0x4b62,	0x02,
	0x4b63,	0x06,
	0x4b64,	0x02,
	0x4b65,	0x06,
	0x4b66,	0x0a,
	0x4b67,	0x0e,
	0x4b6a,	0x08,
	0x4b71,	0x06,
	0x4b72,	0x02,
	0x4b73,	0x06,
	0x4b74,	0x02,
	0x4b75,	0x06,
	0x4b76,	0x0a,
	0x4b77,	0x0e,
	0x4b7a,	0x08,
	0x4b7d,	0x00,
	0x4b7f,	0x00,
	0x4b82,	0x00,
	0x4b83,	0x08,
	0x4b85,	0x08,
	0x4b86,	0x00,
	0x4b87,	0x08,
	0x4b88,	0x02,
	0x4b89,	0x00,
	0x4b8a,	0x01,
	0x4b8b,	0x00,
	0x4b91,	0x06,
	0x4b92,	0x02,
	0x4b93,	0x06,
	0x4b94,	0x02,
	0x4b95,	0x06,
	0x4b96,	0x0a,
	0x4b97,	0x0e,
	0x4b9a,	0x08,
	0x4ba1,	0x06,
	0x4ba2,	0x02,
	0x4ba3,	0x06,
	0x4ba4,	0x02,
	0x4ba5,	0x06,
	0x4ba6,	0x0a,
	0x4ba7,	0x0e,
	0x4baa,	0x08,
	0x4bb1,	0x06,
	0x4bb2,	0x02,
	0x4bb3,	0x06,
	0x4bb4,	0x02,
	0x4bb5,	0x06,
	0x4bb6,	0x0a,
	0x4bb7,	0x0e,
	0x4bba,	0x08,
	0x4bbd,	0x00,
	0x4bbf,	0x00,
	0x4bc2,	0x00,
	0x4bc3,	0x08,
	0x4bc5,	0x08,
	0x4bc6,	0x00,
	0x4bc7,	0x08,
	0x4bc8,	0x02,
	0x4bc9,	0x00,
	0x4bca,	0x01,
	0x4bcb,	0x00,
	0x5000,	0xdf,
	0x5001,	0x00,
	0x5002,	0x71,
	0x5003,	0xc8,
	0x5016,	0x11,
	0x5017,	0x01,
	0x50b3,	0x47,
	0x51a7,	0xc0,
	0x54a7,	0xc0,
	0x57a7,	0xc0,
	0x5a60,	0x7a,
	0x5b95,	0x5c,
	0x5b97,	0x04,
	0x5b98,	0x04,
	0x5b99,	0x04,
	0x5bc0,	0x10,
	0x5e00,	0x7a,
	0x5f35,	0x5c,
	0x5f37,	0x04,
	0x5f38,	0x04,
	0x5f39,	0x04,
	0x5f60,	0x10,
	0x6200,	0x21,
	0x6201,	0x20,
	0x6365,	0x00,
	0x6382,	0x04,
	0x6392,	0x04,
	0x64a0,	0x03,
	0x64a1,	0x04,
	0x64a2,	0x00,
	0xc400,	0x10,
	0xc405,	0x0a,
	0xc406,	0x0a,
	0xc407,	0x0a,
	0xc408,	0x0a,
	0xc409,	0x0a,
	0xc40a,	0x0a,
	0xc40b,	0x0a,
	0xc40c,	0x0a,
	0xc40d,	0x0a,
	0xc40e,	0x0a,
	0xc40f,	0x0a,
	0xc410,	0x0a,
	0xc411,	0x0a,
	0xc412,	0x0a,
	0xc413,	0x0a,
	0xc414,	0x0a,
	0xc41c,	0xc8,
	0xc41e,	0xc8,
	0xc420,	0xc8,
	0xc422,	0xc8,
	0xc424,	0xc8,
	0xc426,	0xc8,
	0xc428,	0xc8,
	0xc42a,	0xc8,
	0xc42c,	0xc8,
	0xc42e,	0xc8,
	0xc430,	0xc8,
	0xc432,	0xc8,
	0xc434,	0xc8,
	0xc435,	0x0a,
	0xc436,	0x0a,
	0xc437,	0x0a,
	0xc438,	0x0a,
	0xc439,	0x0a,
	0xc43a,	0x0a,
	0xc43b,	0x0a,
	0xc43c,	0x0a,
	0xc43d,	0x0a,
	0xc43e,	0x0a,
	0xc43f,	0x0a,
	0xc440,	0x0a,
	0xc441,	0x0a,
	0xc442,	0x0a,
	0xc443,	0x0a,
	0xc444,	0x0a,
	0xc464,	0x30,
	0xc465,	0x30,
	0xc466,	0x30,
	0xc804,	0x1d,
	0xc805,	0x1d,
	0xc806,	0x1f,
	0xc807,	0x1f,
	0xc808,	0x18,
	0xc809,	0x18,
	0xc80c,	0x0f,
	0xc81d,	0x03,
	0xc81e,	0x03,
	0xc820,	0x03,
	0xc829,	0x09,
	0xc82a,	0x12,
	0xc82b,	0x16,
	0xc82c,	0x1c,
	0xc82d,	0x1d,
	0xc85a,	0x2f,
	0xc85b,	0x19,
	0xc85c,	0x0e,
	0xc85d,	0x2f,
	0xc85e,	0x19,
	0xc85f,	0x0e,
	0xc860,	0x2b,
	0xc861,	0x19,
	0xc862,	0x19,
	0xc863,	0x2b,
	0xc864,	0x19,
	0xc865,	0x19,
	0xc873,	0x10,
	0xc874,	0x10,
	0xc875,	0x10,
	0xc898,	0x1b,
	0xc899,	0x3f,
	0xc89a,	0x00,
	0xc89b,	0x00,
	0xc89c,	0x00,
	0xc89d,	0xff,
	0xc8a5,	0x10,
	0xc8a6,	0x0c,
	0xc8a7,	0x08,
	0xc8a8,	0x06,
	0xc8aa,	0x04,
	0xc8b1,	0x0a,
	0xc8b2,	0x0e,
	0xc8b3,	0x26,
	0xc8b4,	0x49,
	0xc8b5,	0x4e,
	0xc8b6,	0x4c,
	0xc8b7,	0x0c,
	0xc8b8,	0x0c,
	0xc8b9,	0x18,
	0xc8ba,	0x28,
	0xc8bb,	0x22,
	0xc8bc,	0x24,
	0xc8bd,	0x00,
	0xc8be,	0x00,
	0xc8bf,	0x00,
	0xc8c3,	0x00,
	0xc8c4,	0x00,
	0xc8c5,	0x00,
	0xc8ca,	0x00,
	0xc8cb,	0x00,
	0xc8cc,	0x04,
	0xc8cd,	0x04,
	0xc8ce,	0x04,
	0xc8cf,	0x03,
	0xc8d0,	0x05,
	0xc8d1,	0x04,
	0xc8d2,	0x06,
	0xc8d3,	0x08,
	0xc8d4,	0x08,
	0xc8d5,	0x09,
	0xc8d6,	0x09,
	0xc8d7,	0x89,
	0xc8d8,	0x89,
	0xc8d9,	0x89,
	0xc8da,	0x3a,
	0xc8db,	0x87,
	0xc8dc,	0x87,
	0xc8dd,	0x87,
	0xc8de,	0x87,
	0xc8df,	0x87,
	0xc8e0,	0x87,
	0xc8e1,	0x87,
	0xc8e2,	0x87,
	0xc8e3,	0x87,
	0xc8e4,	0x87,
	0xc8e5,	0x0f,
	0xc8e6,	0x0f,
	0xc8e7,	0x0f,
	0xc8e9,	0x0f,
	0xc8ea,	0x0f,
	0xc8eb,	0x0f,
	0xc8ec,	0x0f,
	0xc8ed,	0x0f,
	0xc8ee,	0x0f,
	0xc8f3,	0x1e,
	0xc8f4,	0x0a,
	0xc8f5,	0x0a,
	0xc8f6,	0x0a,
	0xc8f7,	0x0a,
	0xc8f8,	0x08,
	0xc8f9,	0x08,
	0xc8fa,	0x08,
	0xc8fb,	0x08,
	0xc8fc,	0x16,
	0xc8fd,	0x16,
	0xc8fe,	0x1d,
	0xc8ff,	0x1a,
	0xc900,	0x1a,
	0xc903,	0x09,
	0xc904,	0x10,
	0xc906,	0x17,
	0xc907,	0x17,
	0xc908,	0x17,
	0xc924,	0x03,
	0xc925,	0x03,
	0xc930,	0x07,
	0xc931,	0x12,
	0xc933,	0x1c,
	0xc95c,	0x31,
	0xc95d,	0x1e,
	0xc95e,	0x1b,
	0xc95f,	0x31,
	0xc960,	0x1e,
	0xc961,	0x1b,
	0xc962,	0x39,
	0xc963,	0x3c,
	0xc964,	0x1b,
	0xc965,	0x39,
	0xc966,	0x3c,
	0xc967,	0x1b,
	0xc975,	0x10,
	0xc976,	0x10,
	0xc977,	0x10,
	0xc999,	0x38,
	0xc99a,	0x1f,
	0xc99c,	0x00,
	0xc99d,	0x00,
	0xc99f,	0xff,
	0xc9a7,	0x00,
	0xc9a8,	0x38,
	0xc9a9,	0x15,
	0xc9aa,	0x20,
	0xc9b3,	0x08,
	0xc9b4,	0x08,
	0xc9b5,	0x0c,
	0xc9b9,	0x0a,
	0xc9ba,	0x0a,
	0xc9bb,	0x0a,
	0xc9bf,	0x00,
	0xc9c0,	0x02,
	0xc9c1,	0x0c,
	0xc9c2,	0x12,
	0xc9c5,	0x00,
	0xc9c7,	0x18,
	0xc9c8,	0x2a,
	0xc9cc,	0x00,
	0xc9cd,	0x00,
	0xc9ce,	0x0a,
	0xc9cf,	0x01,
	0xc9d0,	0x01,
	0xc9d1,	0x00,
	0xc9d2,	0x01,
	0xc9d3,	0x01,
	0xc9d4,	0x01,
	0xc9d9,	0x89,
	0xc9da,	0x89,
	0xc9db,	0x89,
	0xc9dc,	0x3a,
	0xc9dd,	0x89,
	0xc9de,	0x89,
	0xc9df,	0x89,
	0xc9e0,	0x89,
	0xc9e1,	0x89,
	0xc9e2,	0x89,
	0xc9e3,	0x89,
	0xc9e4,	0x89,
	0xc9e5,	0x89,
	0xc9e6,	0x89,
	0xc9ea,	0x0f,
	0xc9eb,	0x0f,
	0xc9ec,	0x0f,
	0xc9f5,	0x18,
	0xc9f6,	0x1a,
	0xc9f7,	0x10,
	0xc9f8,	0x10,
	0xc9f9,	0x08,
	0xc9fa,	0x08,
	0xc9fb,	0x10,
	0xc9fc,	0x03,
	0xc9fd,	0x1a,
	0xc9fe,	0x1c,
	0xca0b,	0x09,
	0xca0c,	0x10,
	0xca0e,	0x17,
	0xca0f,	0x17,
	0xca10,	0x17,
	0xca17,	0x21,
	0xca1b,	0x3f,
	0xd013,	0x37,
	0xd023,	0x37,
	0xd027,	0x36,
	0xd02b,	0x96,
	0xd02f,	0xd6,
	0xd034,	0x00,
	0xd03b,	0xd6,
	0xd083,	0x00,
	0xd087,	0x5e,
	0xd08f,	0x00,
	0xd093,	0x5e,
	0xd0a7,	0x02,
	0xd0ab,	0x0a,
	0xd0af,	0x00,
	0xd0b3,	0x04,
	0xd0bb,	0x08,
	0xd0c3,	0x10,
	0xd0ce,	0x41,
	0xd0cf,	0x00,
	0xd143,	0x50,
	0xd1f9,	0xb5,
	0xd1fb,	0xc1,
	0xd211,	0xb5,
	0xd213,	0xc1,
	0xd241,	0xb5,
	0xd243,	0xc1,
	0xd261,	0xb5,
	0xd263,	0xc1,
	0xd2a1,	0xb5,
	0xd2a3,	0xc1,
	0xd2c1,	0xb5,
	0xd2c3,	0xc1,
	0xd309,	0xc3,
	0xd30a,	0x00,
	0xd30b,	0xef,
	0xd30d,	0xff,
	0xd30e,	0x01,
	0xd30f,	0x73,
	0xd514,	0x00,
	0xd515,	0xc9,
	0xdbfd,	0xc3,
	0xdbff,	0xef,
	0xdc01,	0xff,
	0xddf7,	0x41,
	0xde7b,	0x41,
	0xdeef,	0x41,
	0xdf37,	0x41,
	0xe30c,	0x00,
	0xe30d,	0xd1,
	0xe30e,	0x00,
	0xe30f,	0xe7,
	0xe310,	0x01,
	0xe311,	0x0d,
	0xe312,	0x01,
	0xe313,	0x69,
	0xe4d7,	0xb5,
	0xe4ed,	0xc1,
	0xe507,	0xb5,
	0xe51d,	0xc1,
	0xe5f9,	0xbf,
	0xe5fa,	0x00,
	0xe5fb,	0xc4,
	0xe611,	0xbf,
	0xe612,	0x00,
	0xe613,	0xc4,
	0xe629,	0xbf,
	0xe62a,	0x00,
	0xe62b,	0xc4,
	0xe649,	0xbf,
	0xe64a,	0x00,
	0xe64b,	0xc4,
	0xe665,	0xbf,
	0xe666,	0x00,
	0xe667,	0xc4,
	0xe685,	0xbf,
	0xe686,	0x00,
	0xe687,	0xc4,
	0xe6a7,	0xb5,
	0xe6bf,	0xb5,
	0xe6d5,	0xc1,
	0xe6ed,	0xc1,
	0xe708,	0x00,
	0xe709,	0xef,
	0xe70b,	0xc3,
	0xe70c,	0x01,
	0xe70d,	0x73,
	0xe70f,	0xff,
	0xe720,	0x00,
	0xe721,	0xef,
	0xe723,	0xc3,
	0xe724,	0x01,
	0xe725,	0x73,
	0xe727,	0xff,
	0xe738,	0x00,
	0xe739,	0xef,
	0xe73b,	0xc3,
	0xe73c,	0x01,
	0xe73d,	0x73,
	0xe73f,	0xff,
	0xe750,	0x00,
	0xe751,	0xef,
	0xe753,	0xc3,
	0xe754,	0x01,
	0xe755,	0x73,
	0xe757,	0xff,
	// ois off
	0x3002, 0x00,	//	bit[7] = 1 ; set VSYNC as output
	0x3680, 0x00,	//	assign VSYNC for OIS pin
	0x38f3, 0x00,	//	Enable OIS function
	0x38f4, 0x08,	//	bit[7:0] offset1[7:0]
	0x38f5, 0x00,	//	bit[7:4] for offset2[11:8]; bit[3:0] for offset1[11:8]
	0x38f6, 0x08,	//	bit[7:4] offset2[7:0]
	0x38af, 0x40,	//	Bit[6]: OIS function signal polarity
};

// custom37 mode 41 : 30fps video
// Mode_14
static u16 warholovx9500wide_custom37_setting[] = { 
	0x0345,	0x40,
	0x0360,	0x01,
	0x100f,	0x62,
	0x101f,	0x62,
	0x1023,	0x37,
	0x1027,	0x4b,
	0x102b,	0xa2,
	0x102f,	0xd0,
	0x1034,	0x00,
	0x103b,	0xd0,
	0x1040,	0x00,
	0x1047,	0xb4,
	0x107a,	0x88,
	0x107b,	0x08,
	0x107e,	0x8b,
	0x107f,	0x03,
	0x1083,	0x0a,
	0x1087,	0x33,
	0x1093,	0x58,
	0x10a7,	0x02,
	0x10ab,	0x00,
	0x10ae,	0x8d,
	0x10af,	0x02,
	0x10b2,	0x8f,
	0x10b6,	0x92,
	0x10b7,	0x03,
	0x10ba,	0x95,
	0x10bb,	0x04,
	0x10be,	0x97,
	0x10c2,	0x9b,
	0x10c3,	0x10,
	0x10c6,	0x00,
	0x10c7,	0x00,
	0x1141,	0x00,
	0x1143,	0x00,
	0x11f9,	0xb5,
	0x11fb,	0xc1,
	0x1211,	0xb5,
	0x1213,	0xc1,
	0x1241,	0xb5,
	0x1243,	0xc1,
	0x1261,	0xb5,
	0x1263,	0xc1,
	0x12a1,	0xb5,
	0x12a3,	0xc1,
	0x12c1,	0xb5,
	0x12c3,	0xc1,
	0x130d,	0xc3,
	0x130e,	0x00,
	0x130f,	0xef,
	0x1310,	0x00,
	0x1311,	0xff,
	0x1313,	0x2b,
	0x1314,	0x01,
	0x1315,	0x43,
	0x1316,	0x01,
	0x1317,	0x69,
	0x1514,	0x00,
	0x1515,	0xc9,
	0x1bd1,	0x85,
	0x1c01,	0xc3,
	0x1c02,	0x00,
	0x1c03,	0xef,
	0x1c04,	0x00,
	0x1c05,	0xff,
	0x1c06,	0x01,
	0x1c07,	0x2b,
	0x1c08,	0x01,
	0x1c09,	0x3b,
	0x24ef,	0x6b,
	0x2507,	0xb5,
	0x251d,	0xc1,
	0x25f9,	0xbf,
	0x25fa,	0x00,
	0x25fb,	0xc4,
	0x2611,	0xbf,
	0x2612,	0x00,
	0x2613,	0xc4,
	0x2629,	0xbf,
	0x262a,	0x00,
	0x262b,	0xc4,
	0x2649,	0xbf,
	0x264a,	0x00,
	0x264b,	0xc4,
	0x2665,	0xbf,
	0x2666,	0x00,
	0x2667,	0xc4,
	0x2685,	0xbf,
	0x2686,	0x00,
	0x2687,	0xc4,
	0x26a7,	0xb5,
	0x26d5,	0xc1,
	0x26ef,	0x6b,
	0x2705,	0xb3,
	0x2708,	0x00,
	0x2709,	0xef,
	0x270b,	0xc3,
	0x270d,	0x2b,
	0x270e,	0x00,
	0x270f,	0xff,
	0x2710,	0x01,
	0x2711,	0x69,
	0x2712,	0x01,
	0x2713,	0x3b,
	0x271d,	0xb3,
	0x2720,	0x00,
	0x2721,	0xef,
	0x2723,	0xc3,
	0x2725,	0x2b,
	0x2726,	0x00,
	0x2727,	0xff,
	0x2728,	0x01,
	0x2729,	0x69,
	0x272a,	0x01,
	0x272b,	0x3b,
	0x2735,	0xb3,
	0x2738,	0x00,
	0x2739,	0xef,
	0x273b,	0xc3,
	0x273d,	0x2b,
	0x273e,	0x00,
	0x273f,	0xff,
	0x2740,	0x01,
	0x2741,	0x69,
	0x2742,	0x01,
	0x2743,	0x3b,
	0x274d,	0xb3,
	0x2750,	0x00,
	0x2751,	0xef,
	0x2753,	0xc3,
	0x2755,	0x2b,
	0x2756,	0x00,
	0x2757,	0xff,
	0x2758,	0x01,
	0x2759,	0x69,
	0x275a,	0x01,
	0x275b,	0x3b,
	0x3010,	0x01,
	0x3402,	0xaf,
	0x3403,	0x19,
	0x3404,	0x19,
	0x3405,	0x0f,
	0x3406,	0x08,
	0x3408,	0x0f,
	0x3409,	0x08,
	0x340a,	0x03,
	0x341b,	0x30,
	0x344d,	0x02,
	0x344e,	0x02,
	0x3506,	0xf8,
	0x350d,	0x00,
	0x350e,	0xb1,
	0x3546,	0xf8,
	0x354d,	0x00,
	0x354e,	0xb1,
	0x3586,	0xf8,
	0x3608,	0x01,
	0x3622,	0x88,
	0x3623,	0x08,
	0x3691,	0x00,
	0x3692,	0x00,
	0x3696,	0x00,
	0x369a,	0x10,
	0x369b,	0x00,
	0x36a5,	0x02,
	0x36a6,	0x40,
	0x36a7,	0x00,
	0x36b0,	0x84,
	0x36b1,	0x00,
	0x36c8,	0x01,
	0x3714,	0x62,
	0x37bc,	0x08,
	0x37c9,	0x00,
	0x3800,	0x00,
	0x3801,	0x00,
	0x3802,	0x03,
	0x3803,	0x00,
	0x3804,	0x20,
	0x3805,	0x1f,
	0x3806,	0x15,
	0x3807,	0x3f,
	0x3808,	0x10,
	0x3809,	0x00,
	0x380a,	0x09,
	0x380b,	0x00,
	0x380c,	0x04,
	0x380d,	0xb0,
	0x380e,	0x06,
	0x380f,	0x7f,
	0x3811,	0x08,
	0x3813,	0x11,
	0x3814,	0x11,
	0x3815,	0x11,
	0x3820,	0x46,
	0x3821,	0x10,
	0x3823,	0x04,
	0x3828,	0x02,
	0x3830,	0x02,
	0x3831,	0x12,
	0x3837,	0x04,
	0x383f,	0x00,
	0x384c,	0x04,
	0x384d,	0xb0,
	0x386d,	0x7c,
	0x3889,	0x08,
	0x388b,	0x10,
	0x388c,	0x10,
	0x388d,	0x00,
	0x388e,	0x09,
	0x388f,	0x00,
	0x3894,	0x10,
	0x3896,	0x00,
	0x38a1,	0x1d,
	0x38a2,	0x98,
	0x38a4,	0x1d,
	0x38a5,	0x98,
	0x38a6,	0x20,
	0x38a9,	0x3b,
	0x38aa,	0x30,
	0x38ab,	0x00,
	0x38ad,	0x1d,
	0x38ae,	0x98,
	0x38b0,	0x01,
	0x38db,	0xe1,
	0x3f00,	0x06,
	0x3f30,	0x04,
	0x3f70,	0x06,
	0x3f72,	0x14,
	0x3f74,	0x14,
	0x3f76,	0x08,
	0x3f78,	0x08,
	0x3f7a,	0x08,
	0x3f7c,	0x0e,
	0x3f7e,	0x0e,
	0x3f80,	0x0e,
	0x3f8e,	0x08,
	0x3f90,	0x08,
	0x3f92,	0x08,
	0x400e,	0x1c,
	0x400f,	0x60,
	0x4010,	0xf4,
	0x4012,	0x50,
	0x4016,	0x1d,
	0x4018,	0x0f,
	0x4506,	0x01,
	0x4509,	0x07,
	0x450c,	0x00,
	0x450d,	0x60,
	0x4546,	0x04,
	0x4547,	0xb0,
	0x4549,	0x00,
	0x4580,	0x05,
	0x45c0,	0x45,
	0x45cb,	0xf0,
	0x45cc,	0x02,
	0x45cd,	0x00,
	0x45ce,	0x00,
	0x4602,	0x00,
	0x4603,	0x15,
	0x460b,	0x07,
	0x4640,	0x01,
	0x4641,	0x00,
	0x4643,	0x0c,
	0x4680,	0x09,
	0x468e,	0x30,
	0x4690,	0x11,
	0x4692,	0x56,
	0x4693,	0x00,
	0x4695,	0x11,
	0x4697,	0x11,
	0x46c0,	0x01,
	0x46c2,	0x04,
	0x46cb,	0xff,
	0x4701,	0x40,
	0x4703,	0x08,
	0x47c0,	0x05,
	0x47c2,	0x02,
	0x47c4,	0x05,
	0x47c6,	0x01,
	0x47c8,	0x05,
	0x47ca,	0x02,
	0x47cc,	0x05,
	0x47ce,	0x01,
	0x4808,	0x54,
	0x4813,	0x10,
	0x4836,	0x32,
	0x490e,	0x08,
	0x490f,	0x60,
	0x4910,	0x00,
	0x4912,	0x00,
	0x4a0e,	0x08,
	0x4a0f,	0x60,
	0x4a10,	0x00,
	0x4a12,	0x00,
	0x4b00,	0x00,
	0x4b10,	0x02,
	0x4b11,	0x06,
	0x4b12,	0x02,
	0x4b13,	0x06,
	0x4b14,	0x02,
	0x4b15,	0x06,
	0x4b16,	0x0a,
	0x4b17,	0x0e,
	0x4b20,	0x02,
	0x4b21,	0x06,
	0x4b22,	0x02,
	0x4b23,	0x06,
	0x4b24,	0x02,
	0x4b25,	0x06,
	0x4b26,	0x0a,
	0x4b27,	0x0e,
	0x4b30,	0x02,
	0x4b31,	0x06,
	0x4b32,	0x02,
	0x4b33,	0x06,
	0x4b34,	0x02,
	0x4b35,	0x06,
	0x4b36,	0x0a,
	0x4b37,	0x0e,
	0x4b3d,	0x00,
	0x4b3f,	0x00,
	0x4b41,	0x08,
	0x4b42,	0x00,
	0x4b43,	0x08,
	0x4b45,	0x08,
	0x4b46,	0x00,
	0x4b47,	0x08,
	0x4b48,	0x02,
	0x4b49,	0x00,
	0x4b4a,	0x01,
	0x4b4b,	0x00,
	0x4b51,	0x06,
	0x4b52,	0x02,
	0x4b53,	0x06,
	0x4b54,	0x02,
	0x4b55,	0x06,
	0x4b56,	0x0a,
	0x4b57,	0x0e,
	0x4b5a,	0x08,
	0x4b61,	0x06,
	0x4b62,	0x02,
	0x4b63,	0x06,
	0x4b64,	0x02,
	0x4b65,	0x06,
	0x4b66,	0x0a,
	0x4b67,	0x0e,
	0x4b6a,	0x08,
	0x4b71,	0x06,
	0x4b72,	0x02,
	0x4b73,	0x06,
	0x4b74,	0x02,
	0x4b75,	0x06,
	0x4b76,	0x0a,
	0x4b77,	0x0e,
	0x4b7a,	0x08,
	0x4b7d,	0x00,
	0x4b7f,	0x00,
	0x4b82,	0x00,
	0x4b83,	0x08,
	0x4b85,	0x08,
	0x4b86,	0x00,
	0x4b87,	0x08,
	0x4b88,	0x02,
	0x4b89,	0x00,
	0x4b8a,	0x01,
	0x4b8b,	0x00,
	0x4b91,	0x06,
	0x4b92,	0x02,
	0x4b93,	0x06,
	0x4b94,	0x02,
	0x4b95,	0x06,
	0x4b96,	0x0a,
	0x4b97,	0x0e,
	0x4b9a,	0x08,
	0x4ba1,	0x06,
	0x4ba2,	0x02,
	0x4ba3,	0x06,
	0x4ba4,	0x02,
	0x4ba5,	0x06,
	0x4ba6,	0x0a,
	0x4ba7,	0x0e,
	0x4baa,	0x08,
	0x4bb1,	0x06,
	0x4bb2,	0x02,
	0x4bb3,	0x06,
	0x4bb4,	0x02,
	0x4bb5,	0x06,
	0x4bb6,	0x0a,
	0x4bb7,	0x0e,
	0x4bba,	0x08,
	0x4bbd,	0x00,
	0x4bbf,	0x00,
	0x4bc2,	0x00,
	0x4bc3,	0x08,
	0x4bc5,	0x08,
	0x4bc6,	0x00,
	0x4bc7,	0x08,
	0x4bc8,	0x02,
	0x4bc9,	0x00,
	0x4bca,	0x01,
	0x4bcb,	0x00,
	0x5000,	0x0f,
	0x5001,	0x00,
	0x5002,	0x40,
	0x5003,	0xc0,
	0x5016,	0x11,
	0x5017,	0x00,
	0x50b3,	0x00,
	0x51a7,	0xc0,
	0x54a7,	0xc0,
	0x57a7,	0xc0,
	0x5a60,	0x7b,
	0x5b95,	0x45,
	0x5b97,	0x0c,
	0x5b98,	0x08,
	0x5b99,	0x00,
	0x5bc0,	0x1f,
	0x5e00,	0x7b,
	0x5f35,	0x45,
	0x5f37,	0x0c,
	0x5f38,	0x08,
	0x5f39,	0x00,
	0x5f60,	0x1f,
	0x6200,	0x60,
	0x6201,	0x00,
	0x6365,	0x00,
	0x6382,	0x03,
	0x6392,	0x03,
	0x64a0,	0x01,
	0x64a1,	0x00,
	0x64a2,	0x40,
	0xc400,	0x11,
	0xc405,	0x12,
	0xc406,	0x12,
	0xc407,	0x00,
	0xc408,	0x00,
	0xc409,	0x00,
	0xc40a,	0x00,
	0xc40b,	0x00,
	0xc40c,	0x00,
	0xc40d,	0x00,
	0xc40e,	0x00,
	0xc40f,	0x00,
	0xc410,	0x00,
	0xc411,	0x00,
	0xc412,	0x00,
	0xc413,	0x00,
	0xc414,	0x00,
	0xc41c,	0x00,
	0xc41e,	0x00,
	0xc420,	0x00,
	0xc422,	0x00,
	0xc424,	0x00,
	0xc426,	0x00,
	0xc428,	0x00,
	0xc42a,	0x00,
	0xc42c,	0x00,
	0xc42e,	0x00,
	0xc430,	0x00,
	0xc432,	0x00,
	0xc434,	0x00,
	0xc435,	0x12,
	0xc436,	0x12,
	0xc437,	0x00,
	0xc438,	0x00,
	0xc439,	0x00,
	0xc43a,	0x00,
	0xc43b,	0x00,
	0xc43c,	0x00,
	0xc43d,	0x00,
	0xc43e,	0x00,
	0xc43f,	0x00,
	0xc440,	0x00,
	0xc441,	0x00,
	0xc442,	0x00,
	0xc443,	0x00,
	0xc444,	0x00,
	0xc464,	0x60,
	0xc465,	0x60,
	0xc466,	0x60,
	0xc804,	0x1d,
	0xc805,	0x1d,
	0xc806,	0x1c,
	0xc807,	0x1c,
	0xc808,	0x16,
	0xc809,	0x10,
	0xc80c,	0x0f,
	0xc81d,	0x03,
	0xc81e,	0x03,
	0xc820,	0x03,
	0xc829,	0x01,
	0xc82a,	0x10,
	0xc82b,	0x15,
	0xc82c,	0x1b,
	0xc82d,	0x1c,
	0xc85a,	0x3f,
	0xc85b,	0x3f,
	0xc85c,	0x3f,
	0xc85d,	0x3f,
	0xc85e,	0x3f,
	0xc85f,	0x3f,
	0xc860,	0x2d,
	0xc861,	0x2d,
	0xc862,	0x3f,
	0xc863,	0x2d,
	0xc864,	0x2d,
	0xc865,	0x3f,
	0xc873,	0x10,
	0xc874,	0x10,
	0xc875,	0x10,
	0xc898,	0x0b,
	0xc899,	0x00,
	0xc89a,	0x00,
	0xc89b,	0x00,
	0xc89c,	0x00,
	0xc89d,	0xea,
	0xc8a5,	0x1f,
	0xc8a6,	0x12,
	0xc8a7,	0x0b,
	0xc8a8,	0x0f,
	0xc8aa,	0x00,
	0xc8b1,	0x06,
	0xc8b2,	0x0a,
	0xc8b3,	0x18,
	0xc8b4,	0x37,
	0xc8b5,	0x00,
	0xc8b6,	0x00,
	0xc8b7,	0x0b,
	0xc8b8,	0x0b,
	0xc8b9,	0x16,
	0xc8ba,	0x2c,
	0xc8bb,	0x00,
	0xc8bc,	0x00,
	0xc8bd,	0x02,
	0xc8be,	0x02,
	0xc8bf,	0x04,
	0xc8c3,	0x0a,
	0xc8c4,	0x0a,
	0xc8c5,	0x0a,
	0xc8ca,	0x00,
	0xc8cb,	0x03,
	0xc8cc,	0x12,
	0xc8cd,	0x04,
	0xc8ce,	0x03,
	0xc8cf,	0x03,
	0xc8d0,	0x03,
	0xc8d1,	0x01,
	0xc8d2,	0x02,
	0xc8d3,	0x01,
	0xc8d4,	0x01,
	0xc8d5,	0x02,
	0xc8d6,	0x02,
	0xc8d7,	0x68,
	0xc8d8,	0x67,
	0xc8d9,	0x67,
	0xc8da,	0x03,
	0xc8db,	0x66,
	0xc8dc,	0x66,
	0xc8dd,	0x66,
	0xc8de,	0x66,
	0xc8df,	0x66,
	0xc8e0,	0x66,
	0xc8e1,	0x66,
	0xc8e2,	0x66,
	0xc8e3,	0x66,
	0xc8e4,	0x66,
	0xc8e5,	0x0f,
	0xc8e6,	0x0f,
	0xc8e7,	0x0f,
	0xc8e9,	0x0f,
	0xc8ea,	0x0f,
	0xc8eb,	0x0f,
	0xc8ec,	0x0f,
	0xc8ed,	0x0f,
	0xc8ee,	0x0f,
	0xc8f3,	0x1e,
	0xc8f4,	0x1e,
	0xc8f5,	0x16,
	0xc8f6,	0x08,
	0xc8f7,	0x10,
	0xc8f8,	0x18,
	0xc8f9,	0x05,
	0xc8fa,	0x05,
	0xc8fb,	0x0a,
	0xc8fc,	0x0a,
	0xc8fd,	0x00,
	0xc8fe,	0x00,
	0xc8ff,	0x00,
	0xc900,	0x00,
	0xc903,	0x0b,
	0xc904,	0x11,
	0xc906,	0x1a,
	0xc907,	0x1a,
	0xc908,	0x1a,
	0xc924,	0x03,
	0xc925,	0x03,
	0xc930,	0x05,
	0xc931,	0x13,
	0xc933,	0x1d,
	0xc95c,	0x34,
	0xc95d,	0x3f,
	0xc95e,	0x3f,
	0xc95f,	0x34,
	0xc960,	0x3f,
	0xc961,	0x3f,
	0xc962,	0x22,
	0xc963,	0x3f,
	0xc964,	0x3f,
	0xc965,	0x22,
	0xc966,	0x3f,
	0xc967,	0x3f,
	0xc975,	0x10,
	0xc976,	0x10,
	0xc977,	0x10,
	0xc999,	0x3f,
	0xc99a,	0x00,
	0xc99c,	0x00,
	0xc99d,	0x00,
	0xc99f,	0xd7,
	0xc9a7,	0x2e,
	0xc9a8,	0x2b,
	0xc9a9,	0x00,
	0xc9aa,	0x00,
	0xc9b3,	0x06,
	0xc9b4,	0x04,
	0xc9b5,	0x08,
	0xc9b9,	0x0b,
	0xc9ba,	0x0a,
	0xc9bb,	0x0b,
	0xc9bf,	0x02,
	0xc9c0,	0x02,
	0xc9c1,	0x0e,
	0xc9c2,	0x24,
	0xc9c5,	0x0a,
	0xc9c7,	0x14,
	0xc9c8,	0x27,
	0xc9cc,	0x01,
	0xc9cd,	0x01,
	0xc9ce,	0x00,
	0xc9cf,	0x01,
	0xc9d0,	0x02,
	0xc9d1,	0x00,
	0xc9d2,	0x00,
	0xc9d3,	0x00,
	0xc9d4,	0x00,
	0xc9d9,	0x9c,
	0xc9da,	0x9b,
	0xc9db,	0x9b,
	0xc9dc,	0x57,
	0xc9dd,	0x99,
	0xc9de,	0x99,
	0xc9df,	0x9c,
	0xc9e0,	0x9c,
	0xc9e1,	0x9c,
	0xc9e2,	0x9c,
	0xc9e3,	0x9c,
	0xc9e4,	0x9c,
	0xc9e5,	0x9c,
	0xc9e6,	0x9c,
	0xc9ea,	0x0f,
	0xc9eb,	0x0f,
	0xc9ec,	0x0f,
	0xc9f5,	0x14,
	0xc9f6,	0x0f,
	0xc9f7,	0x0f,
	0xc9f8,	0x0a,
	0xc9f9,	0x06,
	0xc9fa,	0x10,
	0xc9fb,	0x00,
	0xc9fc,	0x00,
	0xc9fd,	0x00,
	0xc9fe,	0x00,
	0xca0b,	0x0b,
	0xca0c,	0x11,
	0xca0e,	0x1a,
	0xca0f,	0x1a,
	0xca10,	0x1a,
	0xca17,	0x81,
	0xca1b,	0x3e,
	0xd013,	0x37,
	0xd023,	0x37,
	0xd027,	0x36,
	0xd02b,	0x96,
	0xd02f,	0x7a,
	0xd034,	0x00,
	0xd03b,	0x7a,
	0xd083,	0x00,
	0xd087,	0x02,
	0xd08f,	0x00,
	0xd093,	0x02,
	0xd0a7,	0x02,
	0xd0ab,	0x09,
	0xd0af,	0x00,
	0xd0b3,	0x00,
	0xd0bb,	0x08,
	0xd0c3,	0x10,
	0xd0ce,	0x41,
	0xd0cf,	0x05,
	0xd143,	0x50,
	0xd1f9,	0xb5,
	0xd1fb,	0xc1,
	0xd211,	0xb5,
	0xd213,	0xc1,
	0xd241,	0xb5,
	0xd243,	0xc1,
	0xd261,	0xb5,
	0xd263,	0xc1,
	0xd2a1,	0xb5,
	0xd2a3,	0xc1,
	0xd2c1,	0xb5,
	0xd2c3,	0xc1,
	0xd309,	0xc3,
	0xd30a,	0x00,
	0xd30b,	0xef,
	0xd30d,	0xff,
	0xd30e,	0x01,
	0xd30f,	0x73,
	0xd514,	0x00,
	0xd515,	0xc9,
	0xdbfd,	0xc3,
	0xdbff,	0xef,
	0xdc01,	0xff,
	0xddf7,	0x42,
	0xde7b,	0x42,
	0xdeef,	0x42,
	0xdf37,	0x42,
	0xe30c,	0x00,
	0xe30d,	0xd1,
	0xe30e,	0x00,
	0xe30f,	0xe7,
	0xe310,	0x01,
	0xe311,	0x0d,
	0xe312,	0x01,
	0xe313,	0x69,
	0xe4d7,	0xb5,
	0xe4ed,	0xc1,
	0xe507,	0xb5,
	0xe51d,	0xc1,
	0xe5f9,	0xbf,
	0xe5fa,	0x00,
	0xe5fb,	0xc4,
	0xe611,	0xbf,
	0xe612,	0x00,
	0xe613,	0xc4,
	0xe629,	0xbf,
	0xe62a,	0x00,
	0xe62b,	0xc4,
	0xe649,	0xbf,
	0xe64a,	0x00,
	0xe64b,	0xc4,
	0xe665,	0xbf,
	0xe666,	0x00,
	0xe667,	0xc4,
	0xe685,	0xbf,
	0xe686,	0x00,
	0xe687,	0xc4,
	0xe6a7,	0xb5,
	0xe6bf,	0xb5,
	0xe6d5,	0xc1,
	0xe6ed,	0xc1,
	0xe708,	0x00,
	0xe709,	0xef,
	0xe70b,	0xc3,
	0xe70c,	0x01,
	0xe70d,	0x73,
	0xe70f,	0xff,
	0xe720,	0x00,
	0xe721,	0xef,
	0xe723,	0xc3,
	0xe724,	0x01,
	0xe725,	0x73,
	0xe727,	0xff,
	0xe738,	0x00,
	0xe739,	0xef,
	0xe73b,	0xc3,
	0xe73c,	0x01,
	0xe73d,	0x73,
	0xe73f,	0xff,
	0xe750,	0x00,
	0xe751,	0xef,
	0xe753,	0xc3,
	0xe754,	0x01,
	0xe755,	0x73,
	0xe757,	0xff,
	// ois off
	0x3002, 0x00,	//	bit[7] = 1 ; set VSYNC as output
	0x3680, 0x00,	//	assign VSYNC for OIS pin
	0x38f3, 0x00,	//	Enable OIS function
	0x38f4, 0x08,	//	bit[7:0] offset1[7:0]
	0x38f5, 0x00,	//	bit[7:4] for offset2[11:8]; bit[3:0] for offset1[11:8]
	0x38f6, 0x08,	//	bit[7:4] offset2[7:0]
	0x38af, 0x40,	//	Bit[6]: OIS function signal polarity
};

// custom38 mode 42 : 30fps video
static u16 warholovx9500wide_custom38_setting[] = { 
	0x0345,	0x40,
	0x0360,	0x03,
	0x100f,	0x62,
	0x101f,	0x62,
	0x1023,	0x37,
	0x1027,	0x4b,
	0x102b,	0xa2,
	0x102f,	0xd0,
	0x1034,	0x00,
	0x103b,	0xd0,
	0x1040,	0x00,
	0x1047,	0xb4,
	0x107a,	0x88,
	0x107b,	0x08,
	0x107e,	0x8b,
	0x107f,	0x03,
	0x1083,	0x0a,
	0x1087,	0x33,
	0x1093,	0x58,
	0x10a7,	0x02,
	0x10ab,	0x00,
	0x10ae,	0x8d,
	0x10af,	0x02,
	0x10b2,	0x8f,
	0x10b6,	0x92,
	0x10b7,	0x03,
	0x10ba,	0x95,
	0x10bb,	0x04,
	0x10be,	0x97,
	0x10c2,	0x9b,
	0x10c3,	0x10,
	0x10c6,	0x00,
	0x10c7,	0x00,
	0x1141,	0x00,
	0x1143,	0x00,
	0x11f9,	0xb5,
	0x11fb,	0xc1,
	0x1211,	0xb5,
	0x1213,	0xc1,
	0x1241,	0xb5,
	0x1243,	0xc1,
	0x1261,	0xb5,
	0x1263,	0xc1,
	0x12a1,	0xb5,
	0x12a3,	0xc1,
	0x12c1,	0xb5,
	0x12c3,	0xc1,
	0x130d,	0xc3,
	0x130e,	0x00,
	0x130f,	0xef,
	0x1310,	0x00,
	0x1311,	0xff,
	0x1313,	0x2b,
	0x1314,	0x01,
	0x1315,	0x43,
	0x1316,	0x01,
	0x1317,	0x69,
	0x1514,	0x00,
	0x1515,	0xc9,
	0x1bd1,	0x85,
	0x1c01,	0xc3,
	0x1c02,	0x00,
	0x1c03,	0xef,
	0x1c04,	0x00,
	0x1c05,	0xff,
	0x1c06,	0x01,
	0x1c07,	0x2b,
	0x1c08,	0x01,
	0x1c09,	0x3b,
	0x24ef,	0x6b,
	0x2507,	0xb5,
	0x251d,	0xc1,
	0x25f9,	0xbf,
	0x25fa,	0x00,
	0x25fb,	0xc4,
	0x2611,	0xbf,
	0x2612,	0x00,
	0x2613,	0xc4,
	0x2629,	0xbf,
	0x262a,	0x00,
	0x262b,	0xc4,
	0x2649,	0xbf,
	0x264a,	0x00,
	0x264b,	0xc4,
	0x2665,	0xbf,
	0x2666,	0x00,
	0x2667,	0xc4,
	0x2685,	0xbf,
	0x2686,	0x00,
	0x2687,	0xc4,
	0x26a7,	0xb5,
	0x26d5,	0xc1,
	0x26ef,	0x6b,
	0x2705,	0xb3,
	0x2708,	0x00,
	0x2709,	0xef,
	0x270b,	0xc3,
	0x270d,	0x2b,
	0x270e,	0x00,
	0x270f,	0xff,
	0x2710,	0x01,
	0x2711,	0x69,
	0x2712,	0x01,
	0x2713,	0x3b,
	0x271d,	0xb3,
	0x2720,	0x00,
	0x2721,	0xef,
	0x2723,	0xc3,
	0x2725,	0x2b,
	0x2726,	0x00,
	0x2727,	0xff,
	0x2728,	0x01,
	0x2729,	0x69,
	0x272a,	0x01,
	0x272b,	0x3b,
	0x2735,	0xb3,
	0x2738,	0x00,
	0x2739,	0xef,
	0x273b,	0xc3,
	0x273d,	0x2b,
	0x273e,	0x00,
	0x273f,	0xff,
	0x2740,	0x01,
	0x2741,	0x69,
	0x2742,	0x01,
	0x2743,	0x3b,
	0x274d,	0xb3,
	0x2750,	0x00,
	0x2751,	0xef,
	0x2753,	0xc3,
	0x2755,	0x2b,
	0x2756,	0x00,
	0x2757,	0xff,
	0x2758,	0x01,
	0x2759,	0x69,
	0x275a,	0x01,
	0x275b,	0x3b,
	0x3010,	0x06,
	0x3402,	0x58,
	0x3403,	0x0d,
	0x3404,	0x0d,
	0x3405,	0x08,
	0x3406,	0x04,
	0x3408,	0x08,
	0x3409,	0x04,
	0x340a,	0x02,
	0x341b,	0x30,
	0x344d,	0x02,
	0x344e,	0x02,
	0x3506,	0x1b,
	0x350d,	0x01,
	0x350e,	0x00,
	0x3546,	0x19,
	0x354d,	0x01,
	0x354e,	0x00,
	0x3586,	0x98,
	0x3608,	0x00,
	0x3622,	0xa8,
	0x3623,	0x06,
	0x3691,	0x01,
	0x3692,	0x20,
	0x3696,	0x00,
	0x369a,	0x10,
	0x369b,	0x00,
	0x36a5,	0x02,
	0x36a6,	0x40,
	0x36a7,	0x00,
	0x36b0,	0x84,
	0x36b1,	0x04,
	0x36c8,	0x01,
	0x3714,	0x62,
	0x37bc,	0x08,
	0x37c9,	0x02,
	0x3800,	0x00,
	0x3801,	0x00,
	0x3802,	0x03,
	0x3803,	0x00,
	0x3804,	0x20,
	0x3805,	0x1f,
	0x3806,	0x15,
	0x3807,	0x3f,
	0x3808,	0x10,
	0x3809,	0x00,
	0x380a,	0x09,
	0x380b,	0x00,
	0x380c,	0x09,
	0x380d,	0x60,
	0x380e,	0x03,
	0x380f,	0x3f,
	0x3811,	0x08,
	0x3813,	0x11,
	0x3814,	0x11,
	0x3815,	0x11,
	0x3820,	0x46,
	0x3821,	0x10,
	0x3823,	0x06,
	0x3828,	0x02,
	0x3830,	0x02,
	0x3831,	0x12,
	0x3837,	0x04,
	0x383f,	0x04,
	0x384c,	0x09,
	0x384d,	0x60,
	0x386d,	0x7c,
	0x3889,	0x08,
	0x388b,	0x10,
	0x388c,	0x10,
	0x388d,	0x00,
	0x388e,	0x09,
	0x388f,	0x00,
	0x3894,	0x10,
	0x3896,	0x00,
	0x38a1,	0x1d,
	0x38a2,	0x98,
	0x38a4,	0x1d,
	0x38a5,	0x98,
	0x38a6,	0x20,
	0x38a9,	0x3b,
	0x38aa,	0x30,
	0x38ab,	0x00,
	0x38ad,	0x1d,
	0x38ae,	0x98,
	0x38b0,	0x01,
	0x38db,	0xe1,
	0x3f00,	0x06,
	0x3f30,	0x04,
	0x3f70,	0x0a,
	0x3f72,	0x1e,
	0x3f74,	0x1e,
	0x3f76,	0x0e,
	0x3f78,	0x0e,
	0x3f7a,	0x0e,
	0x3f7c,	0x08,
	0x3f7e,	0x08,
	0x3f80,	0x08,
	0x3f8e,	0x08,
	0x3f90,	0x08,
	0x3f92,	0x08,
	0x400e,	0x1c,
	0x400f,	0x60,
	0x4010,	0xf4,
	0x4012,	0x50,
	0x4016,	0x1d,
	0x4018,	0x0f,
	0x4506,	0x01,
	0x4509,	0x07,
	0x450c,	0x00,
	0x450d,	0x60,
	0x4546,	0x04,
	0x4547,	0xb0,
	0x4549,	0x00,
	0x4580,	0x05,
	0x45c0,	0x45,
	0x45cb,	0xf0,
	0x45cc,	0x02,
	0x45cd,	0x00,
	0x45ce,	0x00,
	0x4602,	0x00,
	0x4603,	0x15,
	0x460b,	0x07,
	0x4640,	0x01,
	0x4641,	0x00,
	0x4643,	0x0c,
	0x4680,	0x09,
	0x468e,	0x38,
	0x4690,	0x22,
	0x4692,	0x56,
	0x4693,	0x00,
	0x4695,	0x11,
	0x4697,	0x33,
	0x46c0,	0x41,
	0x46c2,	0x14,
	0x46cb,	0xf0,
	0x4701,	0x40,
	0x4703,	0x0c,
	0x47c0,	0x05,
	0x47c2,	0x02,
	0x47c4,	0x05,
	0x47c6,	0x01,
	0x47c8,	0x05,
	0x47ca,	0x02,
	0x47cc,	0x05,
	0x47ce,	0x01,
	0x4808,	0x43,
	0x4813,	0x50,
	0x4836,	0x21,
	0x490e,	0x08,
	0x490f,	0x30,
	0x4910,	0x00,
	0x4912,	0x00,
	0x4a0e,	0x08,
	0x4a0f,	0x30,
	0x4a10,	0x00,
	0x4a12,	0x00,
	0x4b00,	0x40,
	0x4b10,	0x05,
	0x4b11,	0x04,
	0x4b12,	0x00,
	0x4b13,	0x01,
	0x4b14,	0x01,
	0x4b15,	0x05,
	0x4b16,	0x09,
	0x4b17,	0x0d,
	0x4b20,	0x05,
	0x4b21,	0x04,
	0x4b22,	0x00,
	0x4b23,	0x01,
	0x4b24,	0x01,
	0x4b25,	0x05,
	0x4b26,	0x09,
	0x4b27,	0x0d,
	0x4b30,	0x05,
	0x4b31,	0x04,
	0x4b32,	0x00,
	0x4b33,	0x01,
	0x4b34,	0x01,
	0x4b35,	0x05,
	0x4b36,	0x09,
	0x4b37,	0x0d,
	0x4b3d,	0x10,
	0x4b3f,	0x10,
	0x4b41,	0x10,
	0x4b42,	0x20,
	0x4b43,	0x00,
	0x4b45,	0x10,
	0x4b46,	0x10,
	0x4b47,	0x00,
	0x4b48,	0x20,
	0x4b49,	0x20,
	0x4b4a,	0x10,
	0x4b4b,	0x20,
	0x4b51,	0x02,
	0x4b52,	0x00,
	0x4b53,	0x00,
	0x4b54,	0x01,
	0x4b55,	0x05,
	0x4b56,	0x09,
	0x4b57,	0x0d,
	0x4b5a,	0x04,
	0x4b61,	0x02,
	0x4b62,	0x00,
	0x4b63,	0x00,
	0x4b64,	0x01,
	0x4b65,	0x05,
	0x4b66,	0x09,
	0x4b67,	0x0d,
	0x4b6a,	0x04,
	0x4b71,	0x02,
	0x4b72,	0x00,
	0x4b73,	0x00,
	0x4b74,	0x01,
	0x4b75,	0x05,
	0x4b76,	0x09,
	0x4b77,	0x0d,
	0x4b7a,	0x04,
	0x4b7d,	0x08,
	0x4b7f,	0x10,
	0x4b82,	0x10,
	0x4b83,	0x00,
	0x4b85,	0x10,
	0x4b86,	0x10,
	0x4b87,	0x00,
	0x4b88,	0x10,
	0x4b89,	0x10,
	0x4b8a,	0x10,
	0x4b8b,	0x20,
	0x4b91,	0x02,
	0x4b92,	0x00,
	0x4b93,	0x00,
	0x4b94,	0x01,
	0x4b95,	0x05,
	0x4b96,	0x09,
	0x4b97,	0x0d,
	0x4b9a,	0x04,
	0x4ba1,	0x02,
	0x4ba2,	0x00,
	0x4ba3,	0x00,
	0x4ba4,	0x01,
	0x4ba5,	0x05,
	0x4ba6,	0x09,
	0x4ba7,	0x0d,
	0x4baa,	0x04,
	0x4bb1,	0x02,
	0x4bb2,	0x00,
	0x4bb3,	0x00,
	0x4bb4,	0x01,
	0x4bb5,	0x05,
	0x4bb6,	0x09,
	0x4bb7,	0x0d,
	0x4bba,	0x04,
	0x4bbd,	0x08,
	0x4bbf,	0x10,
	0x4bc2,	0x10,
	0x4bc3,	0x00,
	0x4bc5,	0x10,
	0x4bc6,	0x10,
	0x4bc7,	0x00,
	0x4bc8,	0x10,
	0x4bc9,	0x10,
	0x4bca,	0x10,
	0x4bcb,	0x20,
	0x5000,	0x2f,
	0x5001,	0x2c,
	0x5002,	0x71,
	0x5003,	0xcc,
	0x5016,	0x31,
	0x5017,	0x01,
	0x50b3,	0xd7,
	0x51a7,	0xd8,
	0x54a7,	0xd8,
	0x57a7,	0xd8,
	0x5a60,	0x7b,
	0x5b95,	0x45,
	0x5b97,	0x0c,
	0x5b98,	0x08,
	0x5b99,	0x00,
	0x5bc0,	0x1f,
	0x5e00,	0x7b,
	0x5f35,	0x45,
	0x5f37,	0x0c,
	0x5f38,	0x08,
	0x5f39,	0x00,
	0x5f60,	0x1f,
	0x6200,	0x60,
	0x6201,	0x01,
	0x6365,	0x80,
	0x6382,	0x03,
	0x6392,	0x03,
	0x64a0,	0x03,
	0x64a1,	0x04,
	0x64a2,	0x00,
	0xc400,	0x11,
	0xc405,	0x12,
	0xc406,	0x12,
	0xc407,	0x12,
	0xc408,	0x00,
	0xc409,	0x00,
	0xc40a,	0x00,
	0xc40b,	0x00,
	0xc40c,	0x00,
	0xc40d,	0x00,
	0xc40e,	0x00,
	0xc40f,	0x00,
	0xc410,	0x00,
	0xc411,	0x00,
	0xc412,	0x00,
	0xc413,	0x00,
	0xc414,	0x00,
	0xc41c,	0x00,
	0xc41e,	0x00,
	0xc420,	0x00,
	0xc422,	0x00,
	0xc424,	0x00,
	0xc426,	0x00,
	0xc428,	0x00,
	0xc42a,	0x00,
	0xc42c,	0x00,
	0xc42e,	0x00,
	0xc430,	0x00,
	0xc432,	0x00,
	0xc434,	0x00,
	0xc435,	0x12,
	0xc436,	0x12,
	0xc437,	0x12,
	0xc438,	0x00,
	0xc439,	0x00,
	0xc43a,	0x00,
	0xc43b,	0x00,
	0xc43c,	0x00,
	0xc43d,	0x00,
	0xc43e,	0x00,
	0xc43f,	0x00,
	0xc440,	0x00,
	0xc441,	0x00,
	0xc442,	0x00,
	0xc443,	0x00,
	0xc444,	0x00,
	0xc464,	0x60,
	0xc465,	0x30,
	0xc466,	0x30,
	0xc804,	0x1d,
	0xc805,	0x1d,
	0xc806,	0x1f,
	0xc807,	0x1f,
	0xc808,	0x18,
	0xc809,	0x18,
	0xc80c,	0x0f,
	0xc81d,	0x03,
	0xc81e,	0x03,
	0xc820,	0x03,
	0xc829,	0x09,
	0xc82a,	0x12,
	0xc82b,	0x16,
	0xc82c,	0x1c,
	0xc82d,	0x1d,
	0xc85a,	0x3e,
	0xc85b,	0x1d,
	0xc85c,	0x1b,
	0xc85d,	0x3f,
	0xc85e,	0x1d,
	0xc85f,	0x1b,
	0xc860,	0x2f,
	0xc861,	0x1d,
	0xc862,	0x1b,
	0xc863,	0x2e,
	0xc864,	0x1d,
	0xc865,	0x1b,
	0xc873,	0x0c,
	0xc874,	0x0c,
	0xc875,	0x0c,
	0xc898,	0x1b,
	0xc899,	0x1b,
	0xc89a,	0x00,
	0xc89b,	0x00,
	0xc89c,	0x00,
	0xc89d,	0xff,
	0xc8a5,	0x10,
	0xc8a6,	0x0b,
	0xc8a7,	0x07,
	0xc8a8,	0x06,
	0xc8aa,	0x05,
	0xc8b1,	0x0a,
	0xc8b2,	0x10,
	0xc8b3,	0x28,
	0xc8b4,	0x4a,
	0xc8b5,	0x4a,
	0xc8b6,	0x4a,
	0xc8b7,	0x0c,
	0xc8b8,	0x0c,
	0xc8b9,	0x18,
	0xc8ba,	0x2a,
	0xc8bb,	0x28,
	0xc8bc,	0x24,
	0xc8bd,	0x02,
	0xc8be,	0x02,
	0xc8bf,	0x04,
	0xc8c3,	0x0a,
	0xc8c4,	0x0a,
	0xc8c5,	0x0a,
	0xc8ca,	0x01,
	0xc8cb,	0x01,
	0xc8cc,	0x07,
	0xc8cd,	0x05,
	0xc8ce,	0x05,
	0xc8cf,	0x04,
	0xc8d0,	0x04,
	0xc8d1,	0x04,
	0xc8d2,	0x04,
	0xc8d3,	0x05,
	0xc8d4,	0x05,
	0xc8d5,	0x08,
	0xc8d6,	0x08,
	0xc8d7,	0x89,
	0xc8d8,	0x89,
	0xc8d9,	0x89,
	0xc8da,	0x3a,
	0xc8db,	0x87,
	0xc8dc,	0x87,
	0xc8dd,	0x87,
	0xc8de,	0x87,
	0xc8df,	0x87,
	0xc8e0,	0x87,
	0xc8e1,	0x87,
	0xc8e2,	0x87,
	0xc8e3,	0x87,
	0xc8e4,	0x87,
	0xc8e5,	0x0f,
	0xc8e6,	0x0f,
	0xc8e7,	0x0f,
	0xc8e9,	0x0f,
	0xc8ea,	0x0f,
	0xc8eb,	0x0f,
	0xc8ec,	0x0f,
	0xc8ed,	0x0f,
	0xc8ee,	0x0f,
	0xc8f3,	0x1e,
	0xc8f4,	0x10,
	0xc8f5,	0x0a,
	0xc8f6,	0x01,
	0xc8f7,	0x0f,
	0xc8f8,	0x08,
	0xc8f9,	0x08,
	0xc8fa,	0x08,
	0xc8fb,	0x08,
	0xc8fc,	0x08,
	0xc8fd,	0x12,
	0xc8fe,	0x12,
	0xc8ff,	0x10,
	0xc900,	0x10,
	0xc903,	0x09,
	0xc904,	0x10,
	0xc906,	0x17,
	0xc907,	0x17,
	0xc908,	0x17,
	0xc924,	0x03,
	0xc925,	0x03,
	0xc930,	0x07,
	0xc931,	0x12,
	0xc933,	0x1c,
	0xc95c,	0x23,
	0xc95d,	0x33,
	0xc95e,	0x1b,
	0xc95f,	0x1a,
	0xc960,	0x33,
	0xc961,	0x1b,
	0xc962,	0x0f,
	0xc963,	0x39,
	0xc964,	0x1b,
	0xc965,	0x0e,
	0xc966,	0x09,
	0xc967,	0x1b,
	0xc975,	0x0c,
	0xc976,	0x0c,
	0xc977,	0x0c,
	0xc999,	0x3f,
	0xc99a,	0x2c,
	0xc99c,	0x00,
	0xc99d,	0x00,
	0xc99f,	0xff,
	0xc9a7,	0x3f,
	0xc9a8,	0x25,
	0xc9a9,	0x3f,
	0xc9aa,	0x13,
	0xc9b3,	0x08,
	0xc9b4,	0x08,
	0xc9b5,	0x0c,
	0xc9b9,	0x0c,
	0xc9ba,	0x0c,
	0xc9bb,	0x0c,
	0xc9bf,	0x02,
	0xc9c0,	0x06,
	0xc9c1,	0x0a,
	0xc9c2,	0x24,
	0xc9c5,	0x0a,
	0xc9c7,	0x1a,
	0xc9c8,	0x32,
	0xc9cc,	0x02,
	0xc9cd,	0x00,
	0xc9ce,	0x04,
	0xc9cf,	0x00,
	0xc9d0,	0x00,
	0xc9d1,	0x00,
	0xc9d2,	0x00,
	0xc9d3,	0x00,
	0xc9d4,	0x00,
	0xc9d9,	0x89,
	0xc9da,	0x88,
	0xc9db,	0x88,
	0xc9dc,	0x39,
	0xc9dd,	0x85,
	0xc9de,	0x85,
	0xc9df,	0x85,
	0xc9e0,	0x85,
	0xc9e1,	0x85,
	0xc9e2,	0x85,
	0xc9e3,	0x89,
	0xc9e4,	0x89,
	0xc9e5,	0x89,
	0xc9e6,	0x89,
	0xc9ea,	0x0f,
	0xc9eb,	0x0f,
	0xc9ec,	0x0f,
	0xc9f5,	0x1a,
	0xc9f6,	0x1a,
	0xc9f7,	0x10,
	0xc9f8,	0x10,
	0xc9f9,	0x10,
	0xc9fa,	0x10,
	0xc9fb,	0x10,
	0xc9fc,	0x10,
	0xc9fd,	0x10,
	0xc9fe,	0x08,
	0xca0b,	0x09,
	0xca0c,	0x10,
	0xca0e,	0x17,
	0xca0f,	0x17,
	0xca10,	0x17,
	0xca17,	0x81,
	0xca1b,	0x3e,
	0xd013,	0x37,
	0xd023,	0x37,
	0xd027,	0x36,
	0xd02b,	0x96,
	0xd02f,	0xd6,
	0xd034,	0x00,
	0xd03b,	0xd6,
	0xd083,	0x00,
	0xd087,	0x5e,
	0xd08f,	0x00,
	0xd093,	0x5e,
	0xd0a7,	0x02,
	0xd0ab,	0x0a,
	0xd0af,	0x00,
	0xd0b3,	0x04,
	0xd0bb,	0x08,
	0xd0c3,	0x10,
	0xd0ce,	0x41,
	0xd0cf,	0x00,
	0xd143,	0x50,
	0xd1f9,	0xb5,
	0xd1fb,	0xc1,
	0xd211,	0xb5,
	0xd213,	0xc1,
	0xd241,	0xb5,
	0xd243,	0xc1,
	0xd261,	0xb5,
	0xd263,	0xc1,
	0xd2a1,	0xb5,
	0xd2a3,	0xc1,
	0xd2c1,	0xb5,
	0xd2c3,	0xc1,
	0xd309,	0xc3,
	0xd30a,	0x00,
	0xd30b,	0xef,
	0xd30d,	0xff,
	0xd30e,	0x01,
	0xd30f,	0x73,
	0xd514,	0x00,
	0xd515,	0xc9,
	0xdbfd,	0xc3,
	0xdbff,	0xef,
	0xdc01,	0xff,
	0xddf7,	0x41,
	0xde7b,	0x41,
	0xdeef,	0x41,
	0xdf37,	0x41,
	0xe30c,	0x00,
	0xe30d,	0xd1,
	0xe30e,	0x00,
	0xe30f,	0xe7,
	0xe310,	0x01,
	0xe311,	0x0d,
	0xe312,	0x01,
	0xe313,	0x69,
	0xe4d7,	0xb5,
	0xe4ed,	0xc1,
	0xe507,	0xb5,
	0xe51d,	0xc1,
	0xe5f9,	0xbf,
	0xe5fa,	0x00,
	0xe5fb,	0xc4,
	0xe611,	0xbf,
	0xe612,	0x00,
	0xe613,	0xc4,
	0xe629,	0xbf,
	0xe62a,	0x00,
	0xe62b,	0xc4,
	0xe649,	0xbf,
	0xe64a,	0x00,
	0xe64b,	0xc4,
	0xe665,	0xbf,
	0xe666,	0x00,
	0xe667,	0xc4,
	0xe685,	0xbf,
	0xe686,	0x00,
	0xe687,	0xc4,
	0xe6a7,	0xb5,
	0xe6bf,	0xb5,
	0xe6d5,	0xc1,
	0xe6ed,	0xc1,
	0xe708,	0x00,
	0xe709,	0xef,
	0xe70b,	0xc3,
	0xe70c,	0x01,
	0xe70d,	0x73,
	0xe70f,	0xff,
	0xe720,	0x00,
	0xe721,	0xef,
	0xe723,	0xc3,
	0xe724,	0x01,
	0xe725,	0x73,
	0xe727,	0xff,
	0xe738,	0x00,
	0xe739,	0xef,
	0xe73b,	0xc3,
	0xe73c,	0x01,
	0xe73d,	0x73,
	0xe73f,	0xff,
	0xe750,	0x00,
	0xe751,	0xef,
	0xe753,	0xc3,
	0xe754,	0x01,
	0xe755,	0x73,
	0xe757,	0xff,
	// ois off
	0x3002, 0x00,	//	bit[7] = 1 ; set VSYNC as output
	0x3680, 0x00,	//	assign VSYNC for OIS pin
	0x38f3, 0x00,	//	Enable OIS function
	0x38f4, 0x08,	//	bit[7:0] offset1[7:0]
	0x38f5, 0x00,	//	bit[7:4] for offset2[11:8]; bit[3:0] for offset1[11:8]
	0x38f6, 0x08,	//	bit[7:4] offset2[7:0]
	0x38af, 0x40,	//	Bit[6]: OIS function signal polarity
};

// custom39 mode 43 : 30fps video
static u16 warholovx9500wide_custom39_setting[] = { 
	0x0345,	0x45,
	0x0360,	0x01,
	0x100f,	0x62,
	0x101f,	0x62,
	0x1023,	0x37,
	0x1027,	0x4b,
	0x102b,	0xa2,
	0x102f,	0xd0,
	0x1034,	0x00,
	0x103b,	0xd0,
	0x1040,	0x00,
	0x1047,	0xb4,
	0x107a,	0x88,
	0x107b,	0x08,
	0x107e,	0x8b,
	0x107f,	0x03,
	0x1083,	0x0a,
	0x1087,	0x33,
	0x1093,	0x58,
	0x10a7,	0x02,
	0x10ab,	0x00,
	0x10ae,	0x8d,
	0x10af,	0x02,
	0x10b2,	0x8f,
	0x10b6,	0x92,
	0x10b7,	0x03,
	0x10ba,	0x95,
	0x10bb,	0x04,
	0x10be,	0x97,
	0x10c2,	0x9b,
	0x10c3,	0x10,
	0x10c6,	0x00,
	0x10c7,	0x00,
	0x1141,	0x00,
	0x1143,	0x00,
	0x11f9,	0xb5,
	0x11fb,	0xc1,
	0x1211,	0xb5,
	0x1213,	0xc1,
	0x1241,	0xb5,
	0x1243,	0xc1,
	0x1261,	0xb5,
	0x1263,	0xc1,
	0x12a1,	0xb5,
	0x12a3,	0xc1,
	0x12c1,	0xb5,
	0x12c3,	0xc1,
	0x130d,	0xc3,
	0x130e,	0x00,
	0x130f,	0xef,
	0x1310,	0x00,
	0x1311,	0xff,
	0x1313,	0x2b,
	0x1314,	0x01,
	0x1315,	0x43,
	0x1316,	0x01,
	0x1317,	0x69,
	0x1514,	0x00,
	0x1515,	0xc9,
	0x1bd1,	0x85,
	0x1c01,	0xc3,
	0x1c02,	0x00,
	0x1c03,	0xef,
	0x1c04,	0x00,
	0x1c05,	0xff,
	0x1c06,	0x01,
	0x1c07,	0x2b,
	0x1c08,	0x01,
	0x1c09,	0x3b,
	0x24ef,	0x6b,
	0x2507,	0xb5,
	0x251d,	0xc1,
	0x25f9,	0xbf,
	0x25fa,	0x00,
	0x25fb,	0xc4,
	0x2611,	0xbf,
	0x2612,	0x00,
	0x2613,	0xc4,
	0x2629,	0xbf,
	0x262a,	0x00,
	0x262b,	0xc4,
	0x2649,	0xbf,
	0x264a,	0x00,
	0x264b,	0xc4,
	0x2665,	0xbf,
	0x2666,	0x00,
	0x2667,	0xc4,
	0x2685,	0xbf,
	0x2686,	0x00,
	0x2687,	0xc4,
	0x26a7,	0xb5,
	0x26d5,	0xc1,
	0x26ef,	0x6b,
	0x2705,	0xb3,
	0x2708,	0x00,
	0x2709,	0xef,
	0x270b,	0xc3,
	0x270d,	0x2b,
	0x270e,	0x00,
	0x270f,	0xff,
	0x2710,	0x01,
	0x2711,	0x69,
	0x2712,	0x01,
	0x2713,	0x3b,
	0x271d,	0xb3,
	0x2720,	0x00,
	0x2721,	0xef,
	0x2723,	0xc3,
	0x2725,	0x2b,
	0x2726,	0x00,
	0x2727,	0xff,
	0x2728,	0x01,
	0x2729,	0x69,
	0x272a,	0x01,
	0x272b,	0x3b,
	0x2735,	0xb3,
	0x2738,	0x00,
	0x2739,	0xef,
	0x273b,	0xc3,
	0x273d,	0x2b,
	0x273e,	0x00,
	0x273f,	0xff,
	0x2740,	0x01,
	0x2741,	0x69,
	0x2742,	0x01,
	0x2743,	0x3b,
	0x274d,	0xb3,
	0x2750,	0x00,
	0x2751,	0xef,
	0x2753,	0xc3,
	0x2755,	0x2b,
	0x2756,	0x00,
	0x2757,	0xff,
	0x2758,	0x01,
	0x2759,	0x69,
	0x275a,	0x01,
	0x275b,	0x3b,
	0x3010,	0x01,
	0x3402,	0xaf,
	0x3403,	0x19,
	0x3404,	0x19,
	0x3405,	0x0f,
	0x3406,	0x08,
	0x3408,	0x0f,
	0x3409,	0x08,
	0x340a,	0x03,
	0x341b,	0x30,
	0x344d,	0x02,
	0x344e,	0x02,
	0x3506,	0xf8,
	0x350d,	0x00,
	0x350e,	0xb1,
	0x3546,	0xf8,
	0x354d,	0x00,
	0x354e,	0xb1,
	0x3586,	0xf8,
	0x3608,	0x00,
	0x3622,	0xa8,
	0x3623,	0x04,
	0x3691,	0x00,
	0x3692,	0x00,
	0x3696,	0x00,
	0x369a,	0x10,
	0x369b,	0x00,
	0x36a5,	0x22,
	0x36a6,	0x80,
	0x36a7,	0x00,
	0x36b0,	0x84,
	0x36b1,	0x00,
	0x36c8,	0x00,
	0x3714,	0x68,
	0x37bc,	0x38,
	0x37c9,	0x00,
	0x3800,	0x08,
	0x3801,	0x00,
	0x3802,	0x07,
	0x3803,	0x80,
	0x3804,	0x18,
	0x3805,	0x1f,
	0x3806,	0x10,
	0x3807,	0xbf,
	0x3808,	0x10,
	0x3809,	0x00,
	0x380a,	0x09,
	0x380b,	0x00,
	0x380c,	0x04,
	0x380d,	0xb0,
	0x380e,	0x06,
	0x380f,	0x7f,
	0x3811,	0x10,
	0x3813,	0x21,
	0x3814,	0x11,
	0x3815,	0x11,
	0x3820,	0x44,
	0x3821,	0x00,
	0x3823,	0x04,
	0x3828,	0x08,
	0x3830,	0x08,
	0x3831,	0x10,
	0x3837,	0x10,
	0x383f,	0x00,
	0x384c,	0x04,
	0x384d,	0xb0,
	0x386d,	0x7c,
	0x3889,	0x10,
	0x388b,	0x20,
	0x388c,	0x10,
	0x388d,	0x00,
	0x388e,	0x09,
	0x388f,	0x00,
	0x3894,	0x10,
	0x3896,	0x00,
	0x38a1,	0x1d,
	0x38a2,	0x98,
	0x38a4,	0x1d,
	0x38a5,	0x98,
	0x38a6,	0x20,
	0x38a9,	0x3b,
	0x38aa,	0x30,
	0x38ab,	0x00,
	0x38ad,	0x1d,
	0x38ae,	0x98,
	0x38b0,	0x01,
	0x38db,	0xe1,
	0x3f00,	0x06,
	0x3f30,	0x00,
	0x3f70,	0x02,
	0x3f72,	0x0a,
	0x3f74,	0x0a,
	0x3f76,	0x16,
	0x3f78,	0x16,
	0x3f7a,	0x16,
	0x3f7c,	0x0e,
	0x3f7e,	0x0e,
	0x3f80,	0x0e,
	0x3f8e,	0x02,
	0x3f90,	0x0a,
	0x3f92,	0x0a,
	0x400e,	0x14,
	0x400f,	0x30,
	0x4010,	0xf4,
	0x4012,	0x50,
	0x4016,	0x3d,
	0x4018,	0x1f,
	0x4506,	0x01,
	0x4509,	0x07,
	0x450c,	0x00,
	0x450d,	0x30,
	0x4546,	0x09,
	0x4547,	0x60,
	0x4549,	0x00,
	0x4580,	0x05,
	0x45c0,	0x05,
	0x45cb,	0xff,
	0x45cc,	0x02,
	0x45cd,	0x00,
	0x45ce,	0x00,
	0x4602,	0x00,
	0x4603,	0x15,
	0x460b,	0x07,
	0x4640,	0x00,
	0x4641,	0x80,
	0x4643,	0x08,
	0x4680,	0x19,
	0x468e,	0x30,
	0x4690,	0x12,
	0x4692,	0x56,
	0x4693,	0x00,
	0x4695,	0x11,
	0x4697,	0x11,
	0x46c0,	0x01,
	0x46c2,	0x04,
	0x46cb,	0xff,
	0x4701,	0x40,
	0x4703,	0x08,
	0x47c0,	0x05,
	0x47c2,	0x02,
	0x47c4,	0x05,
	0x47c6,	0x01,
	0x47c8,	0x05,
	0x47ca,	0x02,
	0x47cc,	0x05,
	0x47ce,	0x01,
	0x4808,	0x54,
	0x4813,	0x10,
	0x4836,	0x32,
	0x490e,	0x00,
	0x490f,	0x30,
	0x4910,	0x00,
	0x4912,	0x00,
	0x4a0e,	0x00,
	0x4a0f,	0x30,
	0x4a10,	0x00,
	0x4a12,	0x00,
	0x4b00,	0x00,
	0x4b10,	0x02,
	0x4b11,	0x06,
	0x4b12,	0x02,
	0x4b13,	0x06,
	0x4b14,	0x02,
	0x4b15,	0x06,
	0x4b16,	0x0a,
	0x4b17,	0x0e,
	0x4b20,	0x02,
	0x4b21,	0x06,
	0x4b22,	0x02,
	0x4b23,	0x06,
	0x4b24,	0x02,
	0x4b25,	0x06,
	0x4b26,	0x0a,
	0x4b27,	0x0e,
	0x4b30,	0x02,
	0x4b31,	0x06,
	0x4b32,	0x02,
	0x4b33,	0x06,
	0x4b34,	0x02,
	0x4b35,	0x06,
	0x4b36,	0x0a,
	0x4b37,	0x0e,
	0x4b3d,	0x00,
	0x4b3f,	0x00,
	0x4b41,	0x08,
	0x4b42,	0x00,
	0x4b43,	0x08,
	0x4b45,	0x08,
	0x4b46,	0x00,
	0x4b47,	0x08,
	0x4b48,	0x02,
	0x4b49,	0x00,
	0x4b4a,	0x01,
	0x4b4b,	0x00,
	0x4b51,	0x06,
	0x4b52,	0x02,
	0x4b53,	0x06,
	0x4b54,	0x02,
	0x4b55,	0x06,
	0x4b56,	0x0a,
	0x4b57,	0x0e,
	0x4b5a,	0x08,
	0x4b61,	0x06,
	0x4b62,	0x02,
	0x4b63,	0x06,
	0x4b64,	0x02,
	0x4b65,	0x06,
	0x4b66,	0x0a,
	0x4b67,	0x0e,
	0x4b6a,	0x08,
	0x4b71,	0x06,
	0x4b72,	0x02,
	0x4b73,	0x06,
	0x4b74,	0x02,
	0x4b75,	0x06,
	0x4b76,	0x0a,
	0x4b77,	0x0e,
	0x4b7a,	0x08,
	0x4b7d,	0x00,
	0x4b7f,	0x00,
	0x4b82,	0x00,
	0x4b83,	0x08,
	0x4b85,	0x08,
	0x4b86,	0x00,
	0x4b87,	0x08,
	0x4b88,	0x02,
	0x4b89,	0x00,
	0x4b8a,	0x01,
	0x4b8b,	0x00,
	0x4b91,	0x06,
	0x4b92,	0x02,
	0x4b93,	0x06,
	0x4b94,	0x02,
	0x4b95,	0x06,
	0x4b96,	0x0a,
	0x4b97,	0x0e,
	0x4b9a,	0x08,
	0x4ba1,	0x06,
	0x4ba2,	0x02,
	0x4ba3,	0x06,
	0x4ba4,	0x02,
	0x4ba5,	0x06,
	0x4ba6,	0x0a,
	0x4ba7,	0x0e,
	0x4baa,	0x08,
	0x4bb1,	0x06,
	0x4bb2,	0x02,
	0x4bb3,	0x06,
	0x4bb4,	0x02,
	0x4bb5,	0x06,
	0x4bb6,	0x0a,
	0x4bb7,	0x0e,
	0x4bba,	0x08,
	0x4bbd,	0x00,
	0x4bbf,	0x00,
	0x4bc2,	0x00,
	0x4bc3,	0x08,
	0x4bc5,	0x08,
	0x4bc6,	0x00,
	0x4bc7,	0x08,
	0x4bc8,	0x02,
	0x4bc9,	0x00,
	0x4bca,	0x01,
	0x4bcb,	0x00,
	0x5000,	0xdf,
	0x5001,	0x00,
	0x5002,	0x40,
	0x5003,	0xc0,
	0x5016,	0x11,
	0x5017,	0x00,
	0x50b3,	0x00,
	0x51a7,	0xc0,
	0x54a7,	0xc0,
	0x57a7,	0xc0,
	0x5a60,	0x7a,
	0x5b95,	0x5c,
	0x5b97,	0x04,
	0x5b98,	0x04,
	0x5b99,	0x04,
	0x5bc0,	0x10,
	0x5e00,	0x7a,
	0x5f35,	0x5c,
	0x5f37,	0x04,
	0x5f38,	0x04,
	0x5f39,	0x04,
	0x5f60,	0x10,
	0x6200,	0x21,
	0x6201,	0x20,
	0x6365,	0x00,
	0x6382,	0x04,
	0x6392,	0x04,
	0x64a0,	0x01,
	0x64a1,	0x00,
	0x64a2,	0x40,
	0xc400,	0x10,
	0xc405,	0x0a,
	0xc406,	0x0a,
	0xc407,	0x0a,
	0xc408,	0x0a,
	0xc409,	0x0a,
	0xc40a,	0x0a,
	0xc40b,	0x0a,
	0xc40c,	0x0a,
	0xc40d,	0x0a,
	0xc40e,	0x0a,
	0xc40f,	0x0a,
	0xc410,	0x0a,
	0xc411,	0x0a,
	0xc412,	0x0a,
	0xc413,	0x0a,
	0xc414,	0x0a,
	0xc41c,	0xc8,
	0xc41e,	0xc8,
	0xc420,	0xc8,
	0xc422,	0xc8,
	0xc424,	0xc8,
	0xc426,	0xc8,
	0xc428,	0xc8,
	0xc42a,	0xc8,
	0xc42c,	0xc8,
	0xc42e,	0xc8,
	0xc430,	0xc8,
	0xc432,	0xc8,
	0xc434,	0xc8,
	0xc435,	0x0a,
	0xc436,	0x0a,
	0xc437,	0x0a,
	0xc438,	0x0a,
	0xc439,	0x0a,
	0xc43a,	0x0a,
	0xc43b,	0x0a,
	0xc43c,	0x0a,
	0xc43d,	0x0a,
	0xc43e,	0x0a,
	0xc43f,	0x0a,
	0xc440,	0x0a,
	0xc441,	0x0a,
	0xc442,	0x0a,
	0xc443,	0x0a,
	0xc444,	0x0a,
	0xc464,	0x30,
	0xc465,	0x30,
	0xc466,	0x30,
	0xc804,	0x1e,
	0xc805,	0x1e,
	0xc806,	0x1d,
	0xc807,	0x1d,
	0xc808,	0x16,
	0xc809,	0x10,
	0xc80c,	0x3f,
	0xc81d,	0x03,
	0xc81e,	0x03,
	0xc820,	0x03,
	0xc829,	0x01,
	0xc82a,	0x10,
	0xc82b,	0x15,
	0xc82c,	0x1b,
	0xc82d,	0x1c,
	0xc85a,	0x2d,
	0xc85b,	0x2d,
	0xc85c,	0x1d,
	0xc85d,	0x2d,
	0xc85e,	0x2d,
	0xc85f,	0x1d,
	0xc860,	0x24,
	0xc861,	0x25,
	0xc862,	0x1d,
	0xc863,	0x24,
	0xc864,	0x25,
	0xc865,	0x1d,
	0xc873,	0x10,
	0xc874,	0x10,
	0xc875,	0x10,
	0xc898,	0x1b,
	0xc899,	0x1b,
	0xc89a,	0x2b,
	0xc89b,	0x1a,
	0xc89c,	0x1b,
	0xc89d,	0xfe,
	0xc8a5,	0x15,
	0xc8a6,	0x0f,
	0xc8a7,	0x09,
	0xc8a8,	0x08,
	0xc8aa,	0x07,
	0xc8b1,	0x06,
	0xc8b2,	0x10,
	0xc8b3,	0x24,
	0xc8b4,	0x40,
	0xc8b5,	0x3e,
	0xc8b6,	0x40,
	0xc8b7,	0x0c,
	0xc8b8,	0x0c,
	0xc8b9,	0x16,
	0xc8ba,	0x2a,
	0xc8bb,	0x28,
	0xc8bc,	0x24,
	0xc8bd,	0x00,
	0xc8be,	0x00,
	0xc8bf,	0x00,
	0xc8c3,	0x00,
	0xc8c4,	0x00,
	0xc8c5,	0x00,
	0xc8ca,	0x02,
	0xc8cb,	0x01,
	0xc8cc,	0x0d,
	0xc8cd,	0x02,
	0xc8ce,	0x03,
	0xc8cf,	0x02,
	0xc8d0,	0x03,
	0xc8d1,	0x00,
	0xc8d2,	0x02,
	0xc8d3,	0x00,
	0xc8d4,	0x00,
	0xc8d5,	0x00,
	0xc8d6,	0x00,
	0xc8d7,	0x68,
	0xc8d8,	0x68,
	0xc8d9,	0x68,
	0xc8da,	0x03,
	0xc8db,	0x66,
	0xc8dc,	0x66,
	0xc8dd,	0x66,
	0xc8de,	0x66,
	0xc8df,	0x66,
	0xc8e0,	0x66,
	0xc8e1,	0x67,
	0xc8e2,	0x67,
	0xc8e3,	0x67,
	0xc8e4,	0x67,
	0xc8e5,	0x0f,
	0xc8e6,	0x0f,
	0xc8e7,	0x0f,
	0xc8e9,	0x0f,
	0xc8ea,	0x0f,
	0xc8eb,	0x0f,
	0xc8ec,	0x0f,
	0xc8ed,	0x0f,
	0xc8ee,	0x0f,
	0xc8f3,	0x13,
	0xc8f4,	0x16,
	0xc8f5,	0x16,
	0xc8f6,	0x10,
	0xc8f7,	0x1a,
	0xc8f8,	0x15,
	0xc8f9,	0x10,
	0xc8fa,	0x10,
	0xc8fb,	0x10,
	0xc8fc,	0x14,
	0xc8fd,	0x14,
	0xc8fe,	0x1e,
	0xc8ff,	0x1e,
	0xc900,	0x16,
	0xc903,	0x0b,
	0xc904,	0x11,
	0xc906,	0x1a,
	0xc907,	0x1a,
	0xc908,	0x1a,
	0xc924,	0x03,
	0xc925,	0x03,
	0xc930,	0x05,
	0xc931,	0x13,
	0xc933,	0x1d,
	0xc95c,	0x2d,
	0xc95d,	0x25,
	0xc95e,	0x1b,
	0xc95f,	0x2d,
	0xc960,	0x25,
	0xc961,	0x1b,
	0xc962,	0x2d,
	0xc963,	0x1b,
	0xc964,	0x1b,
	0xc965,	0x2d,
	0xc966,	0x1b,
	0xc967,	0x1b,
	0xc975,	0x10,
	0xc976,	0x10,
	0xc977,	0x10,
	0xc999,	0x38,
	0xc99a,	0x00,
	0xc99c,	0x13,
	0xc99d,	0x21,
	0xc99f,	0xaa,
	0xc9a7,	0x00,
	0xc9a8,	0x20,
	0xc9a9,	0x00,
	0xc9aa,	0x00,
	0xc9b3,	0x06,
	0xc9b4,	0x06,
	0xc9b5,	0x0a,
	0xc9b9,	0x0a,
	0xc9ba,	0x0a,
	0xc9bb,	0x0a,
	0xc9bf,	0x00,
	0xc9c0,	0x04,
	0xc9c1,	0x07,
	0xc9c2,	0x07,
	0xc9c5,	0x00,
	0xc9c7,	0x14,
	0xc9c8,	0x26,
	0xc9cc,	0x00,
	0xc9cd,	0x00,
	0xc9ce,	0x08,
	0xc9cf,	0x01,
	0xc9d0,	0x02,
	0xc9d1,	0x01,
	0xc9d2,	0x02,
	0xc9d3,	0x01,
	0xc9d4,	0x02,
	0xc9d9,	0x9c,
	0xc9da,	0x9c,
	0xc9db,	0x9c,
	0xc9dc,	0x59,
	0xc9dd,	0x9c,
	0xc9de,	0x9c,
	0xc9df,	0x9c,
	0xc9e0,	0x9c,
	0xc9e1,	0x9c,
	0xc9e2,	0x9c,
	0xc9e3,	0x9c,
	0xc9e4,	0x9c,
	0xc9e5,	0x9c,
	0xc9e6,	0x9c,
	0xc9ea,	0x0f,
	0xc9eb,	0x0f,
	0xc9ec,	0x0f,
	0xc9f5,	0x12,
	0xc9f6,	0x12,
	0xc9f7,	0x08,
	0xc9f8,	0x12,
	0xc9f9,	0x0a,
	0xc9fa,	0x08,
	0xc9fb,	0x08,
	0xc9fc,	0x10,
	0xc9fd,	0x16,
	0xc9fe,	0x1f,
	0xca0b,	0x0b,
	0xca0c,	0x11,
	0xca0e,	0x1a,
	0xca0f,	0x1a,
	0xca10,	0x1a,
	0xca17,	0x21,
	0xca1b,	0x3f,
	0xd013,	0x36,
	0xd023,	0x36,
	0xd027,	0x64,
	0xd02b,	0xf0,
	0xd02f,	0x73,
	0xd034,	0x01,
	0xd03b,	0xd3,
	0xd083,	0x08,
	0xd087,	0x53,
	0xd08f,	0x08,
	0xd093,	0x53,
	0xd0a7,	0x04,
	0xd0ab,	0x08,
	0xd0af,	0x03,
	0xd0b3,	0x08,
	0xd0bb,	0x0d,
	0xd0c3,	0x08,
	0xd0ce,	0x00,
	0xd0cf,	0x00,
	0xd143,	0x8c,
	0xd1f9,	0xf1,
	0xd1fb,	0xfd,
	0xd211,	0xf1,
	0xd213,	0xfd,
	0xd241,	0xf1,
	0xd243,	0xfd,
	0xd261,	0xf1,
	0xd263,	0xfd,
	0xd2a1,	0xf1,
	0xd2a3,	0xfd,
	0xd2c1,	0xf1,
	0xd2c3,	0xfd,
	0xd309,	0xff,
	0xd30a,	0x01,
	0xd30b,	0x73,
	0xd30d,	0x00,
	0xd30e,	0x00,
	0xd30f,	0x00,
	0xd514,	0x01,
	0xd515,	0x05,
	0xdbfd,	0xff,
	0xdbff,	0x00,
	0xdc01,	0x00,
	0xddf7,	0x41,
	0xde7b,	0x41,
	0xdeef,	0x41,
	0xdf37,	0x41,
	0xe30c,	0x01,
	0xe30d,	0x0d,
	0xe30e,	0x01,
	0xe30f,	0x69,
	0xe310,	0x00,
	0xe311,	0x00,
	0xe312,	0x00,
	0xe313,	0x00,
	0xe4d7,	0xf1,
	0xe4ed,	0xfd,
	0xe507,	0xf1,
	0xe51d,	0xfd,
	0xe5f9,	0xfb,
	0xe5fa,	0x01,
	0xe5fb,	0x00,
	0xe611,	0xfb,
	0xe612,	0x01,
	0xe613,	0x00,
	0xe629,	0xfb,
	0xe62a,	0x01,
	0xe62b,	0x00,
	0xe649,	0xfb,
	0xe64a,	0x01,
	0xe64b,	0x00,
	0xe665,	0xfb,
	0xe666,	0x01,
	0xe667,	0x00,
	0xe685,	0xfb,
	0xe686,	0x01,
	0xe687,	0x00,
	0xe6a7,	0xf1,
	0xe6bf,	0xf1,
	0xe6d5,	0xfd,
	0xe6ed,	0xfd,
	0xe708,	0x01,
	0xe709,	0x73,
	0xe70b,	0xff,
	0xe70c,	0x00,
	0xe70d,	0x00,
	0xe70f,	0x00,
	0xe720,	0x01,
	0xe721,	0x73,
	0xe723,	0xff,
	0xe724,	0x00,
	0xe725,	0x00,
	0xe727,	0x00,
	0xe738,	0x01,
	0xe739,	0x73,
	0xe73b,	0xff,
	0xe73c,	0x00,
	0xe73d,	0x00,
	0xe73f,	0x00,
	0xe750,	0x01,
	0xe751,	0x73,
	0xe753,	0xff,
	0xe754,	0x00,
	0xe755,	0x00,
	0xe757,	0x00,
	// ois off
	0x3002, 0x00,	//	bit[7] = 1 ; set VSYNC as output
	0x3680, 0x00,	//	assign VSYNC for OIS pin
	0x38f3, 0x00,	//	Enable OIS function
	0x38f4, 0x08,	//	bit[7:0] offset1[7:0]
	0x38f5, 0x00,	//	bit[7:4] for offset2[11:8]; bit[3:0] for offset1[11:8]
	0x38f6, 0x08,	//	bit[7:4] offset2[7:0]
	0x38af, 0x40,	//	Bit[6]: OIS function signal polarity
};

u16 warholovx9500wide_stream_off[] = {
	0x0100,	0x00,
	0x320d,	0x01,
	0x3208,	0x00,
	0x300a,	0x00,
	0x3208,	0x10,
	0x3208,	0x01,
	0x300a,	0x00,
	0x3208,	0x11,
	0x3208,	0x02,
	0x300a,	0x00,
	0x3208,	0x12,	
};

u16 warholovx9500wide_seamless_switch_step1[] = {
	0x3208, 0x01,
	0x3014, 0xf3,
	0x3016, 0xf7,
	0x3017, 0xf2,
	0x301b, 0xf6,
	0x301f, 0x99,
};

u16 warholovx9500wide_seamless_switch_step2[] = {
	0x3014, 0xf0,
	0x301b, 0xf0,
	0x3017, 0xf0,
	0x3016, 0xf0,
	0x301f, 0x98,
	0x3046, 0x01,
	0x3208, 0x11,
	0x382a, 0x00,
	0x3208, 0xa1,
};

u16 warholovx9500wide_seamless_switch_step3[] = {
	0x3014, 0xf0,
	0x301b, 0xf0,
	0x3017, 0xf0,
	0x3016, 0xf0,
	0x301f, 0x98,
	0x3046, 0x01,
	0x3208, 0x11,
	0x382a, 0x03,
	0x3208, 0xa1,
};
#endif
