/* SPDX-License-Identifier: GPL-2.0 */
/*
 * Copyright (c) 2019 MediaTek Inc.
 */
/*****************************************************************************
 *
 * Filename:
 * ---------
 *	 imx09a_Sensor_setting.h
 *
 * Project:
 * --------
 * Description:
 * ------------
 *	 CMOS sensor header file
 *
 ****************************************************************************/
#ifndef _IMX09A_SENSOR_SETTING_H
#define _IMX09A_SENSOR_SETTING_H

#include "kd_camera_typedef.h"

static u16 imx09a_init_setting[] = {
	0x0136, 0x18,
	0x0137, 0x00,
	0x3304, 0x00,
	0x33F0, 0x03,
	0x33F1, 0x02,
	0x0111, 0x03,
	0x1073, 0x28,
	0x1074, 0x10,
	0x1075, 0x08,
	0x1076, 0x0F,
	0x1077, 0x28,
	0x1085, 0x78,
	0x1087, 0x78,
	0x1088, 0x20,
	0x1089, 0x00,
	0x108A, 0x08,
	0x108B, 0x08,
	0x108C, 0x0F,
	0x108D, 0x0F,
	0x108E, 0x03,
	0x108F, 0xE8,
	0x1173, 0x28,
	0x1174, 0x10,
	0x1175, 0x08,
	0x1176, 0x0F,
	0x1177, 0x28,
	0x1185, 0x78,
	0x1187, 0x78,
	0x1188, 0x20,
	0x1189, 0x00,
	0x118A, 0x08,
	0x118B, 0x08,
	0x118C, 0x0F,
	0x118D, 0x0F,
	0x118E, 0x03,
	0x118F, 0xE8,
	0x0902, 0x02,
	0x103A, 0xBF,
	0x103B, 0xBF,
	0x103C, 0xBF,
	0x103D, 0xBF,
	0x103E, 0xBF,
	0x103F, 0xBF,
	0x113A, 0xBF,
	0x113B, 0xBF,
	0x113C, 0xBF,
	0x113D, 0xBF,
	0x113E, 0xBF,
	0x113F, 0xBF,
	0x3015, 0x01,
	0x3BC0, 0xBF,
	0x3BC4, 0xBF,
	0x3BC5, 0xBF,
	0x3BC8, 0xBF,
	0x3BCC, 0xBF,
	0x3BCD, 0xBF,
	0x3D00, 0xBF,
	0x3D01, 0xBF,
	0x3D02, 0xBF,
	0x3D03, 0xBF,
	0x3D04, 0xBF,
	0x3D05, 0xBF,
	0x3D06, 0xBF,
	0x3D07, 0xBF,
	0x3D08, 0xBF,
	0x3D09, 0xBF,
	0x3D0A, 0xBF,
	0x3D0B, 0xBF,
	0x3D0C, 0xBF,
	0x3D0D, 0xBF,
	0x3D0E, 0xBF,
	0x3D0F, 0xBF,
	0x3D10, 0xBF,
	0x3D11, 0xBF,
	0x3D12, 0xBF,
	0x3D13, 0xBF,
	0x3D14, 0xBF,
	0x3D15, 0xBF,
	0x3D16, 0xBF,
	0x3D17, 0xBF,
	0x3D18, 0xBF,
	0x3D19, 0xBF,
	0x3D1A, 0xBF,
	0x3D1B, 0xBF,
	0x3D1C, 0xBF,
	0x3D1D, 0xBF,
	0x3D1E, 0xBF,
	0x3D1F, 0xBF,
	0x3D20, 0xBF,
	0x3D21, 0xBF,
	0x3D22, 0xBF,
	0x3D23, 0xBF,
	0x3D24, 0xBF,
	0x3D25, 0xBF,
	0x3D26, 0xBF,
	0x3D27, 0xBF,
	0x3D28, 0xBF,
	0x3D29, 0xBF,
	0x3D2A, 0xBF,
	0x3D2B, 0xBF,
	0x3D2C, 0xBF,
	0x3D2D, 0xBF,
	0x3D2E, 0xBF,
	0x3D2F, 0xBF,
	0x3D30, 0xBF,
	0x3D31, 0xBF,
	0x3D32, 0xBF,
	0x3D33, 0xBF,
	0x3D34, 0xBF,
	0x3D35, 0xBF,
	0x3D36, 0xBF,
	0x3D37, 0xBF,
	0x3D38, 0xBF,
	0x3D39, 0xBF,
	0x3D3A, 0xBF,
	0x3D3B, 0xBF,
	0x3D3C, 0xBF,
	0x3D3D, 0xBF,
	0x3D3E, 0xBF,
	0x3D3F, 0xBF,
	0x3D40, 0xBF,
	0x3D41, 0xBF,
	0x3D42, 0xBF,
	0x3D43, 0xBF,
	0x3D44, 0xBF,
	0x3D45, 0xBF,
	0x3D46, 0xBF,
	0x3D47, 0xBF,
	0x3D48, 0xBF,
	0x3D49, 0xBF,
	0x3D4A, 0xBF,
	0x3D4B, 0xBF,
	0x3D4C, 0xBF,
	0x3D4D, 0xBF,
	0x3D4E, 0xBF,
	0x3D4F, 0xBF,
	0x3D50, 0xBF,
	0x3D51, 0xBF,
	0x3D52, 0xBF,
	0x3D53, 0xBF,
	0x3D54, 0xBF,
	0x3D55, 0xBF,
	0x3D56, 0xBF,
	0x3D57, 0xBF,
	0x3D58, 0xBF,
	0x3D59, 0xBF,
	0x570D, 0x00,
	0x570E, 0x00,
	0x570F, 0x00,
	0x5710, 0x00,
	0x5711, 0x00,
	0x881E, 0x06,
	0x881F, 0x72,
	0x8820, 0x06,
	0x8821, 0x72,
	0x8822, 0x06,
	0x8823, 0x5E,
	0x8826, 0x04,
	0x8827, 0xBE,
	0x882A, 0x00,
	0x882B, 0x00,
	0x8924, 0x03,
	0x8927, 0x00,
	0x892A, 0x00,
	0x892C, 0x0A,
	0x892E, 0x0A,
	0x8942, 0x04,
	0x8943, 0x04,
	0x8944, 0x04,
	0x8945, 0x04,
	0x8946, 0x04,
	0x8947, 0x04,
	0x8948, 0x04,
	0x8949, 0x04,
	0x894A, 0x04,
	0x894B, 0x04,
	0x894C, 0x04,
	0x894D, 0x04,
	0x894E, 0x04,
	0x894F, 0x04,
	0x8950, 0x04,
	0x8951, 0x04,
	0x8952, 0x04,
	0x8953, 0x04,
	0x8954, 0x04,
	0x8955, 0x04,
	0x8956, 0x04,
	0x8957, 0x04,
	0x8958, 0x04,
	0x8959, 0x04,
	0x895A, 0x04,
	0x895B, 0x04,
	0x895C, 0x04,
	0x895D, 0x04,
	0x895E, 0x04,
	0x895F, 0x04,
	0x8960, 0x04,
	0x8961, 0x04,
	0x8962, 0x04,
	0x8963, 0x04,
	0x8964, 0x04,
	0x8965, 0x04,
	0x8966, 0x04,
	0x8967, 0x04,
	0x8968, 0x04,
	0x8969, 0x04,
	0x896A, 0x04,
	0x896B, 0x04,
	0x89D7, 0x77,
	0x89DB, 0x97,
	0x89DF, 0xAD,
	0x89E3, 0xAD,
	0x89F5, 0xCE,
	0x89F9, 0xEE,
	0x89FC, 0x01,
	0x89FD, 0x04,
	0x8A00, 0x01,
	0x8A01, 0x04,
	0x8A82, 0x02,
	0x8A83, 0x02,
	0x8A85, 0x02,
	0x8A86, 0x02,
	0x8AA1, 0x01,
	0x8AA2, 0x01,
	0x8AA4, 0x01,
	0x8AA5, 0x01,
	0x8AC0, 0x01,
	0x8AC1, 0x01,
	0x8AC3, 0x01,
	0x8AC4, 0x01,
	0x8AE4, 0x04,
	0x8AE5, 0xE0,
	0x8AE6, 0x04,
	0x8AE7, 0xE0,
	0x8AE8, 0x05,
	0x8AE9, 0x96,
	0x8AEC, 0x06,
	0x8AED, 0x8A,
	0x8AEE, 0x06,
	0x8AEF, 0x1B,
	0x8AF0, 0x07,
	0x8AF1, 0x43,
	0x8AF2, 0x06,
	0x8AF3, 0x1B,
	0x8AF4, 0x07,
	0x8AF5, 0x43,
	0x8AF6, 0x06,
	0x8AF7, 0x8A,
	0x8AF8, 0x07,
	0x8AF9, 0x43,
	0x8AFA, 0x06,
	0x8AFB, 0x8A,
	0x8AFC, 0x07,
	0x8AFD, 0x43,
	0x8AFE, 0x07,
	0x8AFF, 0x43,
	0x8B61, 0x3E,
	0x8B65, 0x3E,
	0x8B76, 0x8D,
	0x8B78, 0x8D,
	0x8B85, 0x09,
	0x8B94, 0x00,
	0x8BA3, 0x13,
	0x8BA5, 0x13,
	0x8BB2, 0x07,
	0x8BB4, 0x07,
	0x8BCC, 0x14,
	0x8BFF, 0x00,
	0x8F5C, 0xFF,
	0x8F5D, 0xFF,
	0xA002, 0x01,
	0xA003, 0x4E,
	0xA005, 0x70,
	0xA006, 0x04,
	0xA01E, 0x06,
	0xA01F, 0xFE,
	0x4333, 0x01,
	0xA71B, 0x00,
	0xA71C, 0x00,
	0xA71D, 0x00,
	0xA71E, 0x00,
	0xA71F, 0x00,
	0xA720, 0x00,
	0xA721, 0x00,
	0xA722, 0x00,
	0xA723, 0x00,
	0xA724, 0x00,
	0xA725, 0x00,
	0xA726, 0x00,
	0xA727, 0x00,
	0xA728, 0x00,
	0xA729, 0x00,
	0xA72A, 0x00,
	0xA72B, 0x00,
	0xA72C, 0x00,
	0xA72D, 0x00,
	0xA72E, 0x00,
	0xA72F, 0x00,
	0xA730, 0x00,
	0xA731, 0x00,
	0xA732, 0x00,
	0xA733, 0x00,
	0xA734, 0x00,
	0xA735, 0x00,
	0xA736, 0x00,
	0xA737, 0x00,
	0xA738, 0x00,
	0xA739, 0x00,
	0xA73A, 0x00,
	0xA73B, 0x00,
	0xA73C, 0x00,
	0xA73D, 0x00,
	0xA73E, 0x00,
	0xA73F, 0x00,
	0xA740, 0x00,
	0xA741, 0x00,
	0xA742, 0x00,
	0xA743, 0x00,
	0xA744, 0x00,
	0xA745, 0x00,
	0xA746, 0x00,
	0xA747, 0x00,
	0xA748, 0x00,
	0xA98A, 0x00,
	0xA98B, 0x00,
	0xA98C, 0x00,
	0xA98D, 0x00,
	0xA98E, 0x00,
	0xA98F, 0x00,
	0xA990, 0x00,
	0xA991, 0x00,
	0xA992, 0x00,
	0xA993, 0x00,
	0xA994, 0x00,
	0xA995, 0x00,
	0xA996, 0x00,
	0xA997, 0x00,
	0xA998, 0x00,
	0xA999, 0x00,
	0xA99A, 0x00,
	0xA99B, 0x00,
	0xA99C, 0x00,
	0xA99D, 0x00,
	0xA99E, 0x00,
	0xA99F, 0x00,
	0xA9A0, 0x00,
	0xA9F4, 0x00,
	0xA9F5, 0x00,
	0xAD7C, 0x10,
	0xAD88, 0x10,
	0xB3CA, 0x07,
	0xB3CB, 0x6C,
	0xB3CC, 0x07,
	0xB3CD, 0x6C,
	0xB3D8, 0x06,
	0xB3D9, 0xEA,
	0xB3DA, 0x06,
	0xB3DB, 0xEA,
	0xB3DC, 0x04,
	0xB3DD, 0xE0,
	0xB3E0, 0x04,
	0xB3E1, 0xE0,
	0xB3E4, 0x04,
	0xB3E5, 0xE0,
	0xB3E6, 0x06,
	0xB3E7, 0xEA,
	0xB3E8, 0x06,
	0xB3E9, 0xEA,
	0xB3EA, 0x04,
	0xB3EB, 0xE0,
	0xB3EE, 0x04,
	0xB3EF, 0xE0,
	0xB3F2, 0x04,
	0xB3F3, 0xE0,
	0xB3F4, 0x07,
	0xB3F5, 0x1C,
	0xB3F6, 0x07,
	0xB3F7, 0x1C,
	0xB3F8, 0x07,
	0xB3F9, 0x30,
	0xB3FC, 0x05,
	0xB3FD, 0x96,
	0xB400, 0x07,
	0xB401, 0x3A,
	0xB402, 0x06,
	0xB403, 0x40,
	0xB404, 0x06,
	0xB405, 0x40,
	0xB406, 0x06,
	0xB407, 0x4F,
	0xB40A, 0x05,
	0xB40B, 0x78,
	0xB40E, 0x07,
	0xB40F, 0x08,
	0xB410, 0x06,
	0xB411, 0x72,
	0xB412, 0x06,
	0xB413, 0x72,
	0xB414, 0x06,
	0xB415, 0x72,
	0xB418, 0x05,
	0xB419, 0xAA,
	0xB41C, 0x06,
	0xB41D, 0x47,
	0xB41E, 0x06,
	0xB41F, 0x72,
	0xB420, 0x06,
	0xB421, 0x72,
	0xB422, 0x05,
	0xB423, 0xDC,
	0xB426, 0x04,
	0xB427, 0x64,
	0xB42A, 0x05,
	0xB42B, 0x96,
	0xB42C, 0x06,
	0xB42D, 0x40,
	0xB430, 0x04,
	0xB431, 0x00,
	0xB434, 0x05,
	0xB435, 0x82,
	0xB436, 0x06,
	0xB437, 0x40,
	0xB43A, 0x04,
	0xB43B, 0xBE,
	0xB43E, 0x00,
	0xB43F, 0x00,
	0xBCC6, 0x06,
	0xBCC7, 0x06,
	0xBCC8, 0x06,
	0xBCCA, 0x06,
	0xBCCD, 0x06,
	0xBCCE, 0x06,
	0xBCD5, 0x06,
	0xBCD6, 0x06,
	0xBCD7, 0x06,
	0xBCD8, 0x06,
	0xBCD9, 0x06,
	0xBCDC, 0x06,
	0xBCDD, 0x06,
	0xBCE3, 0x06,
	0xBCE4, 0x07,
	0xBCE5, 0x06,
	0xBCE6, 0x08,
	0xBCE7, 0x06,
	0xBCEA, 0x06,
	0xBCEB, 0x06,
	0xBCF0, 0x06,
	0xBCF9, 0x07,
	0xBCFB, 0x07,
	0xCB12, 0x04,
	0xCB13, 0x04,
	0xCB14, 0x04,
	0xCB15, 0x04,
	0xCB16, 0x04,
	0xCB17, 0x04,
	0xCB18, 0x04,
	0xCB19, 0x04,
	0xCB1A, 0x04,
	0xCB1B, 0x04,
	0xCB1C, 0x04,
	0xCB1D, 0x04,
	0xCB1E, 0x04,
	0xCB1F, 0x04,
	0xCB20, 0x04,
	0xCB21, 0x04,
	0xCB22, 0x04,
	0xCB23, 0x04,
	0xCB24, 0x04,
	0xCB25, 0x04,
	0xCB26, 0x04,
	0xCB27, 0x04,
	0xCB28, 0x04,
	0xCB29, 0x04,
	0xCB36, 0x04,
	0xCB37, 0x04,
	0xCB38, 0x04,
	0xCB39, 0x04,
	0xCB3A, 0x04,
	0xCB3B, 0x04,
	0xCB3C, 0x04,
	0xCB3D, 0x04,
	0xCB3E, 0x04,
	0xCB3F, 0x04,
	0xCB40, 0x04,
	0xCB41, 0x04,
	0xCB42, 0x04,
	0xCB43, 0x04,
	0xCB44, 0x04,
	0xCB45, 0x04,
	0xCB46, 0x04,
	0xCB47, 0x04,
	0xCB48, 0x04,
	0xCB49, 0x04,
	0xCB4A, 0x04,
	0xCB4B, 0x04,
	0xCB4C, 0x04,
	0xCB4D, 0x04,
	0xCB4E, 0x04,
	0xCB4F, 0x04,
	0xCB50, 0x04,
	0xCB51, 0x04,
	0xCB52, 0x04,
	0xCB53, 0x04,
	0xCB54, 0x04,
	0xCB55, 0x04,
	0xCB56, 0x04,
	0xCB57, 0x04,
	0xCB58, 0x04,
	0xCB59, 0x04,
	0xCB5A, 0x04,
	0xCB5B, 0x04,
	0xCB5C, 0x04,
	0xCB5D, 0x04,
	0xCB5E, 0x04,
	0xCB5F, 0x04,
	0xCB60, 0x04,
	0xCB61, 0x04,
	0xCB62, 0x04,
	0xCB63, 0x04,
	0xCB64, 0x04,
	0xCB65, 0x04,
	0xCB66, 0x04,
	0xCB67, 0x04,
	0xCB68, 0x04,
	0xCB69, 0x04,
	0xCB6A, 0x04,
	0xCB6B, 0x04,
	0xCB6C, 0x04,
	0xCB6D, 0x04,
	0xCB6E, 0x04,
	0xCB6F, 0x04,
	0xCB70, 0x04,
	0xCB71, 0x04,
	0xCB72, 0x04,
	0xCB73, 0x04,
	0xCB74, 0x04,
	0xCB75, 0x04,
	0xCB76, 0x04,
	0xCB77, 0x04,
	0xCB78, 0x04,
	0xCB79, 0x04,
	0xCB7A, 0x04,
	0xCB7B, 0x04,
	0xCB7C, 0x04,
	0xCB7D, 0x04,
	0xCB7E, 0x04,
	0xCB7F, 0x04,
	0xCB80, 0x04,
	0xCB81, 0x04,
	0xCB82, 0x04,
	0xCB83, 0x04,
	0xCB84, 0x04,
	0xCB85, 0x04,
	0xCB86, 0x04,
	0xCB87, 0x04,
	0xCB94, 0x04,
	0xCB95, 0x04,
	0xCB96, 0x04,
	0xCB97, 0x04,
	0xCB98, 0x04,
	0xCB99, 0x04,
	0xCB9A, 0x04,
	0xCB9B, 0x04,
	0xCB9C, 0x04,
	0xCB9D, 0x04,
	0xCB9E, 0x04,
	0xCB9F, 0x04,
	0xCBA0, 0x04,
	0xCBA1, 0x04,
	0xCBA2, 0x04,
	0xCBA3, 0x04,
	0xCBA4, 0x04,
	0xCBA5, 0x04,
	0xCBA6, 0x04,
	0xCBA7, 0x04,
	0xCBA8, 0x04,
	0xCBA9, 0x04,
	0xCBAA, 0x04,
	0xCBAB, 0x04,
	0xCBAC, 0x04,
	0xCBAD, 0x04,
	0xCBAE, 0x04,
	0xCBAF, 0x04,
	0xCBB0, 0x04,
	0xCBB1, 0x04,
	0xCBB2, 0x04,
	0xCBB3, 0x04,
	0xCBB4, 0x04,
	0xCBB5, 0x04,
	0xCBB6, 0x04,
	0xCBB7, 0x04,
	0xCBB8, 0x04,
	0xCBB9, 0x04,
	0xCBBA, 0x04,
	0xCBBB, 0x04,
	0xCBBC, 0x04,
	0xCBBD, 0x04,
	0xCBBE, 0x04,
	0xCBBF, 0x04,
	0xCBC0, 0x04,
	0xCBC1, 0x04,
	0xCBC2, 0x04,
	0xCBC3, 0x04,
	0xCBC4, 0x04,
	0xCBC5, 0x04,
	0xCBC6, 0x04,
	0xCBC7, 0x04,
	0xCBC8, 0x04,
	0xCBC9, 0x04,
	0xCBCA, 0x04,
	0xCBCB, 0x04,
	0xCBCC, 0x04,
	0xCBCD, 0x04,
	0xCD7D, 0x16,
	0xCD7E, 0x16,
	0xCD8C, 0x12,
	0xCD8D, 0x12,
	0xCD9A, 0x00,
	0xCD9B, 0x00,
	0xCDA7, 0x00,
	0xCDA8, 0x00,
	0xCDDB, 0x06,
	0xCDDE, 0x04,
	0xCDDF, 0x04,
	0xCDE7, 0x04,
	0xCDE8, 0x06,
	0xCDE9, 0x06,
	0xCDF7, 0x06,
	0xCDFB, 0x06,
	0xCF26, 0x00,
	0x4333, 0x00,
	/*fast mode transition in lbmf*/
	0x31B7, 0x04,
	/*Close EBD*/
	0x3970, 0x00,
};

static u16 imx09a_preview_setting[] = {
	/*reg_B1-S1*/
	/*4096x3072 @30FPS QBIN(VBIN) VB_MAX*/
	/*MIPI output setting*/
	0x0112, 0x0A,
	0x0113, 0x0A,
	0x0114, 0x02,
	/*Line Length PCK Setting*/
	0x0342, 0x1D,
	0x0343, 0x60,
	0x3850, 0x00,
	0x3851, 0x3E,
	/*Frame Length Lines Setting*/
	0x0340, 0x32,
	0x0341, 0x64,
	/*ROI Setting*/
	0x0344, 0x00,
	0x0345, 0x00,
	0x0346, 0x00,
	0x0347, 0x00,
	0x0348, 0x1F,
	0x0349, 0xFF,
	0x034A, 0x17,
	0x034B, 0xFF,
	/*Mode Setting*/
	0x0900, 0x01,
	0x0901, 0x22,
	0x0902, 0x00,
	0x3005, 0x02,
	0x3006, 0x02,
	0x3140, 0x0A,
	0x3144, 0x00,
	0x3146, 0x00,
	0x3148, 0x04,
	0x3180, 0x00,
	0x3188, 0x00,
	0x3190, 0x00,
	0x31E4, 0x41,
	0x31E5, 0x41,
	0x320B, 0x00,
	/*Digital Crop & Scaling*/
	0x0408, 0x00,
	0x0409, 0x00,
	0x040A, 0x00,
	0x040B, 0x00,
	0x040C, 0x10,
	0x040D, 0x00,
	0x040E, 0x0C,
	0x040F, 0x00,
	/*Output Size Setting*/
	0x034C, 0x10,
	0x034D, 0x00,
	0x034E, 0x0C,
	0x034F, 0x00,
	/*Clock Setting*/
	0x0301, 0x06,
	0x0303, 0x02,
	0x0305, 0x02,
	0x0306, 0x00,
	0x0307, 0xB7,
	0x030B, 0x01,
	0x030D, 0x18,
	0x030E, 0x08,
	0x030F, 0x9B,
	/*Other Setting*/
	0x3104, 0x01,
	0x3205, 0x00,
	0x3206, 0x01,
	0x3211, 0x01,
	0x3855, 0x00,
	0x38A0, 0x00,
	0x38A1, 0xF2,
	0x38A2, 0x00,
	0x38A3, 0xF2,
	0x38A4, 0x00,
	0x38A5, 0xF2,
	0x38A6, 0x00,
	0x38A7, 0xF2,
	0x38A8, 0x00,
	0x38A9, 0x50,
	0x38AA, 0x00,
	0x38AB, 0x50,
	0x38AC, 0x00,
	0x38AD, 0x50,
	0x38AE, 0x00,
	0x38AF, 0x50,
	0x38D0, 0x02,
	0x38D1, 0x7E,
	0x38D2, 0x00,
	0x38D3, 0xAE,
	0x38F0, 0x00,
	0x38F1, 0x00,
	0x38F2, 0x00,
	0x38F3, 0x00,
	0x38F4, 0x00,
	0x38F5, 0x00,
	0x38F6, 0x00,
	0x38F7, 0x00,
	0x39AC, 0x01,
	0x97C0, 0x02,
	0x97C1, 0x30,
	/*Integration Setting*/
	0x0202, 0x03,
	0x0203, 0xE8,
	0x0224, 0x01,
	0x0225, 0xF4,
	/*Gain Setting*/
	0x0204, 0x13,
	0x0205, 0x34,
	0x020E, 0x01,
	0x020F, 0x00,
	0x0216, 0x00,
	0x0217, 0x00,
	0x0218, 0x01,
	0x0219, 0x00,
	0x3176, 0x01,
	0x3177, 0x00,
	/*DCGHDR Setting*/
	0x3181, 0x00,
	0x3182, 0x04,
	/*PHASE PIX Output Data Setting*/
	0x3979, 0x00,
	0x397B, 0x02,
	0x397C, 0x01,
	/*PDAF TYPE2 Setting*/
	0x3103, 0x00,
	/*DCG+VS Setting*/
	0x3014, 0x00,
	0x31C0, 0x00,
	0x31C2, 0x00,
	0x31C3, 0x00,
	0x31C4, 0x00,
	/*EAE-Bracketing Setting*/
	0x0E00, 0x00,
	/*PHASE PIX1 VCID Setting*/
	0x30A4, 0x00,
	0x30C6, 0x01,
	0x30D6, 0x02,
	0x30F2, 0x01,
	/*PHASE PIX1 data type Setting*/
	0x30A5, 0x30,
	0x30C7, 0x30,
	0x30D7, 0x30,
	/*PHASE PIX2 VCID Setting*/
	0x30A6, 0x00,
	0x30C8, 0x01,
	0x30F3, 0x01,
	/*PHASE PIX2 data type Setting*/
	0x30A7, 0x30,
	0x30C9, 0x30,
	/*PDAF TYPE2 VCID Setting*/
	0x30A2, 0x00,
	0x30C4, 0x01,
	0x30D4, 0x02,
	0x30F1, 0x01,
	/*PDAF TYPE2 data type Setting*/
	0x30A3, 0x30,
	0x30C5, 0x30,
	0x30D5, 0x30,
	/*B1-S1 OB tuned setting*/
	0x38A0, 0x02,
	0x38A1, 0x18,
	0x38A2, 0x00,
	0x38A3, 0xD4,
	0x38A4, 0x02,
	0x38A5, 0xA0,
	0x38A6, 0x00,
	0x38A7, 0xF2,
	0x38D0, 0x01,
	0x38D1, 0xCC,
	0x3B00, 0x01,
	0x3B01, 0x00,
	0x3B08, 0x00,
	0x3B09, 0x00,
	0x38A8, 0x00,
	0x38A9, 0xC2,
	0x38AA, 0x00,
	0x38AB, 0x80,
	0x38AC, 0x02,
	0x38AD, 0xA0,
	0x38AE, 0x00,
	0x38AF, 0xF2,
	0x38D2, 0x00,
	0x38D3, 0xB6,
	0x3B02, 0x01,
	0x3B03, 0x0C,
	0x3B0A, 0x00,
	0x3B0B, 0x00,
};

static u16 imx09a_capture_setting[] = {
	/*reg_B3-S1-TEST*/
	/*4096x3072 @60FPS QBIN(VBIN) VB_MAX*/
	/*H: 4096*/
	/*V: 3072*/
	/*MIPI output setting*/
	0x0112, 0x0A,
	0x0113, 0x0A,
	0x0114, 0x02,
	/*Line Length PCK Setting*/
	0x0342, 0x1D,
	0x0343, 0x60,
	0x3850, 0x00,
	0x3851, 0x3E,
	/*Frame Length Lines Setting*/
	0x0340, 0x19,
	0x0341, 0x30,
	/*ROI Setting*/
	0x0344, 0x00,
	0x0345, 0x00,
	0x0346, 0x00,
	0x0347, 0x00,
	0x0348, 0x1F,
	0x0349, 0xFF,
	0x034A, 0x17,
	0x034B, 0xFF,
	/*Mode Setting*/
	0x0900, 0x01,
	0x0901, 0x22,
	0x0902, 0x00,
	0x3005, 0x02,
	0x3006, 0x02,
	0x3140, 0x0A,
	0x3144, 0x00,
	0x3146, 0x00,
	0x3148, 0x04,
	0x3180, 0x00,
	0x3188, 0x00,
	0x3190, 0x00,
	0x31E4, 0x41,
	0x31E5, 0x41,
	0x320B, 0x00,
	/*Digital Crop & Scaling*/
	0x0408, 0x00,
	0x0409, 0x00,
	0x040A, 0x00,
	0x040B, 0x00,
	0x040C, 0x10,
	0x040D, 0x00,
	0x040E, 0x0C,
	0x040F, 0x00,
	/*Output Size Setting*/
	0x034C, 0x10,
	0x034D, 0x00,
	0x034E, 0x0C,
	0x034F, 0x00,
	/*Clock Setting*/
	0x0301, 0x06,
	0x0303, 0x02,
	0x0305, 0x02,
	0x0306, 0x00,
	0x0307, 0xB7,
	0x030B, 0x01,
	0x030D, 0x18,
	0x030E, 0x08,
	0x030F, 0x9B,
	/*Other Setting*/
	0x3104, 0x01,
	0x3205, 0x00,
	0x3206, 0x01,
	0x3211, 0x01,
	0x3855, 0x00,
	0x38A0, 0x00,
	0x38A1, 0xF2,
	0x38A2, 0x00,
	0x38A3, 0xF2,
	0x38A4, 0x00,
	0x38A5, 0xF2,
	0x38A6, 0x00,
	0x38A7, 0xF2,
	0x38A8, 0x00,
	0x38A9, 0x50,
	0x38AA, 0x00,
	0x38AB, 0x50,
	0x38AC, 0x00,
	0x38AD, 0x50,
	0x38AE, 0x00,
	0x38AF, 0x50,
	0x38D0, 0x02,
	0x38D1, 0x7E,
	0x38D2, 0x00,
	0x38D3, 0xAE,
	0x38F0, 0x00,
	0x38F1, 0x00,
	0x38F2, 0x00,
	0x38F3, 0x00,
	0x38F4, 0x00,
	0x38F5, 0x00,
	0x38F6, 0x00,
	0x38F7, 0x00,
	0x39AC, 0x01,
	0x97C0, 0x02,
	0x97C1, 0x30,
	/*Integration Setting*/
	0x0202, 0x03,
	0x0203, 0xE8,
	0x0224, 0x01,
	0x0225, 0xF4,
	/*Gain Setting*/
	0x0204, 0x13,
	0x0205, 0x34,
	0x020E, 0x01,
	0x020F, 0x00,
	0x0216, 0x00,
	0x0217, 0x00,
	0x0218, 0x01,
	0x0219, 0x00,
	0x3176, 0x01,
	0x3177, 0x00,
	/*DCGHDR Setting*/
	0x3181, 0x00,
	0x3182, 0x04,
	/*PHASE PIX Output Data Setting*/
	0x3979, 0x00,
	0x397B, 0x02,
	0x397C, 0x01,
	/*PDAF TYPE2 Setting*/
	0x3103, 0x00,
	/*DCG+VS Setting*/
	0x3014, 0x00,
	0x31C0, 0x00,
	0x31C2, 0x00,
	0x31C3, 0x00,
	0x31C4, 0x00,
	/*EAE-Bracketing Setting*/
	0x0E00, 0x00,
	/*PHASE PIX1 VCID Setting*/
	0x30A4, 0x00,
	0x30C6, 0x01,
	0x30D6, 0x02,
	0x30F2, 0x01,
	/*PHASE PIX1 data type Setting*/
	0x30A5, 0x30,
	0x30C7, 0x30,
	0x30D7, 0x30,
	/*PHASE PIX2 VCID Setting*/
	0x30A6, 0x00,
	0x30C8, 0x01,
	0x30F3, 0x01,
	/*PHASE PIX2 data type Setting*/
	0x30A7, 0x30,
	0x30C9, 0x30,
	/*PDAF TYPE2 VCID Setting*/
	0x30A2, 0x00,
	0x30C4, 0x01,
	0x30D4, 0x02,
	0x30F1, 0x01,
	/*PDAF TYPE2 data type Setting*/
	0x30A3, 0x30,
	0x30C5, 0x30,
	0x30D5, 0x30,
	/*B1-S1 OB tuned setting*/
	0x38A0, 0x02,
	0x38A1, 0x18,
	0x38A2, 0x00,
	0x38A3, 0xD4,
	0x38A4, 0x02,
	0x38A5, 0xA0,
	0x38A6, 0x00,
	0x38A7, 0xF2,
	0x38D0, 0x01,
	0x38D1, 0xCC,
	0x3B00, 0x01,
	0x3B01, 0x00,
	0x3B08, 0x00,
	0x3B09, 0x00,
	0x38A8, 0x00,
	0x38A9, 0xC2,
	0x38AA, 0x00,
	0x38AB, 0x80,
	0x38AC, 0x02,
	0x38AD, 0xA0,
	0x38AE, 0x00,
	0x38AF, 0xF2,
	0x38D2, 0x00,
	0x38D3, 0xB6,
	0x3B02, 0x01,
	0x3B03, 0x0C,
	0x3B0A, 0x00,
	0x3B0B, 0x00,
};

/*reg_B1-S2 4096x2560 @30FPS QBIN(VBIN) VB_MAX*/
static u16 imx09a_normal_video_setting[] = {
	/*MIPI output setting*/
	0x0112, 0x0A,
	0x0113, 0x0A,
	0x0114, 0x02,
	/*Line Length PCK Setting*/
	0x0342, 0x1D,
	0x0343, 0x60,
	0x3850, 0x00,
	0x3851, 0x3E,
	/*Frame Length Lines Setting*/
	0x0340, 0x32,
	0x0341, 0x64,
	/*ROI Setting*/
	0x0344, 0x00,
	0x0345, 0x00,
	0x0346, 0x02,
	0x0347, 0x00,
	0x0348, 0x1F,
	0x0349, 0xFF,
	0x034A, 0x15,
	0x034B, 0xFF,
	/*Mode Setting*/
	0x0900, 0x01,
	0x0901, 0x22,
	0x0902, 0x00,
	0x3005, 0x02,
	0x3006, 0x02,
	0x3140, 0x0A,
	0x3144, 0x00,
	0x3146, 0x00,
	0x3148, 0x04,
	0x3180, 0x00,
	0x3188, 0x00,
	0x3190, 0x00,
	0x31E4, 0x41,
	0x31E5, 0x41,
	0x320B, 0x00,
	/*Digital Crop & Scaling*/
	0x0408, 0x00,
	0x0409, 0x00,
	0x040A, 0x00,
	0x040B, 0x00,
	0x040C, 0x10,
	0x040D, 0x00,
	0x040E, 0x0A,
	0x040F, 0x00,
	/*Output Size Setting*/
	0x034C, 0x10,
	0x034D, 0x00,
	0x034E, 0x0A,
	0x034F, 0x00,
	/*Clock Setting*/
	0x0301, 0x06,
	0x0303, 0x02,
	0x0305, 0x02,
	0x0306, 0x00,
	0x0307, 0xB7,
	0x030B, 0x02,
	0x030D, 0x18,
	0x030E, 0x0E,
	0x030F, 0x6B,
	/*Other Setting*/
	0x3104, 0x01,
	0x3205, 0x00,
	0x3206, 0x01,
	0x3211, 0x01,
	0x3855, 0x00,
	0x38A0, 0x00,
	0x38A1, 0xF2,
	0x38A2, 0x00,
	0x38A3, 0xF2,
	0x38A4, 0x00,
	0x38A5, 0xF2,
	0x38A6, 0x00,
	0x38A7, 0xF2,
	0x38A8, 0x00,
	0x38A9, 0x50,
	0x38AA, 0x00,
	0x38AB, 0x50,
	0x38AC, 0x00,
	0x38AD, 0x50,
	0x38AE, 0x00,
	0x38AF, 0x50,
	0x38D0, 0x02,
	0x38D1, 0x7E,
	0x38D2, 0x00,
	0x38D3, 0xAE,
	0x38F0, 0x00,
	0x38F1, 0x00,
	0x38F2, 0x00,
	0x38F3, 0x00,
	0x38F4, 0x00,
	0x38F5, 0x00,
	0x38F6, 0x00,
	0x38F7, 0x00,
	0x39AC, 0x01,
	0x97C0, 0x02,
	0x97C1, 0x30,
	/*Integration Setting*/
	0x0202, 0x03,
	0x0203, 0xE8,
	0x0224, 0x01,
	0x0225, 0xF4,
	/*Gain Setting*/
	0x0204, 0x13,
	0x0205, 0x34,
	0x020E, 0x01,
	0x020F, 0x00,
	0x0216, 0x00,
	0x0217, 0x00,
	0x0218, 0x01,
	0x0219, 0x00,
	0x3176, 0x01,
	0x3177, 0x00,
	/*DCGHDR Setting*/
	0x3181, 0x00,
	0x3182, 0x04,
	/*PHASE PIX Output Data Setting*/
	0x3979, 0x00,
	0x397B, 0x02,
	0x397C, 0x01,
	/*PDAF TYPE2 Setting*/
	0x3103, 0x00,
	/*DCG+VS Setting*/
	0x3014, 0x00,
	0x31C0, 0x00,
	0x31C2, 0x00,
	0x31C3, 0x00,
	0x31C4, 0x00,
	/*EAE-Bracketing Setting*/
	0x0E00, 0x00,
	/*PHASE PIX1 VCID Setting*/
	0x30A4, 0x00,
	0x30C6, 0x01,
	0x30D6, 0x02,
	0x30F2, 0x01,
	/*PHASE PIX1 data type Setting*/
	0x30A5, 0x30,
	0x30C7, 0x30,
	0x30D7, 0x30,
	/*PHASE PIX2 VCID Setting*/
	0x30A6, 0x00,
	0x30C8, 0x01,
	0x30F3, 0x01,
	/*PHASE PIX2 data type Setting*/
	0x30A7, 0x30,
	0x30C9, 0x30,
	/*PDAF TYPE2 VCID Setting*/
	0x30A2, 0x00,
	0x30C4, 0x01,
	0x30D4, 0x02,
	0x30F1, 0x01,
	/*PDAF TYPE2 data type Setting*/
	0x30A3, 0x30,
	0x30C5, 0x30,
	0x30D5, 0x30,
	/*B1-S1 OB tuned setting*/
	0x38A0, 0x02,
	0x38A1, 0x18,
	0x38A2, 0x00,
	0x38A3, 0xD4,
	0x38A4, 0x02,
	0x38A5, 0xA0,
	0x38A6, 0x00,
	0x38A7, 0xF2,
	0x38D0, 0x01,
	0x38D1, 0xCC,
	0x3B00, 0x01,
	0x3B01, 0x00,
	0x3B08, 0x00,
	0x3B09, 0x00,
	0x38A8, 0x00,
	0x38A9, 0xC2,
	0x38AA, 0x00,
	0x38AB, 0x80,
	0x38AC, 0x02,
	0x38AD, 0xA0,
	0x38AE, 0x00,
	0x38AF, 0xF2,
	0x38D2, 0x00,
	0x38D3, 0xB6,
	0x3B02, 0x01,
	0x3B03, 0x0C,
	0x3B0A, 0x00,
	0x3B0B, 0x00,
};

static u16 imx09a_hs_video_setting[] = {
	/*reg_B6-TEST*/
	/*4096x2304 @30FPS QBIN(VBIN) VB_MAX*/
	/*H: 4096*/
	/*V: 2304*/
	/*MIPI output setting*/
	0x0112, 0x0A,
	0x0113, 0x0A,
	0x0114, 0x02,
	/*Line Length PCK Setting*/
	0x0342, 0x1D,
	0x0343, 0x60,
	0x3850, 0x00,
	0x3851, 0x3E,
	/*Frame Length Lines Setting*/
	0x0340, 0x32,
	0x0341, 0x64,
	/*ROI Setting*/
	0x0344, 0x00,
	0x0345, 0x00,
	0x0346, 0x03,
	0x0347, 0x00,
	0x0348, 0x1F,
	0x0349, 0xFF,
	0x034A, 0x14,
	0x034B, 0xFF,
	/*Mode Setting*/
	0x0900, 0x01,
	0x0901, 0x22,
	0x0902, 0x00,
	0x3005, 0x02,
	0x3006, 0x02,
	0x3140, 0x0A,
	0x3144, 0x00,
	0x3146, 0x00,
	0x3148, 0x04,
	0x3180, 0x00,
	0x3188, 0x00,
	0x3190, 0x00,
	0x31E4, 0x41,
	0x31E5, 0x41,
	0x320B, 0x00,
	/*Digital Crop & Scaling*/
	0x0408, 0x00,
	0x0409, 0x00,
	0x040A, 0x00,
	0x040B, 0x00,
	0x040C, 0x10,
	0x040D, 0x00,
	0x040E, 0x09,
	0x040F, 0x00,
	/*Output Size Setting*/
	0x034C, 0x10,
	0x034D, 0x00,
	0x034E, 0x09,
	0x034F, 0x00,
	/*Clock Setting*/
	0x0301, 0x06,
	0x0303, 0x02,
	0x0305, 0x02,
	0x0306, 0x00,
	0x0307, 0xB7,
	0x030B, 0x02,
	0x030D, 0x18,
	0x030E, 0x0E,
	0x030F, 0x6B,
	/*Other Setting*/
	0x3104, 0x01,
	0x3205, 0x00,
	0x3206, 0x01,
	0x3211, 0x01,
	0x3855, 0x00,
	0x38A0, 0x00,
	0x38A1, 0xF2,
	0x38A2, 0x00,
	0x38A3, 0xF2,
	0x38A4, 0x00,
	0x38A5, 0xF2,
	0x38A6, 0x00,
	0x38A7, 0xF2,
	0x38A8, 0x00,
	0x38A9, 0x50,
	0x38AA, 0x00,
	0x38AB, 0x50,
	0x38AC, 0x00,
	0x38AD, 0x50,
	0x38AE, 0x00,
	0x38AF, 0x50,
	0x38D0, 0x02,
	0x38D1, 0x7E,
	0x38D2, 0x00,
	0x38D3, 0xAE,
	0x38F0, 0x00,
	0x38F1, 0x00,
	0x38F2, 0x00,
	0x38F3, 0x00,
	0x38F4, 0x00,
	0x38F5, 0x00,
	0x38F6, 0x00,
	0x38F7, 0x00,
	0x39AC, 0x01,
	0x97C0, 0x02,
	0x97C1, 0x30,
	/*Integration Setting*/
	0x0202, 0x03,
	0x0203, 0xE8,
	0x0224, 0x01,
	0x0225, 0xF4,
	/*Gain Setting*/
	0x0204, 0x13,
	0x0205, 0x34,
	0x020E, 0x01,
	0x020F, 0x00,
	0x0216, 0x00,
	0x0217, 0x00,
	0x0218, 0x01,
	0x0219, 0x00,
	0x3176, 0x01,
	0x3177, 0x00,
	/*DCGHDR Setting*/
	0x3181, 0x00,
	0x3182, 0x04,
	/*PHASE PIX Output Data Setting*/
	0x3979, 0x00,
	0x397B, 0x02,
	0x397C, 0x01,
	/*PDAF TYPE2 Setting*/
	0x3103, 0x00,
	/*DCG+VS Setting*/
	0x3014, 0x00,
	0x31C0, 0x00,
	0x31C2, 0x00,
	0x31C3, 0x00,
	0x31C4, 0x00,
	/*EAE-Bracketing Setting*/
	0x0E00, 0x00,
	/*PHASE PIX1 VCID Setting*/
	0x30A4, 0x00,
	0x30C6, 0x01,
	0x30D6, 0x02,
	0x30F2, 0x01,
	/*PHASE PIX1 data type Setting*/
	0x30A5, 0x30,
	0x30C7, 0x30,
	0x30D7, 0x30,
	/*PHASE PIX2 VCID Setting*/
	0x30A6, 0x00,
	0x30C8, 0x01,
	0x30F3, 0x01,
	/*PHASE PIX2 data type Setting*/
	0x30A7, 0x30,
	0x30C9, 0x30,
	/*PDAF TYPE2 VCID Setting*/
	0x30A2, 0x00,
	0x30C4, 0x01,
	0x30D4, 0x02,
	0x30F1, 0x01,
	/*PDAF TYPE2 data type Setting*/
	0x30A3, 0x30,
	0x30C5, 0x30,
	0x30D5, 0x30,
	/*B1-S1 OB tuned setting*/
	0x38A0, 0x02,
	0x38A1, 0x18,
	0x38A2, 0x00,
	0x38A3, 0xD4,
	0x38A4, 0x02,
	0x38A5, 0xA0,
	0x38A6, 0x00,
	0x38A7, 0xF2,
	0x38D0, 0x01,
	0x38D1, 0xCC,
	0x3B00, 0x01,
	0x3B01, 0x00,
	0x3B08, 0x00,
	0x3B09, 0x00,
	0x38A8, 0x00,
	0x38A9, 0xC2,
	0x38AA, 0x00,
	0x38AB, 0x80,
	0x38AC, 0x02,
	0x38AD, 0xA0,
	0x38AE, 0x00,
	0x38AF, 0xF2,
	0x38D2, 0x00,
	0x38D3, 0xB6,
	0x3B02, 0x01,
	0x3B03, 0x0C,
	0x3B0A, 0x00,
	0x3B0B, 0x00,
};

static u16 imx09a_slim_video_setting[] = {
	/*reg_G4*/
	/*4096x2304 @60FPS QBIN(VBIN) DCG-HDR 1:4 VB_MAX*/
	/*MIPI output setting*/
	0x0112, 0x0C,
	0x0113, 0x0C,
	0x0114, 0x02,
	/*Line Length PCK Setting*/
	0x0342, 0x30,
	0x0343, 0x10,
	0x3850, 0x00,
	0x3851, 0x65,
	/*Frame Length Lines Setting*/
	0x0340, 0x0F,
	0x0341, 0x78,
	/*ROI Setting*/
	0x0344, 0x00,
	0x0345, 0x00,
	0x0346, 0x03,
	0x0347, 0x00,
	0x0348, 0x1F,
	0x0349, 0xFF,
	0x034A, 0x14,
	0x034B, 0xFF,
	/*Mode Setting*/
	0x0900, 0x01,
	0x0901, 0x22,
	0x0902, 0x00,
	0x3005, 0x02,
	0x3006, 0x04,
	0x3140, 0x0A,
	0x3144, 0x00,
	0x3146, 0x00,
	0x3148, 0x04,
	0x3180, 0x01,
	0x3188, 0x00,
	0x3190, 0x00,
	0x31E4, 0x41,
	0x31E5, 0x41,
	0x320B, 0x01,
	/*Digital Crop & Scaling*/
	0x0408, 0x00,
	0x0409, 0x00,
	0x040A, 0x00,
	0x040B, 0x00,
	0x040C, 0x10,
	0x040D, 0x00,
	0x040E, 0x09,
	0x040F, 0x00,
	/*Output Size Setting*/
	0x034C, 0x10,
	0x034D, 0x00,
	0x034E, 0x09,
	0x034F, 0x00,
	/*Clock Setting*/
	0x0301, 0x06,
	0x0303, 0x02,
	0x0305, 0x02,
	0x0306, 0x00,
	0x0307, 0xB7,
	0x030B, 0x02,
	0x030D, 0x18,
	0x030E, 0x0A,
	0x030F, 0xD8,
	/*Other Setting*/
	0x3104, 0x01,
	0x3205, 0x00,
	0x3206, 0x01,
	0x3211, 0x01,
	0x3855, 0x00,
	0x38A0, 0x00,
	0x38A1, 0xA8,
	0x38A2, 0x00,
	0x38A3, 0xA8,
	0x38A4, 0x00,
	0x38A5, 0xA8,
	0x38A6, 0x00,
	0x38A7, 0xA8,
	0x38A8, 0x00,
	0x38A9, 0xA8,
	0x38AA, 0x00,
	0x38AB, 0xA8,
	0x38AC, 0x00,
	0x38AD, 0xA8,
	0x38AE, 0x00,
	0x38AF, 0xA8,
	0x38D0, 0x01,
	0x38D1, 0x80,
	0x38D2, 0x01,
	0x38D3, 0x80,
	0x38F0, 0x00,
	0x38F1, 0x00,
	0x38F2, 0x00,
	0x38F3, 0x00,
	0x38F4, 0x00,
	0x38F5, 0x00,
	0x38F6, 0x00,
	0x38F7, 0x00,
	0x39AC, 0x01,
	0x97C0, 0x02,
	0x97C1, 0x30,
	/*Integration Setting*/
	0x0202, 0x03,
	0x0203, 0xE8,
	0x0224, 0x01,
	0x0225, 0xF4,
	/*Gain Setting*/
	0x0204, 0x34,
	0x0205, 0xD0,
	0x020E, 0x01,
	0x020F, 0x00,
	0x0216, 0x00,
	0x0217, 0x00,
	0x0218, 0x01,
	0x0219, 0x00,
	0x3176, 0x01,
	0x3177, 0x00,
	/*DCGHDR Setting*/
	0x3181, 0x00,
	0x3182, 0x04,
	/*PHASE PIX Output Data Setting*/
	0x3979, 0x00,
	0x397B, 0x02,
	0x397C, 0x01,
	/*PDAF TYPE2 Setting*/
	0x3103, 0x02,
	/*DCG+VS Setting*/
	0x3014, 0x00,
	0x31C0, 0x00,
	0x31C2, 0x00,
	0x31C3, 0x00,
	0x31C4, 0x00,
	/*EAE-Bracketing Setting*/
	0x0E00, 0x00,
	/*PHASE PIX1 VCID Setting*/
	0x30A4, 0x00,
	0x30C6, 0x01,
	0x30D6, 0x02,
	0x30F2, 0x01,
	/*PHASE PIX1 data type Setting*/
	0x30A5, 0x30,
	0x30C7, 0x30,
	0x30D7, 0x30,
	/*PHASE PIX2 VCID Setting*/
	0x30A6, 0x00,
	0x30C8, 0x01,
	0x30F3, 0x01,
	/*PHASE PIX2 data type Setting*/
	0x30A7, 0x30,
	0x30C9, 0x30,
	/*PDAF TYPE2 VCID Setting*/
	0x30A2, 0x00,
	0x30C4, 0x01,
	0x30D4, 0x02,
	0x30F1, 0x01,
	/*PDAF TYPE2 data type Setting*/
	0x30A3, 0x30,
	0x30C5, 0x30,
	0x30D5, 0x30,
	/*G4 OB default setting*/
	0x38A0, 0x00,
	0x38A1, 0xA8,
	0x38A2, 0x00,
	0x38A3, 0xA8,
	0x38A4, 0x00,
	0x38A5, 0xA8,
	0x38A6, 0x00,
	0x38A7, 0xA8,
	0x38D0, 0x01,
	0x38D1, 0x80,
	0x3B00, 0x00,
	0x3B01, 0x00,
	0x3B08, 0x00,
	0x3B09, 0x00,
	0x38A8, 0x00,
	0x38A9, 0xA8,
	0x38AA, 0x00,
	0x38AB, 0xA8,
	0x38AC, 0x00,
	0x38AD, 0xA8,
	0x38AE, 0x00,
	0x38AF, 0xA8,
	0x38D2, 0x01,
	0x38D3, 0x80,
	0x3B02, 0x00,
	0x3B03, 0x00,
	0x3B0A, 0x00,
	0x3B0B, 0x00,
};

static u16 imx09a_custom1_setting[] = {
	/*reg_V1*/
	/*2408x1152 @240FPS QBIN(VBIN)-V2H2 VB_MAX*/
	/*MIPI output setting*/
	0x0112, 0x0A,
	0x0113, 0x0A,
	0x0114, 0x02,
	/*Line Length PCK Setting*/
	0x0342, 0x1A,
	0x0343, 0xC0,
	0x3850, 0x00,
	0x3851, 0x39,
	/*Frame Length Lines Setting*/
	0x0340, 0x06,
	0x0341, 0xD8,
	/*ROI Setting*/
	0x0344, 0x00,
	0x0345, 0x00,
	0x0346, 0x03,
	0x0347, 0x00,
	0x0348, 0x1F,
	0x0349, 0xFF,
	0x034A, 0x14,
	0x034B, 0xFF,
	/*Mode Setting*/
	0x0900, 0x01,
	0x0901, 0x44,
	0x0902, 0x02,
	0x3005, 0x02,
	0x3006, 0x02,
	0x3140, 0x0A,
	0x3144, 0x00,
	0x3146, 0x00,
	0x3148, 0x05,
	0x3180, 0x00,
	0x3188, 0x00,
	0x3190, 0x00,
	0x31E4, 0x43,
	0x31E5, 0x43,
	0x320B, 0x00,
	/*Digital Crop & Scaling*/
	0x0408, 0x00,
	0x0409, 0x00,
	0x040A, 0x00,
	0x040B, 0x00,
	0x040C, 0x08,
	0x040D, 0x00,
	0x040E, 0x04,
	0x040F, 0x80,
	/*Output Size Setting*/
	0x034C, 0x08,
	0x034D, 0x00,
	0x034E, 0x04,
	0x034F, 0x80,
	/*Clock Setting*/
	0x0301, 0x06,
	0x0303, 0x02,
	0x0305, 0x02,
	0x0306, 0x00,
	0x0307, 0xB7,
	0x030B, 0x02,
	0x030D, 0x18,
	0x030E, 0x09,
	0x030F, 0x13,
	/*Other Setting*/
	0x3104, 0x01,
	0x3205, 0x00,
	0x3206, 0x01,
	0x3211, 0x01,
	0x3855, 0x00,
	0x38A0, 0x00,
	0x38A1, 0x54,
	0x38A2, 0x00,
	0x38A3, 0x54,
	0x38A4, 0x00,
	0x38A5, 0x54,
	0x38A6, 0x00,
	0x38A7, 0x54,
	0x38A8, 0x00,
	0x38A9, 0x78,
	0x38AA, 0x00,
	0x38AB, 0x78,
	0x38AC, 0x00,
	0x38AD, 0x78,
	0x38AE, 0x00,
	0x38AF, 0x78,
	0x38D0, 0x02,
	0x38D1, 0xBE,
	0x38D2, 0x01,
	0x38D3, 0x44,
	0x38F0, 0x00,
	0x38F1, 0x00,
	0x38F2, 0x00,
	0x38F3, 0x00,
	0x38F4, 0x00,
	0x38F5, 0x00,
	0x38F6, 0x00,
	0x38F7, 0x00,
	0x39AC, 0x01,
	0x97C0, 0x02,
	0x97C1, 0x30,
	/*Integration Setting*/
	0x0202, 0x03,
	0x0203, 0xE8,
	0x0224, 0x01,
	0x0225, 0xF4,
	/*Gain Setting*/
	0x0204, 0x13,
	0x0205, 0x34,
	0x020E, 0x01,
	0x020F, 0x00,
	0x0216, 0x00,
	0x0217, 0x00,
	0x0218, 0x01,
	0x0219, 0x00,
	0x3176, 0x01,
	0x3177, 0x00,
	/*DCGHDR Setting*/
	0x3181, 0x00,
	0x3182, 0x04,
	/*PHASE PIX Output Data Setting*/
	0x3979, 0x00,
	0x397B, 0x02,
	0x397C, 0x01,
	/*PDAF TYPE2 Setting*/
	0x3103, 0x00,
	/*DCG+VS Setting*/
	0x3014, 0x00,
	0x31C0, 0x00,
	0x31C2, 0x00,
	0x31C3, 0x00,
	0x31C4, 0x00,
	/*EAE-Bracketing Setting*/
	0x0E00, 0x00,
	/*PHASE PIX1 VCID Setting*/
	0x30A4, 0x00,
	0x30C6, 0x01,
	0x30D6, 0x02,
	0x30F2, 0x01,
	/*PHASE PIX1 data type Setting*/
	0x30A5, 0x30,
	0x30C7, 0x30,
	0x30D7, 0x30,
	/*PHASE PIX2 VCID Setting*/
	0x30A6, 0x00,
	0x30C8, 0x01,
	0x30F3, 0x01,
	/*PHASE PIX2 data type Setting*/
	0x30A7, 0x30,
	0x30C9, 0x30,
	/*PDAF TYPE2 VCID Setting*/
	0x30A2, 0x00,
	0x30C4, 0x01,
	0x30D4, 0x02,
	0x30F1, 0x01,
	/*PDAF TYPE2 data type Setting*/
	0x30A3, 0x30,
	0x30C5, 0x30,
	0x30D5, 0x30,
	/*V1 OB default setting*/
	0x38A0, 0x00,
	0x38A1, 0x54,
	0x38A2, 0x00,
	0x38A3, 0x54,
	0x38A4, 0x00,
	0x38A5, 0x54,
	0x38A6, 0x00,
	0x38A7, 0x54,
	0x38D0, 0x02,
	0x38D1, 0xBE,
	0x3B00, 0x00,
	0x3B01, 0x00,
	0x3B08, 0x00,
	0x3B09, 0x00,
	0x38A8, 0x00,
	0x38A9, 0x78,
	0x38AA, 0x00,
	0x38AB, 0x78,
	0x38AC, 0x00,
	0x38AD, 0x78,
	0x38AE, 0x00,
	0x38AF, 0x78,
	0x38D2, 0x01,
	0x38D3, 0x44,
	0x3B02, 0x00,
	0x3B03, 0x00,
	0x3B0A, 0x00,
	0x3B0B, 0x00,
};

static u16 imx09a_custom2_setting[] = {
	/*reg_GV1-S1*/
	/*4096x3072 @30FPS QBIN(VBIN) DCG(RAW) DirectMode +VS Manual VB_MAX, HSG, LUTA*/
	/*MIPI output setting*/
	0x0112, 0x0A,
	0x0113, 0x0A,
	0x0114, 0x02,
	/*Line Length PCK Setting*/
	0x0342, 0x24,
	0x0343, 0xD0,
	0x3850, 0x00,
	0x3851, 0x3E,
	/*Frame Length Lines Setting*/
	0x0340, 0x28,
	0x0341, 0x3A,
	/*ROI Setting*/
	0x0344, 0x00,
	0x0345, 0x00,
	0x0346, 0x00,
	0x0347, 0x00,
	0x0348, 0x1F,
	0x0349, 0xFF,
	0x034A, 0x17,
	0x034B, 0xFF,
	/*Mode Setting*/
	0x0900, 0x01,
	0x0901, 0x22,
	0x0902, 0x00,
	0x3005, 0x00,
	0x3006, 0x00,
	0x3140, 0x0A,
	0x3144, 0x00,
	0x3146, 0x00,
	0x3148, 0x00,
	0x3180, 0x01,
	0x3188, 0x00,
	0x3190, 0x00,
	0x31E4, 0x41,
	0x31E5, 0x41,
	0x320B, 0x00,
	/*Digital Crop & Scaling*/
	0x0408, 0x00,
	0x0409, 0x00,
	0x040A, 0x00,
	0x040B, 0x00,
	0x040C, 0x10,
	0x040D, 0x00,
	0x040E, 0x0C,
	0x040F, 0x00,
	/*Output Size Setting*/
	0x034C, 0x10,
	0x034D, 0x00,
	0x034E, 0x0C,
	0x034F, 0x00,
	/*Clock Setting*/
	0x0301, 0x06,
	0x0303, 0x02,
	0x0305, 0x02,
	0x0306, 0x00,
	0x0307, 0xB7,
	0x030B, 0x01,
	0x030D, 0x18,
	0x030E, 0x08,
	0x030F, 0x9B,
	/*Other Setting*/
	0x1000, 0x00,
	0x1001, 0xA8,
	0x1002, 0x00,
	0x1003, 0xA8,
	0x1004, 0x00,
	0x1005, 0xA8,
	0x1006, 0x00,
	0x1007, 0xA8,
	0x1008, 0x00,
	0x1009, 0xA8,
	0x100A, 0x00,
	0x100B, 0xA8,
	0x1024, 0x01,
	0x1025, 0x80,
	0x1026, 0x01,
	0x1027, 0x80,
	0x1028, 0x00,
	0x1029, 0x00,
	0x102A, 0x00,
	0x102B, 0x00,
	0x102C, 0x00,
	0x102D, 0x00,
	0x102E, 0x00,
	0x102F, 0x00,
	0x1100, 0x00,
	0x1101, 0xF2,
	0x1102, 0x00,
	0x1103, 0xF2,
	0x1104, 0x00,
	0x1105, 0xF2,
	0x1106, 0x00,
	0x1107, 0x50,
	0x1108, 0x00,
	0x1109, 0x50,
	0x110A, 0x00,
	0x110B, 0x50,
	0x1124, 0x02,
	0x1125, 0x7E,
	0x1126, 0x00,
	0x1127, 0xAE,
	0x1128, 0x00,
	0x1129, 0x00,
	0x112A, 0x00,
	0x112B, 0x00,
	0x112C, 0x00,
	0x112D, 0x00,
	0x112E, 0x00,
	0x112F, 0x00,
	0x3104, 0x01,
	0x3205, 0x00,
	0x3206, 0x01,
	0x3211, 0x01,
	0x3855, 0x00,
	0x38A0, 0x00,
	0x38A1, 0x00,
	0x38A2, 0x00,
	0x38A3, 0x00,
	0x38A4, 0x00,
	0x38A5, 0x00,
	0x38A6, 0x00,
	0x38A7, 0x00,
	0x38A8, 0x00,
	0x38A9, 0x00,
	0x38AA, 0x00,
	0x38AB, 0x00,
	0x38AC, 0x00,
	0x38AD, 0x00,
	0x38AE, 0x00,
	0x38AF, 0x00,
	0x38D0, 0x00,
	0x38D1, 0x00,
	0x38D2, 0x00,
	0x38D3, 0x00,
	0x38F0, 0x00,
	0x38F1, 0x00,
	0x38F2, 0x00,
	0x38F3, 0x00,
	0x38F4, 0x00,
	0x38F5, 0x00,
	0x38F6, 0x00,
	0x38F7, 0x00,
	0x39AC, 0x01,
	0x97C0, 0x02,
	0x97C1, 0x30,
	/*Integration Setting*/
	0x0202, 0x03,
	0x0203, 0xE8,
	0x0224, 0x01,
	0x0225, 0xF4,
	/*Gain Setting*/
	0x0204, 0x00,
	0x0205, 0x00,
	0x020E, 0x01,
	0x020F, 0x00,
	0x0216, 0x13,
	0x0217, 0x40,
	0x0218, 0x01,
	0x0219, 0x00,
	0x3176, 0x01,
	0x3177, 0x00,
	/*DCGHDR Setting*/
	0x3181, 0x01,
	0x3182, 0x04,
	/*PHASE PIX Output Data Setting*/
	0x3979, 0x00,
	0x397B, 0x02,
	0x397C, 0x01,
	/*PDAF TYPE2 Setting*/
	0x3103, 0x00,
	/*DCG+VS Setting*/
	0x3014, 0x01,
	0x31C0, 0x01,
	0x31C2, 0x00,
	0x31C3, 0x00,
	0x31C4, 0x01,
	/*EAE-Bracketing Setting*/
	0x0E00, 0x02,
	0x0E01, 0x03,
	0x0E02, 0x00,
	0x0E03, 0x00,
	0x0E04, 0x0F,
	0x0E05, 0x30,
	0x0E06, 0x36,
	0x0E07, 0xFF,
	0x0E08, 0x00,
	0x0E20, 0x03,
	0x0E21, 0xE8,
	0x0E22, 0x3D,
	0x0E23, 0x34,
	0x0E24, 0x01,
	0x0E25, 0x00,
	0x0E28, 0x0C,
	0x0E29, 0xF4,
	0x0E2A, 0x00,
	0x0E2B, 0x2B,
	0x0E2C, 0x00,
	0x0E32, 0x00,
	0x0E33, 0x30,
	0x0E34, 0x00,
	0x0E35, 0x30,
	0x0E36, 0x00,
	0x0E37, 0x30,
	0x0E38, 0x13,
	0x0E39, 0x40,
	0x0E3A, 0x01,
	0x0E3B, 0x00,
	0x0E3C, 0x00,
	0x0E3E, 0x38,
	0x0E3F, 0xE0,
	0x0E40, 0x00,
	0x0E41, 0x78,
	0x0E42, 0x00,
	0x0E43, 0x01,
	0x0E44, 0x2B,
	0x0E47, 0x01,
	0x0E48, 0x30,
	0x0E49, 0x01,
	0x0E4A, 0x30,
	0x0E4B, 0x01,
	0x0E4C, 0x30,
	0x0E4F, 0x07,
	0x0E50, 0x02,
	0x0E51, 0x01,
	0x0E53, 0x04,
	0x0E54, 0x01,
	0x0E55, 0x01,
	0x0E56, 0x04,
	0x0E57, 0x00,
	0x0E5C, 0x04,
	0x0E5E, 0x02,
	0x0E60, 0x03,
	0x0E61, 0xE8,
	0x0E62, 0x13,
	0x0E63, 0x34,
	0x0E64, 0x01,
	0x0E65, 0x00,
	0x0E68, 0x19,
	0x0E69, 0x50,
	0x0E6A, 0x02,
	0x0E6B, 0x2B,
	0x0E6C, 0x00,
	0x0E74, 0x02,
	0x0E75, 0x30,
	0x0E76, 0x02,
	0x0E77, 0x30,
	0x0E7C, 0x00,
	0x0E7E, 0x1D,
	0x0E7F, 0x60,
	0x0E80, 0x00,
	0x0E81, 0x3E,
	0x0E82, 0x00,
	0x0E8F, 0x07,
	0x0E90, 0x00,
	0x0E91, 0x01,
	0x0E93, 0x02,
	0x0E9C, 0x04,
	0x0E9E, 0x02,
	0x31B0, 0x00,
	0x31B1, 0x00,
	0x31B7, 0x04,
	/*PHASE PIX1 VCID Setting*/
	0x30A4, 0x00,
	0x30C6, 0x01,
	0x30D6, 0x02,
	0x30F2, 0x01,
	/*PHASE PIX1 data type Setting*/
	0x30A5, 0x30,
	0x30C7, 0x30,
	0x30D7, 0x30,
	/*PHASE PIX2 VCID Setting*/
	0x30A6, 0x00,
	0x30C8, 0x01,
	0x30F3, 0x01,
	/*PHASE PIX2 data type Setting*/
	0x30A7, 0x30,
	0x30C9, 0x30,
	/*PDAF TYPE2 VCID Setting*/
	0x30A2, 0x00,
	0x30C4, 0x01,
	0x30D4, 0x02,
	0x30F1, 0x01,
	/*PDAF TYPE2 data type Setting*/
	0x30A3, 0x30,
	0x30C5, 0x30,
	0x30D5, 0x30,
	/*HDR MIPI output setting*/
	0x319A, 0x0A,
	0x319B, 0x0A,
	/*GV1-S1 OB default setting*/
	0x38A0, 0x00,
	0x38A1, 0x00,
	0x38A2, 0x00,
	0x38A3, 0x00,
	0x38A4, 0x00,
	0x38A5, 0x00,
	0x38A6, 0x00,
	0x38A7, 0x00,
	0x38D0, 0x00,
	0x38D1, 0x00,
	0x3B00, 0x00,
	0x3B01, 0x00,
	0x3B08, 0x00,
	0x3B09, 0x00,
	0x38A8, 0x00,
	0x38A9, 0x00,
	0x38AA, 0x00,
	0x38AB, 0x00,
	0x38AC, 0x00,
	0x38AD, 0x00,
	0x38AE, 0x00,
	0x38AF, 0x00,
	0x38D2, 0x00,
	0x38D3, 0x00,
	0x3B02, 0x00,
	0x3B03, 0x00,
	0x3B0A, 0x00,
	0x3B0B, 0x00,
};

static u16 imx09a_custom3_setting[] = {
	/*reg_F1-S1*/
	/*8192x6144 @30FPS Full(RAW) All-PD VB_MAX*/
	/*MIPI output setting*/
	0x0112, 0x0A,
	0x0113, 0x0A,
	0x0114, 0x02,
	/*Line Length PCK Setting*/
	0x0342, 0x2D,
	0x0343, 0x70,
	0x3850, 0x00,
	0x3851, 0x60,
	/*Frame Length Lines Setting*/
	0x0340, 0x20,
	0x0341, 0x8C,
	/*ROI Setting*/
	0x0344, 0x00,
	0x0345, 0x00,
	0x0346, 0x00,
	0x0347, 0x00,
	0x0348, 0x1F,
	0x0349, 0xFF,
	0x034A, 0x17,
	0x034B, 0xFF,
	/*Mode Setting*/
	0x0900, 0x00,
	0x0901, 0x11,
	0x0902, 0x02,
	0x3005, 0x00,
	0x3006, 0x00,
	0x3140, 0x0A,
	0x3144, 0x00,
	0x3146, 0x00,
	0x3148, 0x00,
	0x3180, 0x00,
	0x3188, 0x00,
	0x3190, 0x00,
	0x31E4, 0x01,
	0x31E5, 0x01,
	0x320B, 0x00,
	/*Digital Crop & Scaling*/
	0x0408, 0x00,
	0x0409, 0x00,
	0x040A, 0x00,
	0x040B, 0x00,
	0x040C, 0x20,
	0x040D, 0x00,
	0x040E, 0x18,
	0x040F, 0x00,
	/*Output Size Setting*/
	0x034C, 0x20,
	0x034D, 0x00,
	0x034E, 0x18,
	0x034F, 0x00,
	/*Clock Setting*/
	0x0301, 0x06,
	0x0303, 0x02,
	0x0305, 0x02,
	0x0306, 0x00,
	0x0307, 0xB7,
	0x030B, 0x01,
	0x030D, 0x18,
	0x030E, 0x08,
	0x030F, 0x9B,
	/*Other Setting*/
	0x3104, 0x01,
	0x3205, 0x01,
	0x3206, 0x01,
	0x3211, 0x01,
	0x3855, 0x01,
	0x38A0, 0x02,
	0x38A1, 0x40,
	0x38A2, 0x02,
	0x38A3, 0x40,
	0x38A4, 0x02,
	0x38A5, 0x40,
	0x38A6, 0x02,
	0x38A7, 0x40,
	0x38A8, 0x03,
	0x38A9, 0x00,
	0x38AA, 0x03,
	0x38AB, 0x00,
	0x38AC, 0x03,
	0x38AD, 0x00,
	0x38AE, 0x03,
	0x38AF, 0x00,
	0x38D0, 0x04,
	0x38D1, 0x68,
	0x38D2, 0x04,
	0x38D3, 0xC6,
	0x38F0, 0x00,
	0x38F1, 0x00,
	0x38F2, 0x00,
	0x38F3, 0x00,
	0x38F4, 0x00,
	0x38F5, 0x00,
	0x38F6, 0x00,
	0x38F7, 0x00,
	0x39AC, 0x01,
	0x97C0, 0x02,
	0x97C1, 0x30,
	/*Integration Setting*/
	0x0202, 0x03,
	0x0203, 0xE8,
	0x0224, 0x01,
	0x0225, 0xF4,
	/*Gain Setting*/
	0x0204, 0x00,
	0x0205, 0x00,
	0x020E, 0x01,
	0x020F, 0x00,
	0x0216, 0x00,
	0x0217, 0x00,
	0x0218, 0x01,
	0x0219, 0x00,
	0x3176, 0x01,
	0x3177, 0x00,
	/*DCGHDR Setting*/
	0x3181, 0x00,
	0x3182, 0x04,
	/*PHASE PIX Output Data Setting*/
	0x3979, 0x00,
	0x397B, 0x02,
	0x397C, 0x01,
	/*PDAF TYPE2 Setting*/
	0x3103, 0x00,
	/*DCG+VS Setting*/
	0x3014, 0x00,
	0x31C0, 0x00,
	0x31C2, 0x00,
	0x31C3, 0x00,
	0x31C4, 0x00,
	/*EAE-Bracketing Setting*/
	0x0E00, 0x00,
	/*PHASE PIX1 VCID Setting*/
	0x30A4, 0x00,
	0x30C6, 0x01,
	0x30D6, 0x02,
	0x30F2, 0x01,
	/*PHASE PIX1 data type Setting*/
	0x30A5, 0x30,
	0x30C7, 0x30,
	0x30D7, 0x30,
	/*PHASE PIX2 VCID Setting*/
	0x30A6, 0x00,
	0x30C8, 0x01,
	0x30F3, 0x01,
	/*PHASE PIX2 data type Setting*/
	0x30A7, 0x30,
	0x30C9, 0x30,
	/*PDAF TYPE2 VCID Setting*/
	0x30A2, 0x00,
	0x30C4, 0x01,
	0x30D4, 0x02,
	0x30F1, 0x01,
	/*PDAF TYPE2 data type Setting*/
	0x30A3, 0x30,
	0x30C5, 0x30,
	0x30D5, 0x30,
	/*F1-S1 OB default setting*/
	0x38A0, 0x02,
	0x38A1, 0x40,
	0x38A2, 0x02,
	0x38A3, 0x40,
	0x38A4, 0x02,
	0x38A5, 0x40,
	0x38A6, 0x02,
	0x38A7, 0x40,
	0x38D0, 0x04,
	0x38D1, 0x68,
	0x3B00, 0x00,
	0x3B01, 0x00,
	0x3B08, 0x00,
	0x3B09, 0x00,
	0x38A8, 0x03,
	0x38A9, 0x00,
	0x38AA, 0x03,
	0x38AB, 0x00,
	0x38AC, 0x03,
	0x38AD, 0x00,
	0x38AE, 0x03,
	0x38AF, 0x00,
	0x38D2, 0x04,
	0x38D3, 0xC6,
	0x3B02, 0x00,
	0x3B03, 0x00,
	0x3B0A, 0x00,
	0x3B0B, 0x00,
};

static u16 imx09a_custom4_setting[] = {
	/*reg_L1-S1*/
	/*4096x3072 @30FPS QBIN(VBIN) LBMF_Manual VB_MAX, LB-MF LUTA*/
	/*MIPI output setting*/
	0x0112, 0x0A,
	0x0113, 0x0A,
	0x0114, 0x02,
	/*Line Length PCK Setting*/
	0x0342, 0x1D,
	0x0343, 0x60,
	0x3850, 0x00,
	0x3851, 0x3E,
	/*Frame Length Lines Setting*/
	0x0340, 0x28,
	0x0341, 0x3A,
	/*ROI Setting*/
	0x0344, 0x00,
	0x0345, 0x00,
	0x0346, 0x00,
	0x0347, 0x00,
	0x0348, 0x1F,
	0x0349, 0xFF,
	0x034A, 0x17,
	0x034B, 0xFF,
	/*Mode Setting*/
	0x0900, 0x01,
	0x0901, 0x22,
	0x0902, 0x00,
	0x3005, 0x02,
	0x3006, 0x02,
	0x3140, 0x0A,
	0x3144, 0x00,
	0x3146, 0x00,
	0x3148, 0x04,
	0x3180, 0x00,
	0x3188, 0x00,
	0x3190, 0x00,
	0x31E4, 0x41,
	0x31E5, 0x41,
	0x320B, 0x00,
	/*Digital Crop & Scaling*/
	0x0408, 0x00,
	0x0409, 0x00,
	0x040A, 0x00,
	0x040B, 0x00,
	0x040C, 0x10,
	0x040D, 0x00,
	0x040E, 0x0C,
	0x040F, 0x00,
	/*Output Size Setting*/
	0x034C, 0x10,
	0x034D, 0x00,
	0x034E, 0x0C,
	0x034F, 0x00,
	/*Clock Setting*/
	0x0301, 0x06,
	0x0303, 0x02,
	0x0305, 0x02,
	0x0306, 0x00,
	0x0307, 0xB7,
	0x030B, 0x01,
	0x030D, 0x18,
	0x030E, 0x08,
	0x030F, 0x9B,
	/*Other Setting*/
	0x3104, 0x01,
	0x3205, 0x00,
	0x3206, 0x01,
	0x3211, 0x01,
	0x3855, 0x00,
	0x38A0, 0x00,
	0x38A1, 0xF2,
	0x38A2, 0x00,
	0x38A3, 0xF2,
	0x38A4, 0x00,
	0x38A5, 0xF2,
	0x38A6, 0x00,
	0x38A7, 0xF2,
	0x38A8, 0x00,
	0x38A9, 0x50,
	0x38AA, 0x00,
	0x38AB, 0x50,
	0x38AC, 0x00,
	0x38AD, 0x50,
	0x38AE, 0x00,
	0x38AF, 0x50,
	0x38D0, 0x02,
	0x38D1, 0x7E,
	0x38D2, 0x00,
	0x38D3, 0xAE,
	0x38F0, 0x00,
	0x38F1, 0x00,
	0x38F2, 0x00,
	0x38F3, 0x00,
	0x38F4, 0x00,
	0x38F5, 0x00,
	0x38F6, 0x00,
	0x38F7, 0x00,
	0x39AC, 0x01,
	0x97C0, 0x02,
	0x97C1, 0x30,
	/*Integration Setting*/
	0x0202, 0x03,
	0x0203, 0xE8,
	0x0224, 0x01,
	0x0225, 0xF4,
	/*Gain Setting*/
	0x0204, 0x00,
	0x0205, 0x00,
	0x020E, 0x01,
	0x020F, 0x00,
	0x0216, 0x00,
	0x0217, 0x00,
	0x0218, 0x01,
	0x0219, 0x00,
	0x3176, 0x01,
	0x3177, 0x00,
	/*DCGHDR Setting*/
	0x3181, 0x00,
	0x3182, 0x04,
	/*PHASE PIX Output Data Setting*/
	0x3979, 0x00,
	0x397B, 0x02,
	0x397C, 0x01,
	/*PDAF TYPE2 Setting*/
	0x3103, 0x00,
	/*DCG+VS Setting*/
	0x3014, 0x00,
	0x31C0, 0x00,
	0x31C2, 0x00,
	0x31C3, 0x00,
	0x31C4, 0x00,
	/*EAE-Bracketing Setting*/
	0x0E00, 0x02,
	0x0E01, 0x03,
	0x0E02, 0x00,
	0x0E03, 0x00,
	0x0E04, 0x0F,
	0x0E05, 0x30,
	0x0E06, 0x36,
	0x0E07, 0xFF,
	0x0E08, 0x00,
	0x0E20, 0x18,
	0x0E21, 0xF0,
	0x0E22, 0x13,
	0x0E23, 0x34,
	0x0E24, 0x01,
	0x0E25, 0x00,
	0x0E28, 0x19,
	0x0E29, 0x30,
	0x0E2A, 0x00,
	0x0E2B, 0x2B,
	0x0E2C, 0x00,
	0x0E34, 0x00,
	0x0E35, 0x30,
	0x0E36, 0x00,
	0x0E37, 0x30,
	0x0E3C, 0x00,
	0x0E3E, 0x1D,
	0x0E3F, 0x60,
	0x0E40, 0x00,
	0x0E41, 0x3E,
	0x0E43, 0x03,
	0x0E44, 0x2B,
	0x0E50, 0x00,
	0x0E51, 0x01,
	0x0E53, 0x02,
	0x0E54, 0x00,
	0x0E5C, 0x04,
	0x0E5E, 0x02,
	0x0E60, 0x18,
	0x0E61, 0xF0,
	0x0E62, 0x13,
	0x0E63, 0x34,
	0x0E64, 0x01,
	0x0E65, 0x00,
	0x0E68, 0x19,
	0x0E69, 0x30,
	0x0E6A, 0x01,
	0x0E6B, 0x2B,
	0x0E6C, 0x00,
	0x0E74, 0x01,
	0x0E75, 0x30,
	0x0E76, 0x01,
	0x0E77, 0x30,
	0x0E7C, 0x00,
	0x0E7E, 0x1D,
	0x0E7F, 0x60,
	0x0E80, 0x00,
	0x0E81, 0x3E,
	0x0E90, 0x00,
	0x0E91, 0x01,
	0x0E93, 0x02,
	0x0E9C, 0x04,
	0x0E9E, 0x02,
	0x31B0, 0x00,
	0x31B1, 0x00,
	0x31B7, 0x04,
	/*PHASE PIX1 VCID Setting*/
	0x30A4, 0x00,
	0x30C6, 0x01,
	0x30D6, 0x02,
	0x30F2, 0x01,
	/*PHASE PIX1 data type Setting*/
	0x30A5, 0x30,
	0x30C7, 0x30,
	0x30D7, 0x30,
	/*PHASE PIX2 VCID Setting*/
	0x30A6, 0x00,
	0x30C8, 0x01,
	0x30F3, 0x01,
	/*PHASE PIX2 data type Setting*/
	0x30A7, 0x30,
	0x30C9, 0x30,
	/*PDAF TYPE2 VCID Setting*/
	0x30A2, 0x00,
	0x30C4, 0x01,
	0x30D4, 0x02,
	0x30F1, 0x01,
	/*PDAF TYPE2 data type Setting*/
	0x30A3, 0x30,
	0x30C5, 0x30,
	0x30D5, 0x30,
	/*B1-S1 OB tuned setting*/
	0x38A0, 0x02,
	0x38A1, 0x18,
	0x38A2, 0x00,
	0x38A3, 0xD4,
	0x38A4, 0x02,
	0x38A5, 0xA0,
	0x38A6, 0x00,
	0x38A7, 0xF2,
	0x38D0, 0x01,
	0x38D1, 0xCC,
	0x3B00, 0x01,
	0x3B01, 0x00,
	0x3B08, 0x00,
	0x3B09, 0x00,
	0x38A8, 0x00,
	0x38A9, 0xC2,
	0x38AA, 0x00,
	0x38AB, 0x80,
	0x38AC, 0x02,
	0x38AD, 0xA0,
	0x38AE, 0x00,
	0x38AF, 0xF2,
	0x38D2, 0x00,
	0x38D3, 0xB6,
	0x3B02, 0x01,
	0x3B03, 0x0C,
	0x3B0A, 0x00,
	0x3B0B, 0x00,
};

static u16 imx09a_custom5_setting[] = {
	/*reg_F2-S1*/
	/*4096x3072 @30FPS Full-RAW-Crop w/ All-PD VB_MAX*/
	/*MIPI output setting*/
	0x0112, 0x0A,
	0x0113, 0x0A,
	0x0114, 0x02,
	/*Line Length PCK Setting*/
	0x0342, 0x24,
	0x0343, 0xD0,
	0x3850, 0x00,
	0x3851, 0x4E,
	/*Frame Length Lines Setting*/
	0x0340, 0x28,
	0x0341, 0x10,
	/*ROI Setting*/
	0x0344, 0x08,
	0x0345, 0x00,
	0x0346, 0x06,
	0x0347, 0x00,
	0x0348, 0x17,
	0x0349, 0xFF,
	0x034A, 0x11,
	0x034B, 0xFF,
	/*Mode Setting*/
	0x0900, 0x00,
	0x0901, 0x11,
	0x0902, 0x02,
	0x3005, 0x00,
	0x3006, 0x00,
	0x3140, 0x0A,
	0x3144, 0x00,
	0x3146, 0x00,
	0x3148, 0x00,
	0x3180, 0x00,
	0x3188, 0x00,
	0x3190, 0x00,
	0x31E4, 0x01,
	0x31E5, 0x01,
	0x320B, 0x00,
	/*Digital Crop & Scaling*/
	0x0408, 0x00,
	0x0409, 0x00,
	0x040A, 0x00,
	0x040B, 0x00,
	0x040C, 0x10,
	0x040D, 0x00,
	0x040E, 0x0C,
	0x040F, 0x00,
	/*Output Size Setting*/
	0x034C, 0x10,
	0x034D, 0x00,
	0x034E, 0x0C,
	0x034F, 0x00,
	/*Clock Setting*/
	0x0301, 0x06,
	0x0303, 0x02,
	0x0305, 0x02,
	0x0306, 0x00,
	0x0307, 0xB7,
	0x030B, 0x01,
	0x030D, 0x18,
	0x030E, 0x08,
	0x030F, 0x9B,
	/*Other Setting*/
	0x3104, 0x01,
	0x3205, 0x00,
	0x3206, 0x01,
	0x3211, 0x01,
	0x3855, 0x01,
	0x38A0, 0x00,
	0x38A1, 0x8A,
	0x38A2, 0x00,
	0x38A3, 0x8A,
	0x38A4, 0x00,
	0x38A5, 0x8A,
	0x38A6, 0x00,
	0x38A7, 0x8A,
	0x38A8, 0x02,
	0x38A9, 0xB4,
	0x38AA, 0x02,
	0x38AB, 0xB4,
	0x38AC, 0x02,
	0x38AD, 0xB4,
	0x38AE, 0x02,
	0x38AF, 0xB4,
	0x38D0, 0x01,
	0x38D1, 0xBC,
	0x38D2, 0x03,
	0x38D3, 0xC2,
	0x38F0, 0x00,
	0x38F1, 0x00,
	0x38F2, 0x00,
	0x38F3, 0x00,
	0x38F4, 0x00,
	0x38F5, 0x00,
	0x38F6, 0x00,
	0x38F7, 0x00,
	0x39AC, 0x01,
	0x97C0, 0x02,
	0x97C1, 0x30,
	/*Integration Setting*/
	0x0202, 0x03,
	0x0203, 0xE8,
	0x0224, 0x01,
	0x0225, 0xF4,
	/*Gain Setting*/
	0x0204, 0x00,
	0x0205, 0x00,
	0x020E, 0x01,
	0x020F, 0x00,
	0x0216, 0x00,
	0x0217, 0x00,
	0x0218, 0x01,
	0x0219, 0x00,
	0x3176, 0x01,
	0x3177, 0x00,
	/*DCGHDR Setting*/
	0x3181, 0x00,
	0x3182, 0x04,
	/*PHASE PIX Output Data Setting*/
	0x3979, 0x00,
	0x397B, 0x02,
	0x397C, 0x01,
	/*PDAF TYPE2 Setting*/
	0x3103, 0x00,
	/*DCG+VS Setting*/
	0x3014, 0x00,
	0x31C0, 0x00,
	0x31C2, 0x00,
	0x31C3, 0x00,
	0x31C4, 0x00,
	/*EAE-Bracketing Setting*/
	0x0E00, 0x00,
	/*PHASE PIX1 VCID Setting*/
	0x30A4, 0x00,
	0x30C6, 0x01,
	0x30D6, 0x02,
	0x30F2, 0x01,
	/*PHASE PIX1 data type Setting*/
	0x30A5, 0x30,
	0x30C7, 0x30,
	0x30D7, 0x30,
	/*PHASE PIX2 VCID Setting*/
	0x30A6, 0x00,
	0x30C8, 0x01,
	0x30F3, 0x01,
	/*PHASE PIX2 data type Setting*/
	0x30A7, 0x30,
	0x30C9, 0x30,
	/*PDAF TYPE2 VCID Setting*/
	0x30A2, 0x00,
	0x30C4, 0x01,
	0x30D4, 0x02,
	0x30F1, 0x01,
	/*PDAF TYPE2 data type Setting*/
	0x30A3, 0x30,
	0x30C5, 0x30,
	0x30D5, 0x30,
	/*F2-S1 OB default setting*/
	0x38A0, 0x00,
	0x38A1, 0x8A,
	0x38A2, 0x00,
	0x38A3, 0x8A,
	0x38A4, 0x00,
	0x38A5, 0x8A,
	0x38A6, 0x00,
	0x38A7, 0x8A,
	0x38D0, 0x01,
	0x38D1, 0xBC,
	0x3B00, 0x00,
	0x3B01, 0x00,
	0x3B08, 0x00,
	0x3B09, 0x00,
	0x38A8, 0x02,
	0x38A9, 0xB4,
	0x38AA, 0x02,
	0x38AB, 0xB4,
	0x38AC, 0x02,
	0x38AD, 0xB4,
	0x38AE, 0x02,
	0x38AF, 0xB4,
	0x38D2, 0x03,
	0x38D3, 0xC2,
	0x3B02, 0x00,
	0x3B03, 0x00,
	0x3B0A, 0x00,
	0x3B0B, 0x00,
};

static u16 imx09a_custom6_setting[] = {
	/*reg_V2*/
	/*2048x1152 @480FPS QBIN-V2H2 w/o PD VB_MAX*/
	/*MIPI output setting*/
	0x0112, 0x0A,
	0x0113, 0x0A,
	0x0114, 0x02,
	/*Line Length PCK Setting*/
	0x0342, 0x11,
	0x0343, 0x00,
	0x3850, 0x00,
	0x3851, 0x24,
	/*Frame Length Lines Setting*/
	0x0340, 0x05,
	0x0341, 0x6C,
	/*ROI Setting*/
	0x0344, 0x00,
	0x0345, 0x00,
	0x0346, 0x03,
	0x0347, 0x00,
	0x0348, 0x1F,
	0x0349, 0xFF,
	0x034A, 0x14,
	0x034B, 0xFF,
	/*Mode Setting*/
	0x0900, 0x01,
	0x0901, 0x44,
	0x0902, 0x02,
	0x3005, 0x00,
	0x3006, 0x00,
	0x3140, 0x0A,
	0x3144, 0x00,
	0x3146, 0x00,
	0x3148, 0x01,
	0x3180, 0x00,
	0x3188, 0x00,
	0x3190, 0x00,
	0x31E4, 0x43,
	0x31E5, 0x43,
	0x320B, 0x00,
	/*Digital Crop & Scaling*/
	0x0408, 0x00,
	0x0409, 0x00,
	0x040A, 0x00,
	0x040B, 0x00,
	0x040C, 0x08,
	0x040D, 0x00,
	0x040E, 0x04,
	0x040F, 0x80,
	/*Output Size Setting*/
	0x034C, 0x08,
	0x034D, 0x00,
	0x034E, 0x04,
	0x034F, 0x80,
	/*Clock Setting*/
	0x0301, 0x06,
	0x0303, 0x02,
	0x0305, 0x02,
	0x0306, 0x00,
	0x0307, 0xB7,
	0x030B, 0x02,
	0x030D, 0x18,
	0x030E, 0x0B,
	0x030F, 0xA8,
	/*Other Setting*/
	0x3104, 0x00,
	0x3205, 0x00,
	0x3206, 0x00,
	0x3211, 0x00,
	0x3855, 0x00,
	0x38A0, 0x00,
	0x38A1, 0xA0,
	0x38A2, 0x00,
	0x38A3, 0xA0,
	0x38A4, 0x00,
	0x38A5, 0xA0,
	0x38A6, 0x00,
	0x38A7, 0xA0,
	0x38A8, 0x01,
	0x38A9, 0xE0,
	0x38AA, 0x01,
	0x38AB, 0xE0,
	0x38AC, 0x01,
	0x38AD, 0xE0,
	0x38AE, 0x01,
	0x38AF, 0xE0,
	0x38D0, 0x00,
	0x38D1, 0x60,
	0x38D2, 0x01,
	0x38D3, 0x40,
	0x38F0, 0x00,
	0x38F1, 0x00,
	0x38F2, 0x00,
	0x38F3, 0x00,
	0x38F4, 0x00,
	0x38F5, 0x00,
	0x38F6, 0x00,
	0x38F7, 0x00,
	0x39AC, 0x01,
	0x97C0, 0x02,
	0x97C1, 0x30,
	/*Integration Setting*/
	0x0202, 0x03,
	0x0203, 0xE8,
	0x0224, 0x01,
	0x0225, 0xF4,
	/*Gain Setting*/
	0x0204, 0x13,
	0x0205, 0x34,
	0x020E, 0x01,
	0x020F, 0x00,
	0x0216, 0x00,
	0x0217, 0x00,
	0x0218, 0x01,
	0x0219, 0x00,
	0x3176, 0x01,
	0x3177, 0x00,
	/*DCGHDR Setting*/
	0x3181, 0x00,
	0x3182, 0x04,
	/*PHASE PIX Output Data Setting*/
	0x3979, 0x00,
	0x397B, 0x02,
	0x397C, 0x01,
	/*PDAF TYPE2 Setting*/
	0x3103, 0x00,
	/*DCG+VS Setting*/
	0x3014, 0x00,
	0x31C0, 0x00,
	0x31C2, 0x00,
	0x31C3, 0x00,
	0x31C4, 0x00,
	/*EAE-Bracketing Setting*/
	0x0E00, 0x00,
	/*PHASE PIX1 VCID Setting*/
	0x30A4, 0x00,
	0x30C6, 0x01,
	0x30D6, 0x02,
	0x30F2, 0x01,
	/*PHASE PIX1 data type Setting*/
	0x30A5, 0x30,
	0x30C7, 0x30,
	0x30D7, 0x30,
	/*PHASE PIX2 VCID Setting*/
	0x30A6, 0x00,
	0x30C8, 0x01,
	0x30F3, 0x01,
	/*PHASE PIX2 data type Setting*/
	0x30A7, 0x30,
	0x30C9, 0x30,
	/*PDAF TYPE2 VCID Setting*/
	0x30A2, 0x00,
	0x30C4, 0x01,
	0x30D4, 0x02,
	0x30F1, 0x01,
	/*PDAF TYPE2 data type Setting*/
	0x30A3, 0x30,
	0x30C5, 0x30,
	0x30D5, 0x30,
	/*V2 OB default setting*/
	0x38A0, 0x00,
	0x38A1, 0xA0,
	0x38A2, 0x00,
	0x38A3, 0xA0,
	0x38A4, 0x00,
	0x38A5, 0xA0,
	0x38A6, 0x00,
	0x38A7, 0xA0,
	0x38D0, 0x00,
	0x38D1, 0x60,
	0x3B00, 0x00,
	0x3B01, 0x00,
	0x3B08, 0x00,
	0x3B09, 0x00,
	0x38A8, 0x01,
	0x38A9, 0xE0,
	0x38AA, 0x01,
	0x38AB, 0xE0,
	0x38AC, 0x01,
	0x38AD, 0xE0,
	0x38AE, 0x01,
	0x38AF, 0xE0,
	0x38D2, 0x01,
	0x38D3, 0x40,
	0x3B02, 0x00,
	0x3B03, 0x00,
	0x3B0A, 0x00,
	0x3B0B, 0x00,
};

static u16 imx09a_custom7_setting[] = {
	/*reg_L2-S1*/
	/*4096x3072 @30FPS Full(Quad Bayer)-Crop All-PD LBMF_manual VB_MAX, LB-MF LUTA*/
	/*MIPI output setting*/
	0x0112, 0x0A,
	0x0113, 0x0A,
	0x0114, 0x02,
	/*Line Length PCK Setting*/
	0x0342, 0x24,
	0x0343, 0xD0,
	0x3850, 0x00,
	0x3851, 0x4E,
	/*Frame Length Lines Setting*/
	0x0340, 0x28,
	0x0341, 0x3A,
	/*ROI Setting*/
	0x0344, 0x08,
	0x0345, 0x00,
	0x0346, 0x06,
	0x0347, 0x00,
	0x0348, 0x17,
	0x0349, 0xFF,
	0x034A, 0x11,
	0x034B, 0xFF,
	/*Mode Setting*/
	0x0900, 0x00,
	0x0901, 0x11,
	0x0902, 0x02,
	0x3005, 0x00,
	0x3006, 0x00,
	0x3140, 0x0A,
	0x3144, 0x00,
	0x3146, 0x00,
	0x3148, 0x00,
	0x3180, 0x00,
	0x3188, 0x00,
	0x3190, 0x00,
	0x31E4, 0x01,
	0x31E5, 0x01,
	0x320B, 0x00,
	/*Digital Crop & Scaling*/
	0x0408, 0x00,
	0x0409, 0x00,
	0x040A, 0x00,
	0x040B, 0x00,
	0x040C, 0x10,
	0x040D, 0x00,
	0x040E, 0x0C,
	0x040F, 0x00,
	/*Output Size Setting*/
	0x034C, 0x10,
	0x034D, 0x00,
	0x034E, 0x0C,
	0x034F, 0x00,
	/*Clock Setting*/
	0x0301, 0x06,
	0x0303, 0x02,
	0x0305, 0x02,
	0x0306, 0x00,
	0x0307, 0xB7,
	0x030B, 0x01,
	0x030D, 0x18,
	0x030E, 0x08,
	0x030F, 0x9B,
	/*Other Setting*/
	0x3104, 0x01,
	0x3205, 0x00,
	0x3206, 0x01,
	0x3211, 0x01,
	0x3855, 0x01,
	0x38A0, 0x00,
	0x38A1, 0x8A,
	0x38A2, 0x00,
	0x38A3, 0x8A,
	0x38A4, 0x00,
	0x38A5, 0x8A,
	0x38A6, 0x00,
	0x38A7, 0x8A,
	0x38A8, 0x02,
	0x38A9, 0xB4,
	0x38AA, 0x02,
	0x38AB, 0xB4,
	0x38AC, 0x02,
	0x38AD, 0xB4,
	0x38AE, 0x02,
	0x38AF, 0xB4,
	0x38D0, 0x01,
	0x38D1, 0xBC,
	0x38D2, 0x03,
	0x38D3, 0xC2,
	0x38F0, 0x00,
	0x38F1, 0x00,
	0x38F2, 0x00,
	0x38F3, 0x00,
	0x38F4, 0x00,
	0x38F5, 0x00,
	0x38F6, 0x00,
	0x38F7, 0x00,
	0x39AC, 0x01,
	0x97C0, 0x02,
	0x97C1, 0x30,
	/*Integration Setting*/
	0x0202, 0x03,
	0x0203, 0xE8,
	0x0224, 0x01,
	0x0225, 0xF4,
	/*Gain Setting*/
	0x0204, 0x00,
	0x0205, 0x00,
	0x020E, 0x01,
	0x020F, 0x00,
	0x0216, 0x00,
	0x0217, 0x00,
	0x0218, 0x01,
	0x0219, 0x00,
	0x3176, 0x01,
	0x3177, 0x00,
	/*DCGHDR Setting*/
	0x3181, 0x00,
	0x3182, 0x04,
	/*PHASE PIX Output Data Setting*/
	0x3979, 0x00,
	0x397B, 0x02,
	0x397C, 0x01,
	/*PDAF TYPE2 Setting*/
	0x3103, 0x00,
	/*DCG+VS Setting*/
	0x3014, 0x00,
	0x31C0, 0x00,
	0x31C2, 0x00,
	0x31C3, 0x00,
	0x31C4, 0x00,
	/*EAE-Bracketing Setting*/
	0x0E00, 0x02,
	0x0E01, 0x03,
	0x0E02, 0x00,
	0x0E03, 0x00,
	0x0E04, 0x0F,
	0x0E05, 0x30,
	0x0E06, 0xF7,
	0x0E07, 0xFF,
	0x0E08, 0x03,
	0x0E20, 0x13,
	0x0E21, 0xC8,
	0x0E22, 0x00,
	0x0E23, 0x00,
	0x0E24, 0x01,
	0x0E25, 0x00,
	0x0E28, 0x14,
	0x0E29, 0x08,
	0x0E2A, 0x00,
	0x0E2B, 0x2B,
	0x0E2C, 0x00,
	0x0E34, 0x00,
	0x0E35, 0x30,
	0x0E36, 0x00,
	0x0E37, 0x30,
	0x0E3C, 0x00,
	0x0E60, 0x13,
	0x0E61, 0xC8,
	0x0E62, 0x00,
	0x0E63, 0x00,
	0x0E64, 0x01,
	0x0E65, 0x00,
	0x0E68, 0x14,
	0x0E69, 0x08,
	0x0E6A, 0x01,
	0x0E6B, 0x2B,
	0x0E6C, 0x00,
	0x0E74, 0x01,
	0x0E75, 0x30,
	0x0E76, 0x01,
	0x0E77, 0x30,
	0x0E7C, 0x00,
	0x31B0, 0x00,
	0x31B1, 0x00,
	0x31B7, 0x04,
	/*PHASE PIX1 VCID Setting*/
	0x30A4, 0x00,
	0x30C6, 0x01,
	0x30D6, 0x02,
	0x30F2, 0x01,
	/*PHASE PIX1 data type Setting*/
	0x30A5, 0x30,
	0x30C7, 0x30,
	0x30D7, 0x30,
	/*PHASE PIX2 VCID Setting*/
	0x30A6, 0x00,
	0x30C8, 0x01,
	0x30F3, 0x01,
	/*PHASE PIX2 data type Setting*/
	0x30A7, 0x30,
	0x30C9, 0x30,
	/*PDAF TYPE2 VCID Setting*/
	0x30A2, 0x00,
	0x30C4, 0x01,
	0x30D4, 0x02,
	0x30F1, 0x01,
	/*PDAF TYPE2 data type Setting*/
	0x30A3, 0x30,
	0x30C5, 0x30,
	0x30D5, 0x30,
	/*F2-S1 OB default setting*/
	0x38A0, 0x00,
	0x38A1, 0x8A,
	0x38A2, 0x00,
	0x38A3, 0x8A,
	0x38A4, 0x00,
	0x38A5, 0x8A,
	0x38A6, 0x00,
	0x38A7, 0x8A,
	0x38D0, 0x01,
	0x38D1, 0xBC,
	0x3B00, 0x00,
	0x3B01, 0x00,
	0x3B08, 0x00,
	0x3B09, 0x00,
	0x38A8, 0x02,
	0x38A9, 0xB4,
	0x38AA, 0x02,
	0x38AB, 0xB4,
	0x38AC, 0x02,
	0x38AD, 0xB4,
	0x38AE, 0x02,
	0x38AF, 0xB4,
	0x38D2, 0x03,
	0x38D3, 0xC2,
	0x3B02, 0x00,
	0x3B03, 0x00,
	0x3B0A, 0x00,
	0x3B0B, 0x00,
};

static u16 imx09a_custom8_setting[] = {
	/*reg_B4*/
	/*1152x864 @30FPS QBIN(VBIN)-Crop VB_MAX*/
	/*MIPI output setting*/
	0x0112, 0x0A,
	0x0113, 0x0A,
	0x0114, 0x02,
	/*Line Length PCK Setting*/
	0x0342, 0x1D,
	0x0343, 0x60,
	0x3850, 0x00,
	0x3851, 0x3E,
	/*Frame Length Lines Setting*/
	0x0340, 0x32,
	0x0341, 0x64,
	/*ROI Setting*/
	0x0344, 0x00,
	0x0345, 0x00,
	0x0346, 0x08,
	0x0347, 0xA0,
	0x0348, 0x1F,
	0x0349, 0xFF,
	0x034A, 0x0F,
	0x034B, 0x5F,
	/*Mode Setting*/
	0x0900, 0x01,
	0x0901, 0x22,
	0x0902, 0x00,
	0x3005, 0x02,
	0x3006, 0x02,
	0x3140, 0x0A,
	0x3144, 0x00,
	0x3146, 0x00,
	0x3148, 0x04,
	0x3180, 0x00,
	0x3188, 0x00,
	0x3190, 0x00,
	0x31E4, 0x41,
	0x31E5, 0x41,
	0x320B, 0x00,
	/*Digital Crop & Scaling*/
	0x0408, 0x05,
	0x0409, 0xC0,
	0x040A, 0x00,
	0x040B, 0x00,
	0x040C, 0x04,
	0x040D, 0x80,
	0x040E, 0x03,
	0x040F, 0x60,
	/*Output Size Setting*/
	0x034C, 0x04,
	0x034D, 0x80,
	0x034E, 0x03,
	0x034F, 0x60,
	/*Clock Setting*/
	0x0301, 0x06,
	0x0303, 0x02,
	0x0305, 0x02,
	0x0306, 0x00,
	0x0307, 0xB7,
	0x030B, 0x04,
	0x030D, 0x18,
	0x030E, 0x0B,
	0x030F, 0x78,
	/*Other Setting*/
	0x3104, 0x01,
	0x3205, 0x00,
	0x3206, 0x01,
	0x3211, 0x01,
	0x3855, 0x00,
	0x38A0, 0x00,
	0x38A1, 0xF2,
	0x38A2, 0x00,
	0x38A3, 0xF2,
	0x38A4, 0x00,
	0x38A5, 0xF2,
	0x38A6, 0x00,
	0x38A7, 0xF2,
	0x38A8, 0x00,
	0x38A9, 0x50,
	0x38AA, 0x00,
	0x38AB, 0x50,
	0x38AC, 0x00,
	0x38AD, 0x50,
	0x38AE, 0x00,
	0x38AF, 0x50,
	0x38D0, 0x02,
	0x38D1, 0x7E,
	0x38D2, 0x00,
	0x38D3, 0xAE,
	0x38F0, 0x00,
	0x38F1, 0x00,
	0x38F2, 0x00,
	0x38F3, 0x00,
	0x38F4, 0x00,
	0x38F5, 0x00,
	0x38F6, 0x00,
	0x38F7, 0x00,
	0x39AC, 0x01,
	0x97C0, 0x02,
	0x97C1, 0x30,
	/*Integration Setting*/
	0x0202, 0x03,
	0x0203, 0xE8,
	0x0224, 0x01,
	0x0225, 0xF4,
	/*Gain Setting*/
	0x0204, 0x13,
	0x0205, 0x34,
	0x020E, 0x01,
	0x020F, 0x00,
	0x0216, 0x00,
	0x0217, 0x00,
	0x0218, 0x01,
	0x0219, 0x00,
	0x3176, 0x01,
	0x3177, 0x00,
	/*DCGHDR Setting*/
	0x3181, 0x00,
	0x3182, 0x04,
	/*PHASE PIX Output Data Setting*/
	0x3979, 0x00,
	0x397B, 0x02,
	0x397C, 0x01,
	/*PDAF TYPE2 Setting*/
	0x3103, 0x00,
	/*DCG+VS Setting*/
	0x3014, 0x00,
	0x31C0, 0x00,
	0x31C2, 0x00,
	0x31C3, 0x00,
	0x31C4, 0x00,
	/*EAE-Bracketing Setting*/
	0x0E00, 0x00,
	/*PHASE PIX1 VCID Setting*/
	0x30A4, 0x00,
	0x30C6, 0x01,
	0x30D6, 0x02,
	0x30F2, 0x01,
	/*PHASE PIX1 data type Setting*/
	0x30A5, 0x30,
	0x30C7, 0x30,
	0x30D7, 0x30,
	/*PHASE PIX2 VCID Setting*/
	0x30A6, 0x00,
	0x30C8, 0x01,
	0x30F3, 0x01,
	/*PHASE PIX2 data type Setting*/
	0x30A7, 0x30,
	0x30C9, 0x30,
	/*PDAF TYPE2 VCID Setting*/
	0x30A2, 0x00,
	0x30C4, 0x01,
	0x30D4, 0x02,
	0x30F1, 0x01,
	/*PDAF TYPE2 data type Setting*/
	0x30A3, 0x30,
	0x30C5, 0x30,
	0x30D5, 0x30,
	/*B1-S1 OB tuned setting*/
	0x38A0, 0x02,
	0x38A1, 0x18,
	0x38A2, 0x00,
	0x38A3, 0xD4,
	0x38A4, 0x02,
	0x38A5, 0xA0,
	0x38A6, 0x00,
	0x38A7, 0xF2,
	0x38D0, 0x01,
	0x38D1, 0xCC,
	0x3B00, 0x01,
	0x3B01, 0x00,
	0x3B08, 0x00,
	0x3B09, 0x00,
	0x38A8, 0x00,
	0x38A9, 0xC2,
	0x38AA, 0x00,
	0x38AB, 0x80,
	0x38AC, 0x02,
	0x38AD, 0xA0,
	0x38AE, 0x00,
	0x38AF, 0xF2,
	0x38D2, 0x00,
	0x38D3, 0xB6,
	0x3B02, 0x01,
	0x3B03, 0x0C,
	0x3B0A, 0x00,
	0x3B0B, 0x00,
};

static u16 imx09a_custom9_setting[] = {
	/*reg_G1-S2*/
	/*4096x2560 @30FPS QBIN(VBIN) DCG(RAW) DirectMode VB_MAX, HSG*/
	/*MIPI output setting*/
	0x0112, 0x0A,
	0x0113, 0x0A,
	0x0114, 0x02,
	/*Line Length PCK Setting*/
	0x0342, 0x38,
	0x0343, 0xE0,
	0x3850, 0x00,
	0x3851, 0x78,
	/*Frame Length Lines Setting*/
	0x0340, 0x1A,
	0x0341, 0x08,
	/*ROI Setting*/
	0x0344, 0x00,
	0x0345, 0x00,
	0x0346, 0x02,
	0x0347, 0x00,
	0x0348, 0x1F,
	0x0349, 0xFF,
	0x034A, 0x15,
	0x034B, 0xFF,
	/*Mode Setting*/
	0x0900, 0x01,
	0x0901, 0x22,
	0x0902, 0x00,
	0x3005, 0x02,
	0x3006, 0x04,
	0x3140, 0x0A,
	0x3144, 0x00,
	0x3146, 0x00,
	0x3148, 0x04,
	0x3180, 0x01,
	0x3188, 0x00,
	0x3190, 0x00,
	0x31E4, 0x41,
	0x31E5, 0x41,
	0x320B, 0x00,
	/*Digital Crop & Scaling*/
	0x0408, 0x00,
	0x0409, 0x00,
	0x040A, 0x00,
	0x040B, 0x00,
	0x040C, 0x10,
	0x040D, 0x00,
	0x040E, 0x0A,
	0x040F, 0x00,
	/*Output Size Setting*/
	0x034C, 0x10,
	0x034D, 0x00,
	0x034E, 0x0A,
	0x034F, 0x00,
	/*Clock Setting*/
	0x0301, 0x06,
	0x0303, 0x02,
	0x0305, 0x02,
	0x0306, 0x00,
	0x0307, 0xB7,
	0x030B, 0x02,
	0x030D, 0x18,
	0x030E, 0x0E,
	0x030F, 0x6B,
	/*Other Setting*/
	0x3104, 0x01,
	0x3205, 0x00,
	0x3206, 0x01,
	0x3211, 0x01,
	0x3855, 0x00,
	0x38A0, 0x00,
	0x38A1, 0x54,
	0x38A2, 0x00,
	0x38A3, 0x54,
	0x38A4, 0x00,
	0x38A5, 0x54,
	0x38A6, 0x00,
	0x38A7, 0x54,
	0x38A8, 0x00,
	0x38A9, 0x54,
	0x38AA, 0x00,
	0x38AB, 0x54,
	0x38AC, 0x00,
	0x38AD, 0x54,
	0x38AE, 0x00,
	0x38AF, 0x54,
	0x38D0, 0x02,
	0x38D1, 0x68,
	0x38D2, 0x02,
	0x38D3, 0x68,
	0x38F0, 0x00,
	0x38F1, 0x00,
	0x38F2, 0x00,
	0x38F3, 0x00,
	0x38F4, 0x00,
	0x38F5, 0x00,
	0x38F6, 0x00,
	0x38F7, 0x00,
	0x39AC, 0x01,
	0x97C0, 0x02,
	0x97C1, 0x30,
	/*Integration Setting*/
	0x0202, 0x03,
	0x0203, 0xE8,
	0x0224, 0x01,
	0x0225, 0xF4,
	/*Gain Setting*/
	0x0204, 0x3D,
	0x0205, 0x34,
	0x020E, 0x01,
	0x020F, 0x00,
	0x0216, 0x13,
	0x0217, 0x40,
	0x0218, 0x01,
	0x0219, 0x00,
	0x3176, 0x01,
	0x3177, 0x00,
	/*DCGHDR Setting*/
	0x3181, 0x01,
	0x3182, 0x04,
	/*PHASE PIX Output Data Setting*/
	0x3979, 0x00,
	0x397B, 0x02,
	0x397C, 0x01,
	/*PDAF TYPE2 Setting*/
	0x3103, 0x02,
	/*DCG+VS Setting*/
	0x3014, 0x00,
	0x31C0, 0x00,
	0x31C2, 0x00,
	0x31C3, 0x00,
	0x31C4, 0x00,
	/*EAE-Bracketing Setting*/
	0x0E00, 0x00,
	/*PHASE PIX1 VCID Setting*/
	0x30A4, 0x00,
	0x30C6, 0x01,
	0x30D6, 0x02,
	0x30F2, 0x01,
	/*PHASE PIX1 data type Setting*/
	0x30A5, 0x30,
	0x30C7, 0x30,
	0x30D7, 0x30,
	/*PHASE PIX2 VCID Setting*/
	0x30A6, 0x00,
	0x30C8, 0x01,
	0x30F3, 0x01,
	/*PHASE PIX2 data type Setting*/
	0x30A7, 0x30,
	0x30C9, 0x30,
	/*PDAF TYPE2 VCID Setting*/
	0x30A2, 0x00,
	0x30C4, 0x01,
	0x30D4, 0x02,
	0x30F1, 0x01,
	/*PDAF TYPE2 data type Setting*/
	0x30A3, 0x30,
	0x30C5, 0x30,
	0x30D5, 0x30,
	/*HDR MIPI output setting*/
	0x319A, 0x0A,
	0x319B, 0x0A,
	/*G1-S2 OB tuned setting*/
	0x38A0, 0x00,
	0x38A1, 0xD8,
	0x38A2, 0x00,
	0x38A3, 0xD8,
	0x38A4, 0x00,
	0x38A5, 0xD8,
	0x38A6, 0x00,
	0x38A7, 0xD8,
	0x38D0, 0x01,
	0x38D1, 0xCE,
	0x3B00, 0x01,
	0x3B01, 0x10,
	0x3B08, 0x01,
	0x3B09, 0x10,
	0x38A8, 0x00,
	0x38A9, 0xD8,
	0x38AA, 0x00,
	0x38AB, 0xD8,
	0x38AC, 0x00,
	0x38AD, 0xD8,
	0x38AE, 0x00,
	0x38AF, 0xD8,
	0x38D2, 0x01,
	0x38D3, 0xCE,
	0x3B02, 0x01,
	0x3B03, 0x10,
	0x3B0A, 0x01,
	0x3B0B, 0x10,
};

static u16 imx09a_custom10_setting[] = {
	/*reg_G3*/
	/*4096x2304 @60FPS QBIN(VBIN) DCG(RAW) DirectMode VB_MAX, HSG*/
	/*MIPI output setting*/
	0x0112, 0x0A,
	0x0113, 0x0A,
	0x0114, 0x02,
	/*Line Length PCK Setting*/
	0x0342, 0x38,
	0x0343, 0xE0,
	0x3850, 0x00,
	0x3851, 0x78,
	/*Frame Length Lines Setting*/
	0x0340, 0x0D,
	0x0341, 0x04,
	/*ROI Setting*/
	0x0344, 0x00,
	0x0345, 0x00,
	0x0346, 0x03,
	0x0347, 0x00,
	0x0348, 0x1F,
	0x0349, 0xFF,
	0x034A, 0x14,
	0x034B, 0xFF,
	/*Mode Setting*/
	0x0900, 0x01,
	0x0901, 0x22,
	0x0902, 0x00,
	0x3005, 0x02,
	0x3006, 0x04,
	0x3140, 0x0A,
	0x3144, 0x00,
	0x3146, 0x00,
	0x3148, 0x04,
	0x3180, 0x01,
	0x3188, 0x00,
	0x3190, 0x00,
	0x31E4, 0x41,
	0x31E5, 0x41,
	0x320B, 0x00,
	/*Digital Crop & Scaling*/
	0x0408, 0x00,
	0x0409, 0x00,
	0x040A, 0x00,
	0x040B, 0x00,
	0x040C, 0x10,
	0x040D, 0x00,
	0x040E, 0x09,
	0x040F, 0x00,
	/*Output Size Setting*/
	0x034C, 0x10,
	0x034D, 0x00,
	0x034E, 0x09,
	0x034F, 0x00,
	/*Clock Setting*/
	0x0301, 0x06,
	0x0303, 0x02,
	0x0305, 0x02,
	0x0306, 0x00,
	0x0307, 0xB7,
	0x030B, 0x02,
	0x030D, 0x18,
	0x030E, 0x0E,
	0x030F, 0x4E,
	/*Other Setting*/
	0x3104, 0x01,
	0x3205, 0x00,
	0x3206, 0x01,
	0x3211, 0x01,
	0x3855, 0x00,
	0x38A0, 0x00,
	0x38A1, 0x54,
	0x38A2, 0x00,
	0x38A3, 0x54,
	0x38A4, 0x00,
	0x38A5, 0x54,
	0x38A6, 0x00,
	0x38A7, 0x54,
	0x38A8, 0x00,
	0x38A9, 0x54,
	0x38AA, 0x00,
	0x38AB, 0x54,
	0x38AC, 0x00,
	0x38AD, 0x54,
	0x38AE, 0x00,
	0x38AF, 0x54,
	0x38D0, 0x02,
	0x38D1, 0x68,
	0x38D2, 0x02,
	0x38D3, 0x68,
	0x38F0, 0x00,
	0x38F1, 0x00,
	0x38F2, 0x00,
	0x38F3, 0x00,
	0x38F4, 0x00,
	0x38F5, 0x00,
	0x38F6, 0x00,
	0x38F7, 0x00,
	0x39AC, 0x01,
	0x97C0, 0x02,
	0x97C1, 0x30,
	/*Integration Setting*/
	0x0202, 0x03,
	0x0203, 0xE8,
	0x0224, 0x01,
	0x0225, 0xF4,
	/*Gain Setting*/
	0x0204, 0x3D,
	0x0205, 0x34,
	0x020E, 0x01,
	0x020F, 0x00,
	0x0216, 0x13,
	0x0217, 0x40,
	0x0218, 0x01,
	0x0219, 0x00,
	0x3176, 0x01,
	0x3177, 0x00,
	/*DCGHDR Setting*/
	0x3181, 0x01,
	0x3182, 0x04,
	/*PHASE PIX Output Data Setting*/
	0x3979, 0x00,
	0x397B, 0x02,
	0x397C, 0x01,
	/*PDAF TYPE2 Setting*/
	0x3103, 0x02,
	/*DCG+VS Setting*/
	0x3014, 0x00,
	0x31C0, 0x00,
	0x31C2, 0x00,
	0x31C3, 0x00,
	0x31C4, 0x00,
	/*EAE-Bracketing Setting*/
	0x0E00, 0x00,
	/*PHASE PIX1 VCID Setting*/
	0x30A4, 0x00,
	0x30C6, 0x01,
	0x30D6, 0x02,
	0x30F2, 0x01,
	/*PHASE PIX1 data type Setting*/
	0x30A5, 0x30,
	0x30C7, 0x30,
	0x30D7, 0x30,
	/*PHASE PIX2 VCID Setting*/
	0x30A6, 0x00,
	0x30C8, 0x01,
	0x30F3, 0x01,
	/*PHASE PIX2 data type Setting*/
	0x30A7, 0x30,
	0x30C9, 0x30,
	/*PDAF TYPE2 VCID Setting*/
	0x30A2, 0x00,
	0x30C4, 0x01,
	0x30D4, 0x02,
	0x30F1, 0x01,
	/*PDAF TYPE2 data type Setting*/
	0x30A3, 0x30,
	0x30C5, 0x30,
	0x30D5, 0x30,
	/*HDR MIPI output setting*/
	0x319A, 0x0A,
	0x319B, 0x0A,
	/*G1-S2 OB tuned setting*/
	0x38A0, 0x00,
	0x38A1, 0xD8,
	0x38A2, 0x00,
	0x38A3, 0xD8,
	0x38A4, 0x00,
	0x38A5, 0xD8,
	0x38A6, 0x00,
	0x38A7, 0xD8,
	0x38D0, 0x01,
	0x38D1, 0xCE,
	0x3B00, 0x01,
	0x3B01, 0x10,
	0x3B08, 0x01,
	0x3B09, 0x10,
	0x38A8, 0x00,
	0x38A9, 0xD8,
	0x38AA, 0x00,
	0x38AB, 0xD8,
	0x38AC, 0x00,
	0x38AD, 0xD8,
	0x38AE, 0x00,
	0x38AF, 0xD8,
	0x38D2, 0x01,
	0x38D3, 0xCE,
	0x3B02, 0x01,
	0x3B03, 0x10,
	0x3B0A, 0x01,
	0x3B0B, 0x10,
};

static u16 imx09a_custom11_setting[] = {
	/*reg_B3*/
	/*2112x1584 @30FPS QBIN(VBIN)-Crop VB_MAX*/
	/*MIPI output setting*/
	0x0112, 0x0A,
	0x0113, 0x0A,
	0x0114, 0x02,
	/*Line Length PCK Setting*/
	0x0342, 0x1D,
	0x0343, 0x60,
	0x3850, 0x00,
	0x3851, 0x3E,
	/*Frame Length Lines Setting*/
	0x0340, 0x32,
	0x0341, 0x64,
	/*ROI Setting*/
	0x0344, 0x00,
	0x0345, 0x00,
	0x0346, 0x05,
	0x0347, 0xC0,
	0x0348, 0x1F,
	0x0349, 0xFF,
	0x034A, 0x12,
	0x034B, 0x3F,
	/*Mode Setting*/
	0x0900, 0x01,
	0x0901, 0x22,
	0x0902, 0x00,
	0x3005, 0x02,
	0x3006, 0x02,
	0x3140, 0x0A,
	0x3144, 0x00,
	0x3146, 0x00,
	0x3148, 0x04,
	0x3180, 0x00,
	0x3188, 0x00,
	0x3190, 0x00,
	0x31E4, 0x41,
	0x31E5, 0x41,
	0x320B, 0x00,
	/*Digital Crop & Scaling*/
	0x0408, 0x03,
	0x0409, 0xE0,
	0x040A, 0x00,
	0x040B, 0x08,
	0x040C, 0x08,
	0x040D, 0x40,
	0x040E, 0x06,
	0x040F, 0x30,
	/*Output Size Setting*/
	0x034C, 0x08,
	0x034D, 0x40,
	0x034E, 0x06,
	0x034F, 0x30,
	/*Clock Setting*/
	0x0301, 0x06,
	0x0303, 0x02,
	0x0305, 0x02,
	0x0306, 0x00,
	0x0307, 0xB7,
	0x030B, 0x02,
	0x030D, 0x18,
	0x030E, 0x08,
	0x030F, 0x74,
	/*Other Setting*/
	0x3104, 0x01,
	0x3205, 0x00,
	0x3206, 0x01,
	0x3211, 0x01,
	0x3855, 0x00,
	0x38A0, 0x00,
	0x38A1, 0xF2,
	0x38A2, 0x00,
	0x38A3, 0xF2,
	0x38A4, 0x00,
	0x38A5, 0xF2,
	0x38A6, 0x00,
	0x38A7, 0xF2,
	0x38A8, 0x00,
	0x38A9, 0x50,
	0x38AA, 0x00,
	0x38AB, 0x50,
	0x38AC, 0x00,
	0x38AD, 0x50,
	0x38AE, 0x00,
	0x38AF, 0x50,
	0x38D0, 0x02,
	0x38D1, 0x7E,
	0x38D2, 0x00,
	0x38D3, 0xAE,
	0x38F0, 0x00,
	0x38F1, 0x00,
	0x38F2, 0x00,
	0x38F3, 0x00,
	0x38F4, 0x00,
	0x38F5, 0x00,
	0x38F6, 0x00,
	0x38F7, 0x00,
	0x39AC, 0x01,
	0x97C0, 0x02,
	0x97C1, 0x30,
	/*Integration Setting*/
	0x0202, 0x03,
	0x0203, 0xE8,
	0x0224, 0x01,
	0x0225, 0xF4,
	/*Gain Setting*/
	0x0204, 0x13,
	0x0205, 0x34,
	0x020E, 0x01,
	0x020F, 0x00,
	0x0216, 0x00,
	0x0217, 0x00,
	0x0218, 0x01,
	0x0219, 0x00,
	0x3176, 0x01,
	0x3177, 0x00,
	/*DCGHDR Setting*/
	0x3181, 0x00,
	0x3182, 0x04,
	/*PHASE PIX Output Data Setting*/
	0x3979, 0x00,
	0x397B, 0x02,
	0x397C, 0x01,
	/*PDAF TYPE2 Setting*/
	0x3103, 0x00,
	/*DCG+VS Setting*/
	0x3014, 0x00,
	0x31C0, 0x00,
	0x31C2, 0x00,
	0x31C3, 0x00,
	0x31C4, 0x00,
	/*EAE-Bracketing Setting*/
	0x0E00, 0x00,
	/*PHASE PIX1 VCID Setting*/
	0x30A4, 0x00,
	0x30C6, 0x01,
	0x30D6, 0x02,
	0x30F2, 0x01,
	/*PHASE PIX1 data type Setting*/
	0x30A5, 0x30,
	0x30C7, 0x30,
	0x30D7, 0x30,
	/*PHASE PIX2 VCID Setting*/
	0x30A6, 0x00,
	0x30C8, 0x01,
	0x30F3, 0x01,
	/*PHASE PIX2 data type Setting*/
	0x30A7, 0x30,
	0x30C9, 0x30,
	/*PDAF TYPE2 VCID Setting*/
	0x30A2, 0x00,
	0x30C4, 0x01,
	0x30D4, 0x02,
	0x30F1, 0x01,
	/*PDAF TYPE2 data type Setting*/
	0x30A3, 0x30,
	0x30C5, 0x30,
	0x30D5, 0x30,
	/*B1-S1 OB tuned setting*/
	0x38A0, 0x02,
	0x38A1, 0x18,
	0x38A2, 0x00,
	0x38A3, 0xD4,
	0x38A4, 0x02,
	0x38A5, 0xA0,
	0x38A6, 0x00,
	0x38A7, 0xF2,
	0x38D0, 0x01,
	0x38D1, 0xCC,
	0x3B00, 0x01,
	0x3B01, 0x00,
	0x3B08, 0x00,
	0x3B09, 0x00,
	0x38A8, 0x00,
	0x38A9, 0xC2,
	0x38AA, 0x00,
	0x38AB, 0x80,
	0x38AC, 0x02,
	0x38AD, 0xA0,
	0x38AE, 0x00,
	0x38AF, 0xF2,
	0x38D2, 0x00,
	0x38D3, 0xB6,
	0x3B02, 0x01,
	0x3B03, 0x0C,
	0x3B0A, 0x00,
	0x3B0B, 0x00,
};

static u16 imx09a_custom12_setting[] = {
	/*reg_F1-S1*/
	/*8192x6144 @30FPS Full(RAW) All-PD VB_MAX*/
	/*MIPI output setting*/
	0x0112, 0x0A,
	0x0113, 0x0A,
	0x0114, 0x02,
	/*Line Length PCK Setting*/
	0x0342, 0x2D,
	0x0343, 0x70,
	0x3850, 0x00,
	0x3851, 0x60,
	/*Frame Length Lines Setting*/
	0x0340, 0x20,
	0x0341, 0x8C,
	/*ROI Setting*/
	0x0344, 0x00,
	0x0345, 0x00,
	0x0346, 0x00,
	0x0347, 0x00,
	0x0348, 0x1F,
	0x0349, 0xFF,
	0x034A, 0x17,
	0x034B, 0xFF,
	/*Mode Setting*/
	0x0900, 0x00,
	0x0901, 0x11,
	0x0902, 0x02,
	0x3005, 0x00,
	0x3006, 0x00,
	0x3140, 0x0A,
	0x3144, 0x00,
	0x3146, 0x00,
	0x3148, 0x00,
	0x3180, 0x00,
	0x3188, 0x00,
	0x3190, 0x00,
	0x31E4, 0x01,
	0x31E5, 0x01,
	0x320B, 0x00,
	/*Digital Crop & Scaling*/
	0x0408, 0x00,
	0x0409, 0x00,
	0x040A, 0x00,
	0x040B, 0x00,
	0x040C, 0x20,
	0x040D, 0x00,
	0x040E, 0x18,
	0x040F, 0x00,
	/*Output Size Setting*/
	0x034C, 0x20,
	0x034D, 0x00,
	0x034E, 0x18,
	0x034F, 0x00,
	/*Clock Setting*/
	0x0301, 0x06,
	0x0303, 0x02,
	0x0305, 0x02,
	0x0306, 0x00,
	0x0307, 0xB7,
	0x030B, 0x01,
	0x030D, 0x18,
	0x030E, 0x08,
	0x030F, 0x9B,
	/*Other Setting*/
	0x3104, 0x01,
	0x3205, 0x00,
	0x3206, 0x01,
	0x3211, 0x01,
	0x3855, 0x01,
	0x38A0, 0x02,
	0x38A1, 0x40,
	0x38A2, 0x02,
	0x38A3, 0x40,
	0x38A4, 0x02,
	0x38A5, 0x40,
	0x38A6, 0x02,
	0x38A7, 0x40,
	0x38A8, 0x03,
	0x38A9, 0x00,
	0x38AA, 0x03,
	0x38AB, 0x00,
	0x38AC, 0x03,
	0x38AD, 0x00,
	0x38AE, 0x03,
	0x38AF, 0x00,
	0x38D0, 0x04,
	0x38D1, 0x68,
	0x38D2, 0x04,
	0x38D3, 0xC6,
	0x38F0, 0x00,
	0x38F1, 0x00,
	0x38F2, 0x00,
	0x38F3, 0x00,
	0x38F4, 0x00,
	0x38F5, 0x00,
	0x38F6, 0x00,
	0x38F7, 0x00,
	0x39AC, 0x01,
	0x97C0, 0x02,
	0x97C1, 0x30,
	/*Integration Setting*/
	0x0202, 0x03,
	0x0203, 0xE8,
	0x0224, 0x01,
	0x0225, 0xF4,
	/*Gain Setting*/
	0x0204, 0x00,
	0x0205, 0x00,
	0x020E, 0x01,
	0x020F, 0x00,
	0x0216, 0x00,
	0x0217, 0x00,
	0x0218, 0x01,
	0x0219, 0x00,
	0x3176, 0x01,
	0x3177, 0x00,
	/*DCGHDR Setting*/
	0x3181, 0x00,
	0x3182, 0x04,
	/*PHASE PIX Output Data Setting*/
	0x3979, 0x00,
	0x397B, 0x02,
	0x397C, 0x01,
	/*PDAF TYPE2 Setting*/
	0x3103, 0x00,
	/*DCG+VS Setting*/
	0x3014, 0x00,
	0x31C0, 0x00,
	0x31C2, 0x00,
	0x31C3, 0x00,
	0x31C4, 0x00,
	/*EAE-Bracketing Setting*/
	0x0E00, 0x00,
	/*PHASE PIX1 VCID Setting*/
	0x30A4, 0x00,
	0x30C6, 0x01,
	0x30D6, 0x02,
	0x30F2, 0x01,
	/*PHASE PIX1 data type Setting*/
	0x30A5, 0x30,
	0x30C7, 0x30,
	0x30D7, 0x30,
	/*PHASE PIX2 VCID Setting*/
	0x30A6, 0x00,
	0x30C8, 0x01,
	0x30F3, 0x01,
	/*PHASE PIX2 data type Setting*/
	0x30A7, 0x30,
	0x30C9, 0x30,
	/*PDAF TYPE2 VCID Setting*/
	0x30A2, 0x00,
	0x30C4, 0x01,
	0x30D4, 0x02,
	0x30F1, 0x01,
	/*PDAF TYPE2 data type Setting*/
	0x30A3, 0x30,
	0x30C5, 0x30,
	0x30D5, 0x30,
	/*F1-S1 OB default setting*/
	0x38A0, 0x02,
	0x38A1, 0x40,
	0x38A2, 0x02,
	0x38A3, 0x40,
	0x38A4, 0x02,
	0x38A5, 0x40,
	0x38A6, 0x02,
	0x38A7, 0x40,
	0x38D0, 0x04,
	0x38D1, 0x68,
	0x3B00, 0x00,
	0x3B01, 0x00,
	0x3B08, 0x00,
	0x3B09, 0x00,
	0x38A8, 0x03,
	0x38A9, 0x00,
	0x38AA, 0x03,
	0x38AB, 0x00,
	0x38AC, 0x03,
	0x38AD, 0x00,
	0x38AE, 0x03,
	0x38AF, 0x00,
	0x38D2, 0x04,
	0x38D3, 0xC6,
	0x3B02, 0x00,
	0x3B03, 0x00,
	0x3B0A, 0x00,
	0x3B0B, 0x00,
};

/* not use, same as mode0*/
static u16 imx09a_custom13_setting[] = {
	/*reg_B1-S1*/
	/*4096x3072 @30FPS QBIN(VBIN) VB_MAX*/
	/*MIPI output setting*/
	0x0112, 0x0A,
	0x0113, 0x0A,
	0x0114, 0x02,
	/*Line Length PCK Setting*/
	0x0342, 0x1D,
	0x0343, 0x60,
	0x3850, 0x00,
	0x3851, 0x3E,
	/*Frame Length Lines Setting*/
	0x0340, 0x32,
	0x0341, 0x64,
	/*ROI Setting*/
	0x0344, 0x00,
	0x0345, 0x00,
	0x0346, 0x00,
	0x0347, 0x00,
	0x0348, 0x1F,
	0x0349, 0xFF,
	0x034A, 0x17,
	0x034B, 0xFF,
	/*Mode Setting*/
	0x0900, 0x01,
	0x0901, 0x22,
	0x0902, 0x00,
	0x3005, 0x02,
	0x3006, 0x02,
	0x3140, 0x0A,
	0x3144, 0x00,
	0x3146, 0x00,
	0x3148, 0x04,
	0x3180, 0x00,
	0x3188, 0x00,
	0x3190, 0x00,
	0x31E4, 0x41,
	0x31E5, 0x41,
	0x320B, 0x00,
	/*Digital Crop & Scaling*/
	0x0408, 0x00,
	0x0409, 0x00,
	0x040A, 0x00,
	0x040B, 0x00,
	0x040C, 0x10,
	0x040D, 0x00,
	0x040E, 0x0C,
	0x040F, 0x00,
	/*Output Size Setting*/
	0x034C, 0x10,
	0x034D, 0x00,
	0x034E, 0x0C,
	0x034F, 0x00,
	/*Clock Setting*/
	0x0301, 0x06,
	0x0303, 0x02,
	0x0305, 0x02,
	0x0306, 0x00,
	0x0307, 0xB7,
	0x030B, 0x01,
	0x030D, 0x18,
	0x030E, 0x08,
	0x030F, 0x9B,
	/*Other Setting*/
	0x3104, 0x01,
	0x3205, 0x00,
	0x3206, 0x01,
	0x3211, 0x01,
	0x3855, 0x00,
	0x38A0, 0x00,
	0x38A1, 0xF2,
	0x38A2, 0x00,
	0x38A3, 0xF2,
	0x38A4, 0x00,
	0x38A5, 0xF2,
	0x38A6, 0x00,
	0x38A7, 0xF2,
	0x38A8, 0x00,
	0x38A9, 0x50,
	0x38AA, 0x00,
	0x38AB, 0x50,
	0x38AC, 0x00,
	0x38AD, 0x50,
	0x38AE, 0x00,
	0x38AF, 0x50,
	0x38D0, 0x02,
	0x38D1, 0x7E,
	0x38D2, 0x00,
	0x38D3, 0xAE,
	0x38F0, 0x00,
	0x38F1, 0x00,
	0x38F2, 0x00,
	0x38F3, 0x00,
	0x38F4, 0x00,
	0x38F5, 0x00,
	0x38F6, 0x00,
	0x38F7, 0x00,
	0x39AC, 0x01,
	0x97C0, 0x02,
	0x97C1, 0x30,
	/*Integration Setting*/
	0x0202, 0x03,
	0x0203, 0xE8,
	0x0224, 0x01,
	0x0225, 0xF4,
	/*Gain Setting*/
	0x0204, 0x13,
	0x0205, 0x34,
	0x020E, 0x01,
	0x020F, 0x00,
	0x0216, 0x00,
	0x0217, 0x00,
	0x0218, 0x01,
	0x0219, 0x00,
	0x3176, 0x01,
	0x3177, 0x00,
	/*DCGHDR Setting*/
	0x3181, 0x00,
	0x3182, 0x04,
	/*PHASE PIX Output Data Setting*/
	0x3979, 0x00,
	0x397B, 0x02,
	0x397C, 0x01,
	/*PDAF TYPE2 Setting*/
	0x3103, 0x00,
	/*DCG+VS Setting*/
	0x3014, 0x00,
	0x31C0, 0x00,
	0x31C2, 0x00,
	0x31C3, 0x00,
	0x31C4, 0x00,
	/*EAE-Bracketing Setting*/
	0x0E00, 0x00,
	/*PHASE PIX1 VCID Setting*/
	0x30A4, 0x00,
	0x30C6, 0x01,
	0x30D6, 0x02,
	0x30F2, 0x01,
	/*PHASE PIX1 data type Setting*/
	0x30A5, 0x30,
	0x30C7, 0x30,
	0x30D7, 0x30,
	/*PHASE PIX2 VCID Setting*/
	0x30A6, 0x00,
	0x30C8, 0x01,
	0x30F3, 0x01,
	/*PHASE PIX2 data type Setting*/
	0x30A7, 0x30,
	0x30C9, 0x30,
	/*PDAF TYPE2 VCID Setting*/
	0x30A2, 0x00,
	0x30C4, 0x01,
	0x30D4, 0x02,
	0x30F1, 0x01,
	/*PDAF TYPE2 data type Setting*/
	0x30A3, 0x30,
	0x30C5, 0x30,
	0x30D5, 0x30,
	/*B1-S1 OB tuned setting*/
	0x38A0, 0x02,
	0x38A1, 0x18,
	0x38A2, 0x00,
	0x38A3, 0xD4,
	0x38A4, 0x02,
	0x38A5, 0xA0,
	0x38A6, 0x00,
	0x38A7, 0xF2,
	0x38D0, 0x01,
	0x38D1, 0xCC,
	0x3B00, 0x01,
	0x3B01, 0x00,
	0x3B08, 0x00,
	0x3B09, 0x00,
	0x38A8, 0x00,
	0x38A9, 0xC2,
	0x38AA, 0x00,
	0x38AB, 0x80,
	0x38AC, 0x02,
	0x38AD, 0xA0,
	0x38AE, 0x00,
	0x38AF, 0xF2,
	0x38D2, 0x00,
	0x38D3, 0xB6,
	0x3B02, 0x01,
	0x3B03, 0x0C,
	0x3B0A, 0x00,
	0x3B0B, 0x00,
};

static u16 imx09a_custom14_setting[] = {
	/*reg_B5*/
	/*2112x1584 @30FPS QBIN(VBIN)-Crop VB_MAX*/
	/*MIPI output setting*/
	0x0112, 0x0A,
	0x0113, 0x0A,
	0x0114, 0x02,
	/*Line Length PCK Setting*/
	0x0342, 0x1D,
	0x0343, 0x60,
	0x3850, 0x00,
	0x3851, 0xB7,
	/*Frame Length Lines Setting*/
	0x0340, 0x11,
	0x0341, 0x10,
	/*ROI Setting*/
	0x0344, 0x00,
	0x0345, 0x00,
	0x0346, 0x05,
	0x0347, 0xC0,
	0x0348, 0x1F,
	0x0349, 0xFF,
	0x034A, 0x12,
	0x034B, 0x3F,
	/*Mode Setting*/
	0x0900, 0x01,
	0x0901, 0x22,
	0x0902, 0x00,
	0x3005, 0x02,
	0x3006, 0x02,
	0x3140, 0x0A,
	0x3144, 0x00,
	0x3146, 0x00,
	0x3148, 0x04,
	0x3180, 0x00,
	0x3188, 0x00,
	0x3190, 0x00,
	0x31E4, 0x41,
	0x31E5, 0x41,
	0x320B, 0x00,
	/*Digital Crop & Scaling*/
	0x0408, 0x03,
	0x0409, 0xE0,
	0x040A, 0x00,
	0x040B, 0x08,
	0x040C, 0x08,
	0x040D, 0x40,
	0x040E, 0x06,
	0x040F, 0x30,
	/*Output Size Setting*/
	0x034C, 0x08,
	0x034D, 0x40,
	0x034E, 0x06,
	0x034F, 0x30,
	/*Clock Setting*/
	0x0301, 0x06,
	0x0303, 0x04,
	0x0305, 0x02,
	0x0306, 0x00,
	0x0307, 0x7C,
	0x030B, 0x08,
	0x030D, 0x18,
	0x030E, 0x0B,
	0x030F, 0x18,
	/*Other Setting*/
	0x3104, 0x01,
	0x3205, 0x00,
	0x3206, 0x01,
	0x3211, 0x01,
	0x3855, 0x00,
	0x38A0, 0x00,
	0x38A1, 0xF2,
	0x38A2, 0x00,
	0x38A3, 0xF2,
	0x38A4, 0x00,
	0x38A5, 0xF2,
	0x38A6, 0x00,
	0x38A7, 0xF2,
	0x38A8, 0x00,
	0x38A9, 0x50,
	0x38AA, 0x00,
	0x38AB, 0x50,
	0x38AC, 0x00,
	0x38AD, 0x50,
	0x38AE, 0x00,
	0x38AF, 0x50,
	0x38D0, 0x02,
	0x38D1, 0x7E,
	0x38D2, 0x00,
	0x38D3, 0xAE,
	0x38F0, 0x00,
	0x38F1, 0x00,
	0x38F2, 0x00,
	0x38F3, 0x00,
	0x38F4, 0x00,
	0x38F5, 0x00,
	0x38F6, 0x00,
	0x38F7, 0x00,
	0x39AC, 0x01,
	0x97C0, 0x02,
	0x97C1, 0x30,
	/*Integration Setting*/
	0x0202, 0x03,
	0x0203, 0xE8,
	0x0224, 0x01,
	0x0225, 0xF4,
	/*Gain Setting*/
	0x0204, 0x13,
	0x0205, 0x34,
	0x020E, 0x01,
	0x020F, 0x00,
	0x0216, 0x00,
	0x0217, 0x00,
	0x0218, 0x01,
	0x0219, 0x00,
	0x3176, 0x01,
	0x3177, 0x00,
	/*DCGHDR Setting*/
	0x3181, 0x00,
	0x3182, 0x04,
	/*PHASE PIX Output Data Setting*/
	0x3979, 0x00,
	0x397B, 0x02,
	0x397C, 0x01,
	/*PDAF TYPE2 Setting*/
	0x3103, 0x00,
	/*DCG+VS Setting*/
	0x3014, 0x00,
	0x31C0, 0x00,
	0x31C2, 0x00,
	0x31C3, 0x00,
	0x31C4, 0x00,
	/*EAE-Bracketing Setting*/
	0x0E00, 0x00,
	/*PHASE PIX1 VCID Setting*/
	0x30A4, 0x00,
	0x30C6, 0x01,
	0x30D6, 0x02,
	0x30F2, 0x01,
	/*PHASE PIX1 data type Setting*/
	0x30A5, 0x30,
	0x30C7, 0x30,
	0x30D7, 0x30,
	/*PHASE PIX2 VCID Setting*/
	0x30A6, 0x00,
	0x30C8, 0x01,
	0x30F3, 0x01,
	/*PHASE PIX2 data type Setting*/
	0x30A7, 0x30,
	0x30C9, 0x30,
	/*PDAF TYPE2 VCID Setting*/
	0x30A2, 0x00,
	0x30C4, 0x01,
	0x30D4, 0x02,
	0x30F1, 0x01,
	/*PDAF TYPE2 data type Setting*/
	0x30A3, 0x30,
	0x30C5, 0x30,
	0x30D5, 0x30,
	/*B1-S1 OB tuned setting*/
	0x38A0, 0x02,
	0x38A1, 0x18,
	0x38A2, 0x00,
	0x38A3, 0xD4,
	0x38A4, 0x02,
	0x38A5, 0xA0,
	0x38A6, 0x00,
	0x38A7, 0xF2,
	0x38D0, 0x01,
	0x38D1, 0xCC,
	0x3B00, 0x01,
	0x3B01, 0x00,
	0x3B08, 0x00,
	0x3B09, 0x00,
	0x38A8, 0x00,
	0x38A9, 0xC2,
	0x38AA, 0x00,
	0x38AB, 0x80,
	0x38AC, 0x02,
	0x38AD, 0xA0,
	0x38AE, 0x00,
	0x38AF, 0xF2,
	0x38D2, 0x00,
	0x38D3, 0xB6,
	0x3B02, 0x01,
	0x3B03, 0x0C,
	0x3B0A, 0x00,
	0x3B0B, 0x00,
};

/* not use, same as mode5*/
static u16 imx09a_custom15_setting[] = {
	/*reg_B2-S1*/
	/*4096x2304 @60FPS QBIN(VBIN) VB_MAX*/
	/*H: 4096*/
	/*V: 2304*/
	/*MIPI output setting*/
	0x0112, 0x0A,
	0x0113, 0x0A,
	0x0114, 0x02,
	/*Line Length PCK Setting*/
	0x0342, 0x1D,
	0x0343, 0x60,
	0x3850, 0x00,
	0x3851, 0x3E,
	/*Frame Length Lines Setting*/
	0x0340, 0x19,
	0x0341, 0x30,
	/*ROI Setting*/
	0x0344, 0x00,
	0x0345, 0x00,
	0x0346, 0x03,
	0x0347, 0x00,
	0x0348, 0x1F,
	0x0349, 0xFF,
	0x034A, 0x14,
	0x034B, 0xFF,
	/*Mode Setting*/
	0x0900, 0x01,
	0x0901, 0x22,
	0x0902, 0x00,
	0x3005, 0x02,
	0x3006, 0x02,
	0x3140, 0x0A,
	0x3144, 0x00,
	0x3146, 0x00,
	0x3148, 0x04,
	0x3180, 0x00,
	0x3188, 0x00,
	0x3190, 0x00,
	0x31E4, 0x41,
	0x31E5, 0x41,
	0x320B, 0x00,
	/*Digital Crop & Scaling*/
	0x0408, 0x00,
	0x0409, 0x00,
	0x040A, 0x00,
	0x040B, 0x00,
	0x040C, 0x10,
	0x040D, 0x00,
	0x040E, 0x09,
	0x040F, 0x00,
	/*Output Size Setting*/
	0x034C, 0x10,
	0x034D, 0x00,
	0x034E, 0x09,
	0x034F, 0x00,
	/*Clock Setting*/
	0x0301, 0x06,
	0x0303, 0x02,
	0x0305, 0x02,
	0x0306, 0x00,
	0x0307, 0xB7,
	0x030B, 0x01,
	0x030D, 0x18,
	0x030E, 0x08,
	0x030F, 0x9B,
	/*Other Setting*/
	0x3104, 0x01,
	0x3205, 0x00,
	0x3206, 0x01,
	0x3211, 0x01,
	0x3855, 0x00,
	0x38A0, 0x00,
	0x38A1, 0xF2,
	0x38A2, 0x00,
	0x38A3, 0xF2,
	0x38A4, 0x00,
	0x38A5, 0xF2,
	0x38A6, 0x00,
	0x38A7, 0xF2,
	0x38A8, 0x00,
	0x38A9, 0x50,
	0x38AA, 0x00,
	0x38AB, 0x50,
	0x38AC, 0x00,
	0x38AD, 0x50,
	0x38AE, 0x00,
	0x38AF, 0x50,
	0x38D0, 0x02,
	0x38D1, 0x7E,
	0x38D2, 0x00,
	0x38D3, 0xAE,
	0x38F0, 0x00,
	0x38F1, 0x00,
	0x38F2, 0x00,
	0x38F3, 0x00,
	0x38F4, 0x00,
	0x38F5, 0x00,
	0x38F6, 0x00,
	0x38F7, 0x00,
	0x39AC, 0x01,
	0x97C0, 0x02,
	0x97C1, 0x30,
	/*Integration Setting*/
	0x0202, 0x03,
	0x0203, 0xE8,
	0x0224, 0x01,
	0x0225, 0xF4,
	/*Gain Setting*/
	0x0204, 0x13,
	0x0205, 0x34,
	0x020E, 0x01,
	0x020F, 0x00,
	0x0216, 0x00,
	0x0217, 0x00,
	0x0218, 0x01,
	0x0219, 0x00,
	0x3176, 0x01,
	0x3177, 0x00,
	/*DCGHDR Setting*/
	0x3181, 0x00,
	0x3182, 0x04,
	/*PHASE PIX Output Data Setting*/
	0x3979, 0x00,
	0x397B, 0x02,
	0x397C, 0x01,
	/*PDAF TYPE2 Setting*/
	0x3103, 0x00,
	/*DCG+VS Setting*/
	0x3014, 0x00,
	0x31C0, 0x00,
	0x31C2, 0x00,
	0x31C3, 0x00,
	0x31C4, 0x00,
	/*EAE-Bracketing Setting*/
	0x0E00, 0x00,
	/*PHASE PIX1 VCID Setting*/
	0x30A4, 0x00,
	0x30C6, 0x01,
	0x30D6, 0x02,
	0x30F2, 0x01,
	/*PHASE PIX1 data type Setting*/
	0x30A5, 0x30,
	0x30C7, 0x30,
	0x30D7, 0x30,
	/*PHASE PIX2 VCID Setting*/
	0x30A6, 0x00,
	0x30C8, 0x01,
	0x30F3, 0x01,
	/*PHASE PIX2 data type Setting*/
	0x30A7, 0x30,
	0x30C9, 0x30,
	/*PDAF TYPE2 VCID Setting*/
	0x30A2, 0x00,
	0x30C4, 0x01,
	0x30D4, 0x02,
	0x30F1, 0x01,
	/*PDAF TYPE2 data type Setting*/
	0x30A3, 0x30,
	0x30C5, 0x30,
	0x30D5, 0x30,
	/*B1-S1 OB tuned setting*/
	0x38A0, 0x02,
	0x38A1, 0x18,
	0x38A2, 0x00,
	0x38A3, 0xD4,
	0x38A4, 0x02,
	0x38A5, 0xA0,
	0x38A6, 0x00,
	0x38A7, 0xF2,
	0x38D0, 0x01,
	0x38D1, 0xCC,
	0x3B00, 0x01,
	0x3B01, 0x00,
	0x3B08, 0x00,
	0x3B09, 0x00,
	0x38A8, 0x00,
	0x38A9, 0xC2,
	0x38AA, 0x00,
	0x38AB, 0x80,
	0x38AC, 0x02,
	0x38AD, 0xA0,
	0x38AE, 0x00,
	0x38AF, 0xF2,
	0x38D2, 0x00,
	0x38D3, 0xB6,
	0x3B02, 0x01,
	0x3B03, 0x0C,
	0x3B0A, 0x00,
	0x3B0B, 0x00,
};

static u16 imx09a_custom16_setting[] = {
	/*reg_B2*/
	/*4096x2304 @120FPS QBIN(VBIN) VB_MAX*/
	/*MIPI output setting*/
	0x0112, 0x0A,
	0x0113, 0x0A,
	0x0114, 0x02,
	/*Line Length PCK Setting*/
	0x0342, 0x1D,
	0x0343, 0x60,
	0x3850, 0x00,
	0x3851, 0x3E,
	/*Frame Length Lines Setting*/
	0x0340, 0x0C,
	0x0341, 0x98,
	/*ROI Setting*/
	0x0344, 0x00,
	0x0345, 0x00,
	0x0346, 0x03,
	0x0347, 0x00,
	0x0348, 0x1F,
	0x0349, 0xFF,
	0x034A, 0x14,
	0x034B, 0xFF,
	/*Mode Setting*/
	0x0900, 0x01,
	0x0901, 0x22,
	0x0902, 0x00,
	0x3005, 0x02,
	0x3006, 0x02,
	0x3140, 0x0A,
	0x3144, 0x00,
	0x3146, 0x00,
	0x3148, 0x04,
	0x3180, 0x00,
	0x3188, 0x00,
	0x3190, 0x00,
	0x31E4, 0x41,
	0x31E5, 0x41,
	0x320B, 0x00,
	/*Digital Crop & Scaling*/
	0x0408, 0x00,
	0x0409, 0x00,
	0x040A, 0x00,
	0x040B, 0x00,
	0x040C, 0x10,
	0x040D, 0x00,
	0x040E, 0x09,
	0x040F, 0x00,
	/*Output Size Setting*/
	0x034C, 0x10,
	0x034D, 0x00,
	0x034E, 0x09,
	0x034F, 0x00,
	/*Clock Setting*/
	0x0301, 0x06,
	0x0303, 0x02,
	0x0305, 0x02,
	0x0306, 0x00,
	0x0307, 0xB7,
	0x030B, 0x02,
	0x030D, 0x18,
	0x030E, 0x0E,
	0x030F, 0x6B,
	/*Other Setting*/
	0x3104, 0x01,
	0x3205, 0x00,
	0x3206, 0x01,
	0x3211, 0x01,
	0x3855, 0x00,
	0x38A0, 0x00,
	0x38A1, 0xF2,
	0x38A2, 0x00,
	0x38A3, 0xF2,
	0x38A4, 0x00,
	0x38A5, 0xF2,
	0x38A6, 0x00,
	0x38A7, 0xF2,
	0x38A8, 0x00,
	0x38A9, 0x50,
	0x38AA, 0x00,
	0x38AB, 0x50,
	0x38AC, 0x00,
	0x38AD, 0x50,
	0x38AE, 0x00,
	0x38AF, 0x50,
	0x38D0, 0x02,
	0x38D1, 0x7E,
	0x38D2, 0x00,
	0x38D3, 0xAE,
	0x38F0, 0x00,
	0x38F1, 0x00,
	0x38F2, 0x00,
	0x38F3, 0x00,
	0x38F4, 0x00,
	0x38F5, 0x00,
	0x38F6, 0x00,
	0x38F7, 0x00,
	0x39AC, 0x01,
	0x97C0, 0x02,
	0x97C1, 0x30,
	/*Integration Setting*/
	0x0202, 0x03,
	0x0203, 0xE8,
	0x0224, 0x01,
	0x0225, 0xF4,
	/*Gain Setting*/
	0x0204, 0x13,
	0x0205, 0x34,
	0x020E, 0x01,
	0x020F, 0x00,
	0x0216, 0x00,
	0x0217, 0x00,
	0x0218, 0x01,
	0x0219, 0x00,
	0x3176, 0x01,
	0x3177, 0x00,
	/*DCGHDR Setting*/
	0x3181, 0x00,
	0x3182, 0x04,
	/*PHASE PIX Output Data Setting*/
	0x3979, 0x00,
	0x397B, 0x02,
	0x397C, 0x01,
	/*PDAF TYPE2 Setting*/
	0x3103, 0x00,
	/*DCG+VS Setting*/
	0x3014, 0x00,
	0x31C0, 0x00,
	0x31C2, 0x00,
	0x31C3, 0x00,
	0x31C4, 0x00,
	/*EAE-Bracketing Setting*/
	0x0E00, 0x00,
	/*PHASE PIX1 VCID Setting*/
	0x30A4, 0x00,
	0x30C6, 0x01,
	0x30D6, 0x02,
	0x30F2, 0x01,
	/*PHASE PIX1 data type Setting*/
	0x30A5, 0x30,
	0x30C7, 0x30,
	0x30D7, 0x30,
	/*PHASE PIX2 VCID Setting*/
	0x30A6, 0x00,
	0x30C8, 0x01,
	0x30F3, 0x01,
	/*PHASE PIX2 data type Setting*/
	0x30A7, 0x30,
	0x30C9, 0x30,
	/*PDAF TYPE2 VCID Setting*/
	0x30A2, 0x00,
	0x30C4, 0x01,
	0x30D4, 0x02,
	0x30F1, 0x01,
	/*PDAF TYPE2 data type Setting*/
	0x30A3, 0x30,
	0x30C5, 0x30,
	0x30D5, 0x30,
	/*B1-S1 OB tuned setting*/
	0x38A0, 0x02,
	0x38A1, 0x18,
	0x38A2, 0x00,
	0x38A3, 0xD4,
	0x38A4, 0x02,
	0x38A5, 0xA0,
	0x38A6, 0x00,
	0x38A7, 0xF2,
	0x38D0, 0x01,
	0x38D1, 0xCC,
	0x3B00, 0x01,
	0x3B01, 0x00,
	0x3B08, 0x00,
	0x3B09, 0x00,
	0x38A8, 0x00,
	0x38A9, 0xC2,
	0x38AA, 0x00,
	0x38AB, 0x80,
	0x38AC, 0x02,
	0x38AD, 0xA0,
	0x38AE, 0x00,
	0x38AF, 0xF2,
	0x38D2, 0x00,
	0x38D3, 0xB6,
	0x3B02, 0x01,
	0x3B03, 0x0C,
	0x3B0A, 0x00,
	0x3B0B, 0x00,
};

static u16 imx09a_custom17_setting[] = {
	/*reg_G1-S1*/
	/*4096x3072 @30FPS QBIN(VBIN) DCG(RAW) DirectMode VB_MAX, HSG*/
	/*MIPI output setting*/
	0x0112, 0x0A,
	0x0113, 0x0A,
	0x0114, 0x02,
	/*Line Length PCK Setting*/
	0x0342, 0x38,
	0x0343, 0xE0,
	0x3850, 0x00,
	0x3851, 0x78,
	/*Frame Length Lines Setting*/
	0x0340, 0x1A,
	0x0341, 0x08,
	/*ROI Setting*/
	0x0344, 0x00,
	0x0345, 0x00,
	0x0346, 0x00,
	0x0347, 0x00,
	0x0348, 0x1F,
	0x0349, 0xFF,
	0x034A, 0x17,
	0x034B, 0xFF,
	/*Mode Setting*/
	0x0900, 0x01,
	0x0901, 0x22,
	0x0902, 0x00,
	0x3005, 0x02,
	0x3006, 0x04,
	0x3140, 0x0A,
	0x3144, 0x00,
	0x3146, 0x00,
	0x3148, 0x04,
	0x3180, 0x01,
	0x3188, 0x00,
	0x3190, 0x00,
	0x31E4, 0x41,
	0x31E5, 0x41,
	0x320B, 0x00,
	/*Digital Crop & Scaling*/
	0x0408, 0x00,
	0x0409, 0x00,
	0x040A, 0x00,
	0x040B, 0x00,
	0x040C, 0x10,
	0x040D, 0x00,
	0x040E, 0x0C,
	0x040F, 0x00,
	/*Output Size Setting*/
	0x034C, 0x10,
	0x034D, 0x00,
	0x034E, 0x0C,
	0x034F, 0x00,
	/*Clock Setting*/
	0x0301, 0x06,
	0x0303, 0x02,
	0x0305, 0x02,
	0x0306, 0x00,
	0x0307, 0xB7,
	0x030B, 0x01,
	0x030D, 0x18,
	0x030E, 0x08,
	0x030F, 0x9B,
	/*Other Setting*/
	0x3104, 0x01,
	0x3205, 0x00,
	0x3206, 0x01,
	0x3211, 0x01,
	0x3855, 0x00,
	0x38A0, 0x00,
	0x38A1, 0x54,
	0x38A2, 0x00,
	0x38A3, 0x54,
	0x38A4, 0x00,
	0x38A5, 0x54,
	0x38A6, 0x00,
	0x38A7, 0x54,
	0x38A8, 0x00,
	0x38A9, 0x54,
	0x38AA, 0x00,
	0x38AB, 0x54,
	0x38AC, 0x00,
	0x38AD, 0x54,
	0x38AE, 0x00,
	0x38AF, 0x54,
	0x38D0, 0x02,
	0x38D1, 0x68,
	0x38D2, 0x02,
	0x38D3, 0x68,
	0x38F0, 0x00,
	0x38F1, 0x00,
	0x38F2, 0x00,
	0x38F3, 0x00,
	0x38F4, 0x00,
	0x38F5, 0x00,
	0x38F6, 0x00,
	0x38F7, 0x00,
	0x39AC, 0x01,
	0x97C0, 0x02,
	0x97C1, 0x30,
	/*Integration Setting*/
	0x0202, 0x03,
	0x0203, 0xE8,
	0x0224, 0x01,
	0x0225, 0xF4,
	/*Gain Setting*/
	0x0204, 0x3D,
	0x0205, 0x34,
	0x020E, 0x01,
	0x020F, 0x00,
	0x0216, 0x13,
	0x0217, 0x40,
	0x0218, 0x01,
	0x0219, 0x00,
	0x3176, 0x01,
	0x3177, 0x00,
	/*DCGHDR Setting*/
	0x3181, 0x01,
	0x3182, 0x04,
	/*PHASE PIX Output Data Setting*/
	0x3979, 0x00,
	0x397B, 0x02,
	0x397C, 0x01,
	/*PDAF TYPE2 Setting*/
	0x3103, 0x02,
	/*DCG+VS Setting*/
	0x3014, 0x00,
	0x31C0, 0x00,
	0x31C2, 0x00,
	0x31C3, 0x00,
	0x31C4, 0x00,
	/*EAE-Bracketing Setting*/
	0x0E00, 0x00,
	/*PHASE PIX1 VCID Setting*/
	0x30A4, 0x00,
	0x30C6, 0x01,
	0x30D6, 0x02,
	0x30F2, 0x01,
	/*PHASE PIX1 data type Setting*/
	0x30A5, 0x30,
	0x30C7, 0x30,
	0x30D7, 0x30,
	/*PHASE PIX2 VCID Setting*/
	0x30A6, 0x00,
	0x30C8, 0x01,
	0x30F3, 0x01,
	/*PHASE PIX2 data type Setting*/
	0x30A7, 0x30,
	0x30C9, 0x30,
	/*PDAF TYPE2 VCID Setting*/
	0x30A2, 0x00,
	0x30C4, 0x01,
	0x30D4, 0x02,
	0x30F1, 0x01,
	/*PDAF TYPE2 data type Setting*/
	0x30A3, 0x30,
	0x30C5, 0x30,
	0x30D5, 0x30,
	/*HDR MIPI output setting*/
	0x319A, 0x0A,
	0x319B, 0x0A,
	/*G1-S2 OB tuned setting*/
	0x38A0, 0x00,
	0x38A1, 0xD8,
	0x38A2, 0x00,
	0x38A3, 0xD8,
	0x38A4, 0x00,
	0x38A5, 0xD8,
	0x38A6, 0x00,
	0x38A7, 0xD8,
	0x38D0, 0x01,
	0x38D1, 0xCE,
	0x3B00, 0x01,
	0x3B01, 0x10,
	0x3B08, 0x01,
	0x3B09, 0x10,
	0x38A8, 0x00,
	0x38A9, 0xD8,
	0x38AA, 0x00,
	0x38AB, 0xD8,
	0x38AC, 0x00,
	0x38AD, 0xD8,
	0x38AE, 0x00,
	0x38AF, 0xD8,
	0x38D2, 0x01,
	0x38D3, 0xCE,
	0x3B02, 0x01,
	0x3B03, 0x10,
	0x3B0A, 0x01,
	0x3B0B, 0x10,
};

/*not use, same as mode11*/
static u16 imx09a_custom18_setting[] = {
	/*reg_L2-S1*/
	/*4096x3072 @30FPS Full(Quad Bayer)-Crop All-PD LBMF_manual VB_MAX, LB-MF LUTA*/
	/*MIPI output setting*/
	0x0112, 0x0A,
	0x0113, 0x0A,
	0x0114, 0x02,
	/*Line Length PCK Setting*/
	0x0342, 0x24,
	0x0343, 0xD0,
	0x3850, 0x00,
	0x3851, 0x4E,
	/*Frame Length Lines Setting*/
	0x0340, 0x28,
	0x0341, 0x3A,
	/*ROI Setting*/
	0x0344, 0x08,
	0x0345, 0x00,
	0x0346, 0x06,
	0x0347, 0x00,
	0x0348, 0x17,
	0x0349, 0xFF,
	0x034A, 0x11,
	0x034B, 0xFF,
	/*Mode Setting*/
	0x0900, 0x00,
	0x0901, 0x11,
	0x0902, 0x02,
	0x3005, 0x00,
	0x3006, 0x00,
	0x3140, 0x0A,
	0x3144, 0x00,
	0x3146, 0x00,
	0x3148, 0x00,
	0x3180, 0x00,
	0x3188, 0x00,
	0x3190, 0x00,
	0x31E4, 0x01,
	0x31E5, 0x01,
	0x320B, 0x00,
	/*Digital Crop & Scaling*/
	0x0408, 0x00,
	0x0409, 0x00,
	0x040A, 0x00,
	0x040B, 0x00,
	0x040C, 0x10,
	0x040D, 0x00,
	0x040E, 0x0C,
	0x040F, 0x00,
	/*Output Size Setting*/
	0x034C, 0x10,
	0x034D, 0x00,
	0x034E, 0x0C,
	0x034F, 0x00,
	/*Clock Setting*/
	0x0301, 0x06,
	0x0303, 0x02,
	0x0305, 0x02,
	0x0306, 0x00,
	0x0307, 0xB7,
	0x030B, 0x01,
	0x030D, 0x18,
	0x030E, 0x08,
	0x030F, 0x9B,
	/*Other Setting*/
	0x3104, 0x01,
	0x3205, 0x00,
	0x3206, 0x01,
	0x3211, 0x01,
	0x3855, 0x01,
	0x38A0, 0x00,
	0x38A1, 0x8A,
	0x38A2, 0x00,
	0x38A3, 0x8A,
	0x38A4, 0x00,
	0x38A5, 0x8A,
	0x38A6, 0x00,
	0x38A7, 0x8A,
	0x38A8, 0x02,
	0x38A9, 0xB4,
	0x38AA, 0x02,
	0x38AB, 0xB4,
	0x38AC, 0x02,
	0x38AD, 0xB4,
	0x38AE, 0x02,
	0x38AF, 0xB4,
	0x38D0, 0x01,
	0x38D1, 0xBC,
	0x38D2, 0x03,
	0x38D3, 0xC2,
	0x38F0, 0x00,
	0x38F1, 0x00,
	0x38F2, 0x00,
	0x38F3, 0x00,
	0x38F4, 0x00,
	0x38F5, 0x00,
	0x38F6, 0x00,
	0x38F7, 0x00,
	0x39AC, 0x01,
	0x97C0, 0x02,
	0x97C1, 0x30,
	/*Integration Setting*/
	0x0202, 0x03,
	0x0203, 0xE8,
	0x0224, 0x01,
	0x0225, 0xF4,
	/*Gain Setting*/
	0x0204, 0x00,
	0x0205, 0x00,
	0x020E, 0x01,
	0x020F, 0x00,
	0x0216, 0x00,
	0x0217, 0x00,
	0x0218, 0x01,
	0x0219, 0x00,
	0x3176, 0x01,
	0x3177, 0x00,
	/*DCGHDR Setting*/
	0x3181, 0x00,
	0x3182, 0x04,
	/*PHASE PIX Output Data Setting*/
	0x3979, 0x00,
	0x397B, 0x02,
	0x397C, 0x01,
	/*PDAF TYPE2 Setting*/
	0x3103, 0x00,
	/*DCG+VS Setting*/
	0x3014, 0x00,
	0x31C0, 0x00,
	0x31C2, 0x00,
	0x31C3, 0x00,
	0x31C4, 0x00,
	/*EAE-Bracketing Setting*/
	0x0E00, 0x02,
	0x0E01, 0x03,
	0x0E02, 0x00,
	0x0E03, 0x00,
	0x0E04, 0x0F,
	0x0E05, 0x30,
	0x0E06, 0xF7,
	0x0E07, 0xFF,
	0x0E08, 0x03,
	0x0E20, 0x13,
	0x0E21, 0xC8,
	0x0E22, 0x00,
	0x0E23, 0x00,
	0x0E24, 0x01,
	0x0E25, 0x00,
	0x0E28, 0x14,
	0x0E29, 0x08,
	0x0E2A, 0x00,
	0x0E2B, 0x2B,
	0x0E2C, 0x00,
	0x0E34, 0x00,
	0x0E35, 0x30,
	0x0E36, 0x00,
	0x0E37, 0x30,
	0x0E3C, 0x00,
	0x0E60, 0x13,
	0x0E61, 0xC8,
	0x0E62, 0x00,
	0x0E63, 0x00,
	0x0E64, 0x01,
	0x0E65, 0x00,
	0x0E68, 0x14,
	0x0E69, 0x08,
	0x0E6A, 0x01,
	0x0E6B, 0x2B,
	0x0E6C, 0x00,
	0x0E74, 0x01,
	0x0E75, 0x30,
	0x0E76, 0x01,
	0x0E77, 0x30,
	0x0E7C, 0x00,
	0x31B0, 0x00,
	0x31B1, 0x00,
	0x31B7, 0x04,
	/*PHASE PIX1 VCID Setting*/
	0x30A4, 0x00,
	0x30C6, 0x01,
	0x30D6, 0x02,
	0x30F2, 0x01,
	/*PHASE PIX1 data type Setting*/
	0x30A5, 0x30,
	0x30C7, 0x30,
	0x30D7, 0x30,
	/*PHASE PIX2 VCID Setting*/
	0x30A6, 0x00,
	0x30C8, 0x01,
	0x30F3, 0x01,
	/*PHASE PIX2 data type Setting*/
	0x30A7, 0x30,
	0x30C9, 0x30,
	/*PDAF TYPE2 VCID Setting*/
	0x30A2, 0x00,
	0x30C4, 0x01,
	0x30D4, 0x02,
	0x30F1, 0x01,
	/*PDAF TYPE2 data type Setting*/
	0x30A3, 0x30,
	0x30C5, 0x30,
	0x30D5, 0x30,
	/*F2-S1 OB default setting*/
	0x38A0, 0x00,
	0x38A1, 0x8A,
	0x38A2, 0x00,
	0x38A3, 0x8A,
	0x38A4, 0x00,
	0x38A5, 0x8A,
	0x38A6, 0x00,
	0x38A7, 0x8A,
	0x38D0, 0x01,
	0x38D1, 0xBC,
	0x3B00, 0x00,
	0x3B01, 0x00,
	0x3B08, 0x00,
	0x3B09, 0x00,
	0x38A8, 0x02,
	0x38A9, 0xB4,
	0x38AA, 0x02,
	0x38AB, 0xB4,
	0x38AC, 0x02,
	0x38AD, 0xB4,
	0x38AE, 0x02,
	0x38AF, 0xB4,
	0x38D2, 0x03,
	0x38D3, 0xC2,
	0x3B02, 0x00,
	0x3B03, 0x00,
	0x3B0A, 0x00,
	0x3B0B, 0x00,
};

/*not use */
static u16 imx09a_custom19_setting[] = {
	/*reg_L1-S1*/
	/*4096x3072 @30FPS QBIN(VBIN) LBMF_Manual VB_MAX, LB-MF LUTA*/
	/*MIPI output setting*/
	0x0112, 0x0A,
	0x0113, 0x0A,
	0x0114, 0x02,
	/*Line Length PCK Setting*/
	0x0342, 0x1D,
	0x0343, 0x60,
	0x3850, 0x00,
	0x3851, 0x3E,
	/*Frame Length Lines Setting*/
	0x0340, 0x28,
	0x0341, 0x3A,
	/*ROI Setting*/
	0x0344, 0x00,
	0x0345, 0x00,
	0x0346, 0x00,
	0x0347, 0x00,
	0x0348, 0x1F,
	0x0349, 0xFF,
	0x034A, 0x17,
	0x034B, 0xFF,
	/*Mode Setting*/
	0x0900, 0x01,
	0x0901, 0x22,
	0x0902, 0x00,
	0x3005, 0x02,
	0x3006, 0x02,
	0x3140, 0x0A,
	0x3144, 0x00,
	0x3146, 0x00,
	0x3148, 0x04,
	0x3180, 0x00,
	0x3188, 0x00,
	0x3190, 0x00,
	0x31E4, 0x41,
	0x31E5, 0x41,
	0x320B, 0x00,
	/*Digital Crop & Scaling*/
	0x0408, 0x00,
	0x0409, 0x00,
	0x040A, 0x00,
	0x040B, 0x00,
	0x040C, 0x10,
	0x040D, 0x00,
	0x040E, 0x0C,
	0x040F, 0x00,
	/*Output Size Setting*/
	0x034C, 0x10,
	0x034D, 0x00,
	0x034E, 0x0C,
	0x034F, 0x00,
	/*Clock Setting*/
	0x0301, 0x06,
	0x0303, 0x02,
	0x0305, 0x02,
	0x0306, 0x00,
	0x0307, 0xB7,
	0x030B, 0x01,
	0x030D, 0x18,
	0x030E, 0x08,
	0x030F, 0x9B,
	/*Other Setting*/
	0x3104, 0x01,
	0x3205, 0x00,
	0x3206, 0x01,
	0x3211, 0x01,
	0x3855, 0x00,
	0x38A0, 0x00,
	0x38A1, 0xF2,
	0x38A2, 0x00,
	0x38A3, 0xF2,
	0x38A4, 0x00,
	0x38A5, 0xF2,
	0x38A6, 0x00,
	0x38A7, 0xF2,
	0x38A8, 0x00,
	0x38A9, 0x50,
	0x38AA, 0x00,
	0x38AB, 0x50,
	0x38AC, 0x00,
	0x38AD, 0x50,
	0x38AE, 0x00,
	0x38AF, 0x50,
	0x38D0, 0x02,
	0x38D1, 0x7E,
	0x38D2, 0x00,
	0x38D3, 0xAE,
	0x38F0, 0x00,
	0x38F1, 0x00,
	0x38F2, 0x00,
	0x38F3, 0x00,
	0x38F4, 0x00,
	0x38F5, 0x00,
	0x38F6, 0x00,
	0x38F7, 0x00,
	0x39AC, 0x01,
	0x97C0, 0x02,
	0x97C1, 0x30,
	/*Integration Setting*/
	0x0202, 0x03,
	0x0203, 0xE8,
	0x0224, 0x01,
	0x0225, 0xF4,
	/*Gain Setting*/
	0x0204, 0x00,
	0x0205, 0x00,
	0x020E, 0x01,
	0x020F, 0x00,
	0x0216, 0x00,
	0x0217, 0x00,
	0x0218, 0x01,
	0x0219, 0x00,
	0x3176, 0x01,
	0x3177, 0x00,
	/*DCGHDR Setting*/
	0x3181, 0x00,
	0x3182, 0x04,
	/*PHASE PIX Output Data Setting*/
	0x3979, 0x00,
	0x397B, 0x02,
	0x397C, 0x01,
	/*PDAF TYPE2 Setting*/
	0x3103, 0x00,
	/*DCG+VS Setting*/
	0x3014, 0x00,
	0x31C0, 0x00,
	0x31C2, 0x00,
	0x31C3, 0x00,
	0x31C4, 0x00,
	/*EAE-Bracketing Setting*/
	0x0E00, 0x02,
	0x0E01, 0x03,
	0x0E02, 0x00,
	0x0E03, 0x00,
	0x0E04, 0x0F,
	0x0E05, 0x30,
	0x0E06, 0xF7,
	0x0E07, 0xFF,
	0x0E08, 0x03,
	0x0E20, 0x18,
	0x0E21, 0xF0,
	0x0E22, 0x13,
	0x0E23, 0x34,
	0x0E24, 0x01,
	0x0E25, 0x00,
	0x0E28, 0x19,
	0x0E29, 0x30,
	0x0E2A, 0x00,
	0x0E2B, 0x2B,
	0x0E2C, 0x00,
	0x0E34, 0x00,
	0x0E35, 0x30,
	0x0E36, 0x00,
	0x0E37, 0x30,
	0x0E3C, 0x00,
	0x0E60, 0x18,
	0x0E61, 0xF0,
	0x0E62, 0x13,
	0x0E63, 0x34,
	0x0E64, 0x01,
	0x0E65, 0x00,
	0x0E68, 0x19,
	0x0E69, 0x30,
	0x0E6A, 0x01,
	0x0E6B, 0x2B,
	0x0E6C, 0x00,
	0x0E74, 0x01,
	0x0E75, 0x30,
	0x0E76, 0x01,
	0x0E77, 0x30,
	0x0E7C, 0x00,
	0x31B0, 0x00,
	0x31B1, 0x00,
	0x31B7, 0x04,
	/*PHASE PIX1 VCID Setting*/
	0x30A4, 0x00,
	0x30C6, 0x01,
	0x30D6, 0x02,
	0x30F2, 0x01,
	/*PHASE PIX1 data type Setting*/
	0x30A5, 0x30,
	0x30C7, 0x30,
	0x30D7, 0x30,
	/*PHASE PIX2 VCID Setting*/
	0x30A6, 0x00,
	0x30C8, 0x01,
	0x30F3, 0x01,
	/*PHASE PIX2 data type Setting*/
	0x30A7, 0x30,
	0x30C9, 0x30,
	/*PDAF TYPE2 VCID Setting*/
	0x30A2, 0x00,
	0x30C4, 0x01,
	0x30D4, 0x02,
	0x30F1, 0x01,
	/*PDAF TYPE2 data type Setting*/
	0x30A3, 0x30,
	0x30C5, 0x30,
	0x30D5, 0x30,
	/*B1-S1 OB tuned setting*/
	0x38A0, 0x02,
	0x38A1, 0x18,
	0x38A2, 0x00,
	0x38A3, 0xD4,
	0x38A4, 0x02,
	0x38A5, 0xA0,
	0x38A6, 0x00,
	0x38A7, 0xF2,
	0x38D0, 0x01,
	0x38D1, 0xCC,
	0x3B00, 0x01,
	0x3B01, 0x00,
	0x3B08, 0x00,
	0x3B09, 0x00,
	0x38A8, 0x00,
	0x38A9, 0xC2,
	0x38AA, 0x00,
	0x38AB, 0x80,
	0x38AC, 0x02,
	0x38AD, 0xA0,
	0x38AE, 0x00,
	0x38AF, 0xF2,
	0x38D2, 0x00,
	0x38D3, 0xB6,
	0x3B02, 0x01,
	0x3B03, 0x0C,
	0x3B0A, 0x00,
	0x3B0B, 0x00,
};

static u16 imx09a_custom20_setting[] = {
	/*reg_G2-S2*/
	/*4096x2560 @30FPS Full-RMSC-Crop DCG(RAW) DirectMode VB_MAX, HSG*/
	/*MIPI output setting*/
	0x0112, 0x0A,
	0x0113, 0x0A,
	0x0114, 0x02,
	/*Line Length PCK Setting*/
	0x0342, 0x48,
	0x0343, 0xF0,
	0x3850, 0x00,
	0x3851, 0x9A,
	/*Frame Length Lines Setting*/
	0x0340, 0x14,
	0x0341, 0x4A,
	/*ROI Setting*/
	0x0344, 0x08,
	0x0345, 0x00,
	0x0346, 0x07,
	0x0347, 0x00,
	0x0348, 0x17,
	0x0349, 0xFF,
	0x034A, 0x10,
	0x034B, 0xFF,
	/*Mode Setting*/
	0x0900, 0x00,
	0x0901, 0x11,
	0x0902, 0x02,
	0x3005, 0x00,
	0x3006, 0x00,
	0x3140, 0x0A,
	0x3144, 0x00,
	0x3146, 0x00,
	0x3148, 0x00,
	0x3180, 0x01,
	0x3188, 0x00,
	0x3190, 0x00,
	0x31E4, 0x01,
	0x31E5, 0x01,
	0x320B, 0x00,
	/*Digital Crop & Scaling*/
	0x0408, 0x00,
	0x0409, 0x00,
	0x040A, 0x00,
	0x040B, 0x00,
	0x040C, 0x10,
	0x040D, 0x00,
	0x040E, 0x0A,
	0x040F, 0x00,
	/*Output Size Setting*/
	0x034C, 0x10,
	0x034D, 0x00,
	0x034E, 0x0A,
	0x034F, 0x00,
	/*Clock Setting*/
	0x0301, 0x06,
	0x0303, 0x02,
	0x0305, 0x02,
	0x0306, 0x00,
	0x0307, 0xB7,
	0x030B, 0x02,
	0x030D, 0x18,
	0x030E, 0x0E,
	0x030F, 0x6B,
	/*Other Setting*/
	0x3104, 0x03,
	0x3205, 0x01,
	0x3206, 0x01,
	0x3211, 0x01,
	0x3855, 0x01,
	0x38A0, 0x00,
	0x38A1, 0x54,
	0x38A2, 0x00,
	0x38A3, 0x54,
	0x38A4, 0x00,
	0x38A5, 0x54,
	0x38A6, 0x00,
	0x38A7, 0x54,
	0x38A8, 0x00,
	0x38A9, 0x54,
	0x38AA, 0x00,
	0x38AB, 0x54,
	0x38AC, 0x00,
	0x38AD, 0x54,
	0x38AE, 0x00,
	0x38AF, 0x54,
	0x38D0, 0x01,
	0x38D1, 0xBC,
	0x38D2, 0x01,
	0x38D3, 0xBC,
	0x38F0, 0x00,
	0x38F1, 0x00,
	0x38F2, 0x00,
	0x38F3, 0x00,
	0x38F4, 0x00,
	0x38F5, 0x00,
	0x38F6, 0x00,
	0x38F7, 0x00,
	0x39AC, 0x01,
	0x97C0, 0x02,
	0x97C1, 0x30,
	/*Integration Setting*/
	0x0202, 0x03,
	0x0203, 0xE8,
	0x0224, 0x01,
	0x0225, 0xF4,
	/*Gain Setting*/
	0x0204, 0x3C,
	0x0205, 0x00,
	0x020E, 0x01,
	0x020F, 0x00,
	0x0216, 0x00,
	0x0217, 0x00,
	0x0218, 0x01,
	0x0219, 0x00,
	0x3176, 0x01,
	0x3177, 0x00,
	/*DCGHDR Setting*/
	0x3181, 0x01,
	0x3182, 0x04,
	/*PHASE PIX Output Data Setting*/
	0x3979, 0x00,
	0x397B, 0x02,
	0x397C, 0x01,
	/*PDAF TYPE2 Setting*/
	0x3103, 0x00,
	/*DCG+VS Setting*/
	0x3014, 0x00,
	0x31C0, 0x00,
	0x31C2, 0x00,
	0x31C3, 0x00,
	0x31C4, 0x00,
	/*EAE-Bracketing Setting*/
	0x0E00, 0x00,
	/*PHASE PIX1 VCID Setting*/
	0x30A4, 0x00,
	0x30C6, 0x01,
	0x30D6, 0x02,
	0x30F2, 0x01,
	/*PHASE PIX1 data type Setting*/
	0x30A5, 0x30,
	0x30C7, 0x30,
	0x30D7, 0x30,
	/*PHASE PIX2 VCID Setting*/
	0x30A6, 0x00,
	0x30C8, 0x01,
	0x30F3, 0x01,
	/*PHASE PIX2 data type Setting*/
	0x30A7, 0x30,
	0x30C9, 0x30,
	/*PDAF TYPE2 VCID Setting*/
	0x30A2, 0x00,
	0x30C4, 0x01,
	0x30D4, 0x02,
	0x30F1, 0x01,
	/*PDAF TYPE2 data type Setting*/
	0x30A3, 0x30,
	0x30C5, 0x30,
	0x30D5, 0x30,
	/*HDR MIPI output setting*/
	0x319A, 0x0A,
	0x319B, 0x0A,
	/*G2-S2 OB default setting*/
	0x38A0, 0x00,
	0x38A1, 0x54,
	0x38A2, 0x00,
	0x38A3, 0x54,
	0x38A4, 0x00,
	0x38A5, 0x54,
	0x38A6, 0x00,
	0x38A7, 0x54,
	0x38D0, 0x01,
	0x38D1, 0xBC,
	0x3B00, 0x00,
	0x3B01, 0x00,
	0x3B08, 0x00,
	0x3B09, 0x00,
	0x38A8, 0x00,
	0x38A9, 0x54,
	0x38AA, 0x00,
	0x38AB, 0x54,
	0x38AC, 0x00,
	0x38AD, 0x54,
	0x38AE, 0x00,
	0x38AF, 0x54,
	0x38D2, 0x01,
	0x38D3, 0xBC,
	0x3B02, 0x00,
	0x3B03, 0x00,
	0x3B0A, 0x00,
	0x3B0B, 0x00,
};

/*reg_B1-S1/mode0 GV1-S1/mode6G1-S1/mode21  L1-S1/mode8 L2-S1/mode11 F1-S1/mode16*/
static u16 imx09a_seamless_preview[] = {
	0x0342, 0x1D,
	0x0343, 0x60,
	0x3851, 0x3E,
	0x0340, 0x32,
	0x0341, 0x64,
	0x0344, 0x00,
	0x0346, 0x00,
	0x0348, 0x1F,
	0x034A, 0x17,
	0x0900, 0x01,
	0x0901, 0x22,
	0x0902, 0x00,
	0x3005, 0x02,
	0x3006, 0x02,
	0x3148, 0x04,
	0x3180, 0x00,
	0x31E4, 0x41,
	0x31E5, 0x41,
	0x040C, 0x10,
	0x040E, 0x0C,
	0x034C, 0x10,
	0x034E, 0x0C,
	0x3855, 0x00,
	0x38A0, 0x00,
	0x38A1, 0xF2,
	0x38A2, 0x00,
	0x38A3, 0xF2,
	0x38A4, 0x00,
	0x38A5, 0xF2,
	0x38A6, 0x00,
	0x38A7, 0xF2,
	0x38A8, 0x00,
	0x38A9, 0x50,
	0x38AA, 0x00,
	0x38AB, 0x50,
	0x38AC, 0x00,
	0x38AD, 0x50,
	0x38AE, 0x00,
	0x38AF, 0x50,
	0x38D0, 0x02,
	0x38D1, 0x7E,
	0x38D2, 0x00,
	0x38D3, 0xAE,
	0x0204, 0x13,
	0x0205, 0x34,
	0x0216, 0x00,
	0x0217, 0x00,
	0x3181, 0x00,
	0x3103, 0x00,
	0x3014, 0x00,
	0x31C0, 0x00,
	0x31C4, 0x00,
	0x0E00, 0x00,
	/*B1-S1 OB tuned setting*/
	0x38A0, 0x02,
	0x38A1, 0x18,
	0x38A2, 0x00,
	0x38A3, 0xD4,
	0x38A4, 0x02,
	0x38A5, 0xA0,
	0x38A6, 0x00,
	0x38A7, 0xF2,
	0x38D0, 0x01,
	0x38D1, 0xCC,
	0x3B00, 0x01,
	0x3B01, 0x00,
	0x3B08, 0x00,
	0x3B09, 0x00,
	0x38A8, 0x00,
	0x38A9, 0xC2,
	0x38AA, 0x00,
	0x38AB, 0x80,
	0x38AC, 0x02,
	0x38AD, 0xA0,
	0x38AE, 0x00,
	0x38AF, 0xF2,
	0x38D2, 0x00,
	0x38D3, 0xB6,
	0x3B02, 0x01,
	0x3B03, 0x0C,
	0x3B0A, 0x00,
	0x3B0B, 0x00,
};

/*B-1/mode1 F3-S2/mode9*/
static u16 imx09a_seamless_capture[] = {
};

/*B1-S2/mode2 G1-S2/mode13 G2-S2/mode24*/
static u16 imx09a_seamless_normal_video[] = {
	0x0342, 0x1D,
	0x0343, 0x60,
	0x3851, 0x3E,
	0x0340, 0x32,
	0x0341, 0x64,
	0x0344, 0x00,
	0x0346, 0x02,
	0x0348, 0x1F,
	0x034A, 0x15,
	0x0900, 0x01,
	0x0901, 0x22,
	0x0902, 0x00,
	0x3005, 0x02,
	0x3006, 0x02,
	0x3148, 0x04,
	0x3180, 0x00,
	0x31E4, 0x41,
	0x31E5, 0x41,
	0x3104, 0x01,
	0x3205, 0x00,
	0x3855, 0x00,
	0x38A1, 0xF2,
	0x38A3, 0xF2,
	0x38A5, 0xF2,
	0x38A7, 0xF2,
	0x38A9, 0x50,
	0x38AB, 0x50,
	0x38AD, 0x50,
	0x38AF, 0x50,
	0x38D0, 0x02,
	0x38D1, 0x7E,
	0x38D2, 0x00,
	0x38D3, 0xAE,
	0x0204, 0x13,
	0x0205, 0x34,
	0x0216, 0x00,
	0x0217, 0x00,
	0x3181, 0x00,
	0x3103, 0x00,
	/*B1-S1 OB tuned setting*/
	0x38A0, 0x02,
	0x38A1, 0x18,
	0x38A2, 0x00,
	0x38A3, 0xD4,
	0x38A4, 0x02,
	0x38A5, 0xA0,
	0x38A6, 0x00,
	0x38A7, 0xF2,
	0x38D0, 0x01,
	0x38D1, 0xCC,
	0x3B00, 0x01,
	0x3B01, 0x00,
	0x3B08, 0x00,
	0x3B09, 0x00,
	0x38A8, 0x00,
	0x38A9, 0xC2,
	0x38AA, 0x00,
	0x38AB, 0x80,
	0x38AC, 0x02,
	0x38AD, 0xA0,
	0x38AE, 0x00,
	0x38AF, 0xF2,
	0x38D2, 0x00,
	0x38D3, 0xB6,
	0x3B02, 0x01,
	0x3B03, 0x0C,
	0x3B0A, 0x00,
	0x3B0B, 0x00,
};

/*reg_B1-S1/mode0 GV1-S1/mode6G1-S1/mode21  L1-S1/mode8 L2-S1/mode11 F1-S1/mode16*/
static u16 imx09a_seamless_custom2[] = {
	/*reg_GV1-S1*/
	/*4096x3072 @30FPS QBIN(VBIN) DCG(RAW) DirectMode +VS Manual VB_MAX, HSG, LUTA*/
	0x0342, 0x24,
	0x0343, 0xD0,
	0x3851, 0x3E,
	0x0340, 0x28,
	0x0341, 0x3A,
	0x0344, 0x00,
	0x0346, 0x00,
	0x0348, 0x1F,
	0x034A, 0x17,
	0x0900, 0x01,
	0x0901, 0x22,
	0x0902, 0x00,
	0x3005, 0x00,
	0x3006, 0x00,
	0x3148, 0x00,
	0x3180, 0x01,
	0x31E4, 0x41,
	0x31E5, 0x41,
	0x040C, 0x10,
	0x040E, 0x0C,
	0x034C, 0x10,
	0x034E, 0x0C,
	0x1000, 0x00,
	0x1001, 0xA8,
	0x1002, 0x00,
	0x1003, 0xA8,
	0x1004, 0x00,
	0x1005, 0xA8,
	0x1006, 0x00,
	0x1007, 0xA8,
	0x1008, 0x00,
	0x1009, 0xA8,
	0x100A, 0x00,
	0x100B, 0xA8,
	0x1024, 0x01,
	0x1025, 0x80,
	0x1026, 0x01,
	0x1027, 0x80,
	0x1028, 0x00,
	0x1029, 0x00,
	0x102A, 0x00,
	0x102B, 0x00,
	0x102C, 0x00,
	0x102D, 0x00,
	0x102E, 0x00,
	0x102F, 0x00,
	0x1100, 0x00,
	0x1101, 0xF2,
	0x1102, 0x00,
	0x1103, 0xF2,
	0x1104, 0x00,
	0x1105, 0xF2,
	0x1106, 0x00,
	0x1107, 0x50,
	0x1108, 0x00,
	0x1109, 0x50,
	0x110A, 0x00,
	0x110B, 0x50,
	0x1124, 0x02,
	0x1125, 0x7E,
	0x1126, 0x00,
	0x1127, 0xAE,
	0x1128, 0x00,
	0x1129, 0x00,
	0x112A, 0x00,
	0x112B, 0x00,
	0x112C, 0x00,
	0x112D, 0x00,
	0x112E, 0x00,
	0x112F, 0x00,
	0x3855, 0x00,
	0x38A0, 0x00,
	0x38A1, 0x00,
	0x38A2, 0x00,
	0x38A3, 0x00,
	0x38A4, 0x00,
	0x38A5, 0x00,
	0x38A6, 0x00,
	0x38A7, 0x00,
	0x38A8, 0x00,
	0x38A9, 0x00,
	0x38AA, 0x00,
	0x38AB, 0x00,
	0x38AC, 0x00,
	0x38AD, 0x00,
	0x38AE, 0x00,
	0x38AF, 0x00,
	0x38D0, 0x00,
	0x38D1, 0x00,
	0x38D2, 0x00,
	0x38D3, 0x00,
	0x0204, 0x00,
	0x0205, 0x00,
	0x0216, 0x13,
	0x0217, 0x40,
	0x3181, 0x01,
	0x3103, 0x00,
	0x3014, 0x01,
	0x31C0, 0x01,
	0x31C4, 0x01,
	0x0E00, 0x02,
	0x0E01, 0x03,
	0x0E02, 0x00,
	0x0E03, 0x00,
	0x0E04, 0x0F,
	0x0E05, 0x30,
	0x0E06, 0x36,
	0x0E07, 0xFF,
	0x0E08, 0x00,
	0x0E20, 0x03,
	0x0E21, 0xE8,
	0x0E22, 0x3D,
	0x0E23, 0x34,
	0x0E24, 0x01,
	0x0E25, 0x00,
	0x0E28, 0x0C,
	0x0E29, 0xF4,
	0x0E2A, 0x00,
	0x0E2B, 0x2B,
	0x0E2C, 0x00,
	0x0E32, 0x00,
	0x0E33, 0x30,
	0x0E34, 0x00,
	0x0E35, 0x30,
	0x0E36, 0x00,
	0x0E37, 0x30,
	0x0E38, 0x13,
	0x0E39, 0x40,
	0x0E3A, 0x01,
	0x0E3B, 0x00,
	0x0E3C, 0x00,
	0x0E3E, 0x38,
	0x0E3F, 0xE0,
	0x0E40, 0x00,
	0x0E41, 0x78,
	0x0E42, 0x00,
	0x0E43, 0x01,
	0x0E44, 0x2B,
	0x0E47, 0x01,
	0x0E48, 0x30,
	0x0E49, 0x01,
	0x0E4A, 0x30,
	0x0E4B, 0x01,
	0x0E4C, 0x30,
	0x0E4F, 0x07,
	0x0E50, 0x02,
	0x0E51, 0x01,
	0x0E53, 0x04,
	0x0E54, 0x01,
	0x0E55, 0x01,
	0x0E56, 0x04,
	0x0E57, 0x00,
	0x0E5C, 0x04,
	0x0E5E, 0x02,
	0x0E60, 0x03,
	0x0E61, 0xE8,
	0x0E62, 0x13,
	0x0E63, 0x34,
	0x0E64, 0x01,
	0x0E65, 0x00,
	0x0E68, 0x19,
	0x0E69, 0x50,
	0x0E6A, 0x02,
	0x0E6B, 0x2B,
	0x0E6C, 0x00,
	0x0E74, 0x02,
	0x0E75, 0x30,
	0x0E76, 0x02,
	0x0E77, 0x30,
	0x0E7C, 0x00,
	0x0E7E, 0x1D,
	0x0E7F, 0x60,
	0x0E80, 0x00,
	0x0E81, 0x3E,
	0x0E82, 0x00,
	0x0E8F, 0x07,
	0x0E90, 0x00,
	0x0E91, 0x01,
	0x0E93, 0x02,
	0x0E9C, 0x04,
	0x0E9E, 0x02,
	0x31B0, 0x00,
	0x31B1, 0x00,
	0x31B7, 0x04,
	0x319A, 0x0A,
	0x319B, 0x0A,
	/*GV1-S1 OB default setting*/
	0x38A0, 0x00,
	0x38A1, 0x00,
	0x38A2, 0x00,
	0x38A3, 0x00,
	0x38A4, 0x00,
	0x38A5, 0x00,
	0x38A6, 0x00,
	0x38A7, 0x00,
	0x38D0, 0x00,
	0x38D1, 0x00,
	0x3B00, 0x00,
	0x3B01, 0x00,
	0x3B08, 0x00,
	0x3B09, 0x00,
	0x38A8, 0x00,
	0x38A9, 0x00,
	0x38AA, 0x00,
	0x38AB, 0x00,
	0x38AC, 0x00,
	0x38AD, 0x00,
	0x38AE, 0x00,
	0x38AF, 0x00,
	0x38D2, 0x00,
	0x38D3, 0x00,
	0x3B02, 0x00,
	0x3B03, 0x00,
	0x3B0A, 0x00,
	0x3B0B, 0x00,
};

/*B4-S4/mode0 A-1/mode7 L1-S4/mode8 L2-S4/mode11 F9-S4/mode16*/
static u16 imx09a_seamless_custom3[] = {
};

/*reg_B1-S1/mode0 GV1-S1/mode6G1-S1/mode21  L1-S1/mode8 L2-S1/mode11 F1-S1/mode16*/
static u16 imx09a_seamless_custom4[] = {
	/*reg_L1-S1*/
	/*4096x3072 @30FPS QBIN(VBIN) LBMF_Manual VB_MAX, LB-MF LUTA*/
	0x0342, 0x1D,
	0x0343, 0x60,
	0x3851, 0x3E,
	0x0340, 0x28,
	0x0341, 0x3A,
	0x0344, 0x00,
	0x0346, 0x00,
	0x0348, 0x1F,
	0x034A, 0x17,
	0x0900, 0x01,
	0x0901, 0x22,
	0x0902, 0x00,
	0x3005, 0x02,
	0x3006, 0x02,
	0x3148, 0x04,
	0x3180, 0x00,
	0x31E4, 0x41,
	0x31E5, 0x41,
	0x040C, 0x10,
	0x040E, 0x0C,
	0x034C, 0x10,
	0x034E, 0x0C,
	0x3855, 0x00,
	0x38A0, 0x00,
	0x38A1, 0xF2,
	0x38A2, 0x00,
	0x38A3, 0xF2,
	0x38A4, 0x00,
	0x38A5, 0xF2,
	0x38A6, 0x00,
	0x38A7, 0xF2,
	0x38A8, 0x00,
	0x38A9, 0x50,
	0x38AA, 0x00,
	0x38AB, 0x50,
	0x38AC, 0x00,
	0x38AD, 0x50,
	0x38AE, 0x00,
	0x38AF, 0x50,
	0x38D0, 0x02,
	0x38D1, 0x7E,
	0x38D2, 0x00,
	0x38D3, 0xAE,
	0x0204, 0x00,
	0x0205, 0x00,
	0x0216, 0x00,
	0x0217, 0x00,
	0x3181, 0x00,
	0x3103, 0x00,
	0x3014, 0x00,
	0x31C0, 0x00,
	0x31C4, 0x00,
	0x0E00, 0x02,
	0x0E01, 0x03,
	0x0E02, 0x00,
	0x0E03, 0x00,
	0x0E04, 0x0F,
	0x0E05, 0x30,
	0x0E06, 0x36,
	0x0E07, 0xFF,
	0x0E08, 0x00,
	0x0E20, 0x18,
	0x0E21, 0xF0,
	0x0E22, 0x13,
	0x0E23, 0x34,
	0x0E24, 0x01,
	0x0E25, 0x00,
	0x0E28, 0x19,
	0x0E29, 0x30,
	0x0E2A, 0x00,
	0x0E2B, 0x2B,
	0x0E2C, 0x00,
	0x0E34, 0x00,
	0x0E35, 0x30,
	0x0E36, 0x00,
	0x0E37, 0x30,
	0x0E3C, 0x00,
	0x0E3E, 0x1D,
	0x0E3F, 0x60,
	0x0E40, 0x00,
	0x0E41, 0x3E,
	0x0E43, 0x03,
	0x0E44, 0x2B,
	0x0E50, 0x00,
	0x0E51, 0x01,
	0x0E53, 0x02,
	0x0E54, 0x00,
	0x0E5C, 0x04,
	0x0E5E, 0x02,
	0x0E60, 0x18,
	0x0E61, 0xF0,
	0x0E62, 0x13,
	0x0E63, 0x34,
	0x0E64, 0x01,
	0x0E65, 0x00,
	0x0E68, 0x19,
	0x0E69, 0x30,
	0x0E6A, 0x01,
	0x0E6B, 0x2B,
	0x0E6C, 0x00,
	0x0E74, 0x01,
	0x0E75, 0x30,
	0x0E76, 0x01,
	0x0E77, 0x30,
	0x0E7C, 0x00,
	0x0E7E, 0x1D,
	0x0E7F, 0x60,
	0x0E80, 0x00,
	0x0E81, 0x3E,
	0x0E90, 0x00,
	0x0E91, 0x01,
	0x0E93, 0x02,
	0x0E9C, 0x04,
	0x0E9E, 0x02,
	0x31B0, 0x00,
	0x31B1, 0x00,
	0x31B7, 0x04,
	/*B1-S1 OB tuned setting*/
	0x38A0, 0x02,
	0x38A1, 0x18,
	0x38A2, 0x00,
	0x38A3, 0xD4,
	0x38A4, 0x02,
	0x38A5, 0xA0,
	0x38A6, 0x00,
	0x38A7, 0xF2,
	0x38D0, 0x01,
	0x38D1, 0xCC,
	0x3B00, 0x01,
	0x3B01, 0x00,
	0x3B08, 0x00,
	0x3B09, 0x00,
	0x38A8, 0x00,
	0x38A9, 0xC2,
	0x38AA, 0x00,
	0x38AB, 0x80,
	0x38AC, 0x02,
	0x38AD, 0xA0,
	0x38AE, 0x00,
	0x38AF, 0xF2,
	0x38D2, 0x00,
	0x38D3, 0xB6,
	0x3B02, 0x01,
	0x3B03, 0x0C,
	0x3B0A, 0x00,
	0x3B0B, 0x00,
};

static u16 imx09a_seamless_custom5[] = {
	/*reg_F2-S1*/
	/*4096x3072 @30FPS Full-RAW-Crop w/ All-PD VB_MAX*/
	0x0342, 0x24,
	0x0343, 0xD0,
	0x3851, 0x4E,
	0x0340, 0x28,
	0x0341, 0x10,
	0x0344, 0x08,
	0x0346, 0x06,
	0x0348, 0x17,
	0x034A, 0x11,
	0x0900, 0x00,
	0x0901, 0x11,
	0x0902, 0x02,
	0x3005, 0x00,
	0x3006, 0x00,
	0x3148, 0x00,
	0x3180, 0x00,
	0x31E4, 0x01,
	0x31E5, 0x01,
	0x040C, 0x10,
	0x040E, 0x0C,
	0x034C, 0x10,
	0x034E, 0x0C,
	0x3855, 0x01,
	0x38A0, 0x00,
	0x38A1, 0x8A,
	0x38A2, 0x00,
	0x38A3, 0x8A,
	0x38A4, 0x00,
	0x38A5, 0x8A,
	0x38A6, 0x00,
	0x38A7, 0x8A,
	0x38A8, 0x02,
	0x38A9, 0xB4,
	0x38AA, 0x02,
	0x38AB, 0xB4,
	0x38AC, 0x02,
	0x38AD, 0xB4,
	0x38AE, 0x02,
	0x38AF, 0xB4,
	0x38D0, 0x01,
	0x38D1, 0xBC,
	0x38D2, 0x03,
	0x38D3, 0xC2,
	0x0204, 0x00,
	0x0205, 0x00,
	0x0216, 0x00,
	0x0217, 0x00,
	0x3181, 0x00,
	0x3103, 0x00,
	0x3014, 0x00,
	0x31C0, 0x00,
	0x31C4, 0x00,
	0x0E00, 0x00,
	/*F2-S1 OB default setting*/
	0x38A0, 0x00,
	0x38A1, 0x8A,
	0x38A2, 0x00,
	0x38A3, 0x8A,
	0x38A4, 0x00,
	0x38A5, 0x8A,
	0x38A6, 0x00,
	0x38A7, 0x8A,
	0x38D0, 0x01,
	0x38D1, 0xBC,
	0x3B00, 0x00,
	0x3B01, 0x00,
	0x3B08, 0x00,
	0x3B09, 0x00,
	0x38A8, 0x02,
	0x38A9, 0xB4,
	0x38AA, 0x02,
	0x38AB, 0xB4,
	0x38AC, 0x02,
	0x38AD, 0xB4,
	0x38AE, 0x02,
	0x38AF, 0xB4,
	0x38D2, 0x03,
	0x38D3, 0xC2,
	0x3B02, 0x00,
	0x3B03, 0x00,
	0x3B0A, 0x00,
	0x3B0B, 0x00,
};

/*reg_B1-S1/mode0 GV1-S1/mode6G1-S1/mode21  L1-S1/mode8 L2-S1/mode11 F1-S1/mode16*/
static u16 imx09a_seamless_custom7[] = {
	/*reg_L2-S1*/
	/*4096x3072 @30FPS Full(Quad Bayer)-Crop All-PD LBMF_manual VB_MAX, LB-MF LUTA*/
	0x0342, 0x24,
	0x0343, 0xD0,
	0x3851, 0x4E,
	0x0340, 0x28,
	0x0341, 0x3A,
	0x0344, 0x08,
	0x0346, 0x06,
	0x0348, 0x17,
	0x034A, 0x11,
	0x0900, 0x00,
	0x0901, 0x11,
	0x0902, 0x02,
	0x3005, 0x00,
	0x3006, 0x00,
	0x3148, 0x00,
	0x3180, 0x00,
	0x31E4, 0x01,
	0x31E5, 0x01,
	0x040C, 0x10,
	0x040E, 0x0C,
	0x034C, 0x10,
	0x034E, 0x0C,
	0x3855, 0x01,
	0x38A0, 0x00,
	0x38A1, 0x8A,
	0x38A2, 0x00,
	0x38A3, 0x8A,
	0x38A4, 0x00,
	0x38A5, 0x8A,
	0x38A6, 0x00,
	0x38A7, 0x8A,
	0x38A8, 0x02,
	0x38A9, 0xB4,
	0x38AA, 0x02,
	0x38AB, 0xB4,
	0x38AC, 0x02,
	0x38AD, 0xB4,
	0x38AE, 0x02,
	0x38AF, 0xB4,
	0x38D0, 0x01,
	0x38D1, 0xBC,
	0x38D2, 0x03,
	0x38D3, 0xC2,
	0x0204, 0x00,
	0x0205, 0x00,
	0x0216, 0x00,
	0x0217, 0x00,
	0x3181, 0x00,
	0x3103, 0x00,
	0x3014, 0x00,
	0x31C0, 0x00,
	0x31C4, 0x00,
	0x0E00, 0x02,
	0x0E01, 0x03,
	0x0E02, 0x00,
	0x0E03, 0x00,
	0x0E04, 0x0F,
	0x0E05, 0x30,
	0x0E06, 0xF7,
	0x0E07, 0xFF,
	0x0E08, 0x03,
	0x0E20, 0x13,
	0x0E21, 0xC8,
	0x0E22, 0x00,
	0x0E23, 0x00,
	0x0E24, 0x01,
	0x0E25, 0x00,
	0x0E28, 0x14,
	0x0E29, 0x08,
	0x0E2A, 0x00,
	0x0E2B, 0x2B,
	0x0E2C, 0x00,
	0x0E34, 0x00,
	0x0E35, 0x30,
	0x0E36, 0x00,
	0x0E37, 0x30,
	0x0E3C, 0x00,
	0x0E60, 0x13,
	0x0E61, 0xC8,
	0x0E62, 0x00,
	0x0E63, 0x00,
	0x0E64, 0x01,
	0x0E65, 0x00,
	0x0E68, 0x14,
	0x0E69, 0x08,
	0x0E6A, 0x01,
	0x0E6B, 0x2B,
	0x0E6C, 0x00,
	0x0E74, 0x01,
	0x0E75, 0x30,
	0x0E76, 0x01,
	0x0E77, 0x30,
	0x0E7C, 0x00,
	0x31B0, 0x00,
	0x31B1, 0x00,
	0x31B7, 0x04,
	/*F2-S1 OB default setting*/
	0x38A0, 0x00,
	0x38A1, 0x8A,
	0x38A2, 0x00,
	0x38A3, 0x8A,
	0x38A4, 0x00,
	0x38A5, 0x8A,
	0x38A6, 0x00,
	0x38A7, 0x8A,
	0x38D0, 0x01,
	0x38D1, 0xBC,
	0x3B00, 0x00,
	0x3B01, 0x00,
	0x3B08, 0x00,
	0x3B09, 0x00,
	0x38A8, 0x02,
	0x38A9, 0xB4,
	0x38AA, 0x02,
	0x38AB, 0xB4,
	0x38AC, 0x02,
	0x38AD, 0xB4,
	0x38AE, 0x02,
	0x38AF, 0xB4,
	0x38D2, 0x03,
	0x38D3, 0xC2,
	0x3B02, 0x00,
	0x3B03, 0x00,
	0x3B0A, 0x00,
	0x3B0B, 0x00,
};

/*B1-S2/mode2 G1-S2/mode13 G2-S2/mode24*/
static u16 imx09a_seamless_custom9[] = {
	0x0342, 0x38,
	0x0343, 0xE0,
	0x3851, 0x78,
	0x0340, 0x1A,
	0x0341, 0x08,
	0x0344, 0x00,
	0x0346, 0x02,
	0x0348, 0x1F,
	0x034A, 0x15,
	0x0900, 0x01,
	0x0901, 0x22,
	0x0902, 0x00,
	0x3005, 0x02,
	0x3006, 0x04,
	0x3148, 0x04,
	0x3180, 0x01,
	0x31E4, 0x41,
	0x31E5, 0x41,
	0x3104, 0x01,
	0x3205, 0x00,
	0x3855, 0x00,
	0x38A1, 0x54,
	0x38A3, 0x54,
	0x38A5, 0x54,
	0x38A7, 0x54,
	0x38A9, 0x54,
	0x38AB, 0x54,
	0x38AD, 0x54,
	0x38AF, 0x54,
	0x38D0, 0x02,
	0x38D1, 0x68,
	0x38D2, 0x02,
	0x38D3, 0x68,
	0x0204, 0x3D,
	0x0205, 0x34,
	0x0216, 0x13,
	0x0217, 0x40,
	0x3181, 0x01,
	0x3103, 0x02,
	0x319A, 0x0A,
	0x319B, 0x0A,
	/*G1-S2 OB tuned setting*/
	0x38A0, 0x00,
	0x38A1, 0xD8,
	0x38A2, 0x00,
	0x38A3, 0xD8,
	0x38A4, 0x00,
	0x38A5, 0xD8,
	0x38A6, 0x00,
	0x38A7, 0xD8,
	0x38D0, 0x01,
	0x38D1, 0xCE,
	0x3B00, 0x01,
	0x3B01, 0x10,
	0x3B08, 0x01,
	0x3B09, 0x10,
	0x38A8, 0x00,
	0x38A9, 0xD8,
	0x38AA, 0x00,
	0x38AB, 0xD8,
	0x38AC, 0x00,
	0x38AD, 0xD8,
	0x38AE, 0x00,
	0x38AF, 0xD8,
	0x38D2, 0x01,
	0x38D3, 0xCE,
	0x3B02, 0x01,
	0x3B03, 0x10,
	0x3B0A, 0x01,
	0x3B0B, 0x10,
};

/*reg_B1-S1/mode0 GV1-S1/mode6G1-S1/mode21  L1-S1/mode8 L2-S1/mode11 F1-S1/mode16*/
static u16 imx09a_seamless_custom12[] = {
	/*reg_F1-S1*/
	/*8192x6144 @30FPS Full(RAW) All-PD VB_MAX*/
	0x0342, 0x2D,
	0x0343, 0x70,
	0x3851, 0x60,
	0x0340, 0x20,
	0x0341, 0x8C,
	0x0344, 0x00,
	0x0346, 0x00,
	0x0348, 0x1F,
	0x034A, 0x17,
	0x0900, 0x00,
	0x0901, 0x11,
	0x0902, 0x02,
	0x3005, 0x00,
	0x3006, 0x00,
	0x3148, 0x00,
	0x3180, 0x00,
	0x31E4, 0x01,
	0x31E5, 0x01,
	0x040C, 0x20,
	0x040E, 0x18,
	0x034C, 0x20,
	0x034E, 0x18,
	0x3855, 0x01,
	0x38A0, 0x02,
	0x38A1, 0x40,
	0x38A2, 0x02,
	0x38A3, 0x40,
	0x38A4, 0x02,
	0x38A5, 0x40,
	0x38A6, 0x02,
	0x38A7, 0x40,
	0x38A8, 0x03,
	0x38A9, 0x00,
	0x38AA, 0x03,
	0x38AB, 0x00,
	0x38AC, 0x03,
	0x38AD, 0x00,
	0x38AE, 0x03,
	0x38AF, 0x00,
	0x38D0, 0x04,
	0x38D1, 0x68,
	0x38D2, 0x04,
	0x38D3, 0xC6,
	0x0204, 0x00,
	0x0205, 0x00,
	0x0216, 0x00,
	0x0217, 0x00,
	0x3181, 0x00,
	0x3103, 0x00,
	0x3014, 0x00,
	0x31C0, 0x00,
	0x31C4, 0x00,
	0x0E00, 0x00,
	/*F1-S1 OB default setting*/
	0x38A0, 0x02,
	0x38A1, 0x40,
	0x38A2, 0x02,
	0x38A3, 0x40,
	0x38A4, 0x02,
	0x38A5, 0x40,
	0x38A6, 0x02,
	0x38A7, 0x40,
	0x38D0, 0x04,
	0x38D1, 0x68,
	0x3B00, 0x00,
	0x3B01, 0x00,
	0x3B08, 0x00,
	0x3B09, 0x00,
	0x38A8, 0x03,
	0x38A9, 0x00,
	0x38AA, 0x03,
	0x38AB, 0x00,
	0x38AC, 0x03,
	0x38AD, 0x00,
	0x38AE, 0x03,
	0x38AF, 0x00,
	0x38D2, 0x04,
	0x38D3, 0xC6,
	0x3B02, 0x00,
	0x3B03, 0x00,
	0x3B0A, 0x00,
	0x3B0B, 0x00,
};

/*reg_B1-S1/mode0 GV1-S1/mode6G1-S1/mode21  L1-S1/mode8 L2-S1/mode11 F1-S1/mode16*/
static u16 imx09a_seamless_custom17[] = {
	/*reg_G1-S1*/
	/*4096x3072 @30FPS QBIN(VBIN) DCG(RAW) DirectMode VB_MAX, HSG*/
	0x0342, 0x38,
	0x0343, 0xE0,
	0x3851, 0x78,
	0x0340, 0x1A,
	0x0341, 0x08,
	0x0344, 0x00,
	0x0346, 0x00,
	0x0348, 0x1F,
	0x034A, 0x17,
	0x0900, 0x01,
	0x0901, 0x22,
	0x0902, 0x00,
	0x3005, 0x02,
	0x3006, 0x04,
	0x3148, 0x04,
	0x3180, 0x01,
	0x31E4, 0x41,
	0x31E5, 0x41,
	0x040C, 0x10,
	0x040E, 0x0C,
	0x034C, 0x10,
	0x034E, 0x0C,
	0x3855, 0x00,
	0x38A0, 0x00,
	0x38A1, 0x54,
	0x38A2, 0x00,
	0x38A3, 0x54,
	0x38A4, 0x00,
	0x38A5, 0x54,
	0x38A6, 0x00,
	0x38A7, 0x54,
	0x38A8, 0x00,
	0x38A9, 0x54,
	0x38AA, 0x00,
	0x38AB, 0x54,
	0x38AC, 0x00,
	0x38AD, 0x54,
	0x38AE, 0x00,
	0x38AF, 0x54,
	0x38D0, 0x02,
	0x38D1, 0x68,
	0x38D2, 0x02,
	0x38D3, 0x68,
	0x0204, 0x3D,
	0x0205, 0x34,
	0x0216, 0x13,
	0x0217, 0x40,
	0x3181, 0x01,
	0x3103, 0x02,
	0x3014, 0x00,
	0x31C0, 0x00,
	0x31C4, 0x00,
	0x0E00, 0x00,
	0x319A, 0x0A,
	0x319B, 0x0A,
	/*G1-S2 OB tuned setting*/
	0x38A0, 0x00,
	0x38A1, 0xD8,
	0x38A2, 0x00,
	0x38A3, 0xD8,
	0x38A4, 0x00,
	0x38A5, 0xD8,
	0x38A6, 0x00,
	0x38A7, 0xD8,
	0x38D0, 0x01,
	0x38D1, 0xCE,
	0x3B00, 0x01,
	0x3B01, 0x10,
	0x3B08, 0x01,
	0x3B09, 0x10,
	0x38A8, 0x00,
	0x38A9, 0xD8,
	0x38AA, 0x00,
	0x38AB, 0xD8,
	0x38AC, 0x00,
	0x38AD, 0xD8,
	0x38AE, 0x00,
	0x38AF, 0xD8,
	0x38D2, 0x01,
	0x38D3, 0xCE,
	0x3B02, 0x01,
	0x3B03, 0x10,
	0x3B0A, 0x01,
	0x3B0B, 0x10,
};

/*B1-S2/mode2 G1-S2/mode13 G2-S2/mode24*/
static u16 imx09a_seamless_custom20[] = {
	0x0342, 0x48,
	0x0343, 0xF0,
	0x3851, 0x9A,
	0x0340, 0x14,
	0x0341, 0x4A,
	0x0344, 0x08,
	0x0346, 0x07,
	0x0348, 0x17,
	0x034A, 0x10,
	0x0900, 0x00,
	0x0901, 0x11,
	0x0902, 0x02,
	0x3005, 0x00,
	0x3006, 0x00,
	0x3148, 0x00,
	0x3180, 0x01,
	0x31E4, 0x01,
	0x31E5, 0x01,
	0x3104, 0x03,
	0x3205, 0x01,
	0x3855, 0x01,
	0x38A1, 0x54,
	0x38A3, 0x54,
	0x38A5, 0x54,
	0x38A7, 0x54,
	0x38A9, 0x54,
	0x38AB, 0x54,
	0x38AD, 0x54,
	0x38AF, 0x54,
	0x38D0, 0x01,
	0x38D1, 0xBC,
	0x38D2, 0x01,
	0x38D3, 0xBC,
	0x0204, 0x3C,
	0x0205, 0x00,
	0x0216, 0x00,
	0x0217, 0x00,
	0x3181, 0x01,
	0x3103, 0x00,
	0x319A, 0x0A,
	0x319B, 0x0A,
	/*G2-S2 OB default setting*/
	0x38A0, 0x00,
	0x38A1, 0x54,
	0x38A2, 0x00,
	0x38A3, 0x54,
	0x38A4, 0x00,
	0x38A5, 0x54,
	0x38A6, 0x00,
	0x38A7, 0x54,
	0x38D0, 0x01,
	0x38D1, 0xBC,
	0x3B00, 0x00,
	0x3B01, 0x00,
	0x3B08, 0x00,
	0x3B09, 0x00,
	0x38A8, 0x00,
	0x38A9, 0x54,
	0x38AA, 0x00,
	0x38AB, 0x54,
	0x38AC, 0x00,
	0x38AD, 0x54,
	0x38AE, 0x00,
	0x38AF, 0x54,
	0x38D2, 0x01,
	0x38D3, 0xBC,
	0x3B02, 0x00,
	0x3B03, 0x00,
	0x3B0A, 0x00,
	0x3B0B, 0x00,
};

#endif /* _IMX09A_SENSOR_SETTING_H */
